movieId,imdbId,tmdbId
1,114709,862.0
2,113497,8844.0
3,113228,15602.0
4,114885,31357.0
5,113041,11862.0
6,113277,949.0
7,114319,11860.0
8,112302,45325.0
9,114576,9091.0
10,113189,710.0
11,112346,9087.0
12,112896,12110.0
13,112453,21032.0
14,113987,10858.0
15,112760,1408.0
16,112641,524.0
17,114388,4584.0
18,113101,5.0
19,112281,9273.0
20,113845,11517.0
21,113161,8012.0
22,112722,1710.0
23,112401,9691.0
24,114168,12665.0
25,113627,451.0
26,114057,16420.0
27,114011,9263.0
28,114117,17015.0
29,112682,902.0
30,115012,37557.0
31,112792,9909.0
32,114746,63.0
34,112431,9598.0
36,112818,687.0
38,113442,33689.0
39,112697,9603.0
40,112749,34615.0
41,114279,31174.0
42,112819,11443.0
43,114272,35196.0
44,113855,9312.0
45,114681,577.0
46,113347,11861.0
47,114369,807.0
48,114148,10530.0
49,114916,8391.0
50,114814,629.0
52,113819,11448.0
53,110299,49133.0
54,112499,26441.0
55,113158,97406.0
57,113321,9089.0
58,110877,11010.0
60,113419,11359.0
61,116260,17182.0
62,113862,2054.0
63,116126,10607.0
64,118002,19760.0
65,115683,9536.0
66,116839,11525.0
68,113149,4482.0
69,113118,10634.0
70,116367,755.0
71,113010,11859.0
72,113537,28387.0
73,113828,48750.0
74,115644,20927.0
75,115676,36929.0
76,114367,9102.0
77,113973,124626.0
78,112744,27526.0
79,116731,9623.0
80,112445,46785.0
81,114660,400.0
82,112379,880.0
83,114039,146599.0
85,112365,8447.0
86,118158,10534.0
87,116151,17414.0
88,115697,13997.0
89,113972,2086.0
92,117002,9095.0
93,114825,12158.0
94,115639,9283.0
95,115759,9208.0
96,113403,40154.0
97,113247,406.0
99,113283,63076.0
100,115907,11062.0
101,115734,13685.0
102,117102,47475.0
103,118040,2045.0
104,116483,9614.0
105,112579,688.0
106,110251,11907.0
107,117110,10874.0
108,112646,89333.0
110,112573,197.0
111,75314,103.0
112,113326,33542.0
113,115645,43566.0
116,112373,51352.0
117,115033,16934.0
118,116606,10324.0
119,114536,78406.0
121,106473,32119.0
122,103859,11066.0
123,109424,11104.0
125,116324,2074.0
126,110647,27793.0
128,110217,290157.0
129,114131,110972.0
132,113451,11863.0
135,116130,9101.0
137,113756,5757.0
140,118055,9302.0
141,115685,11000.0
144,112585,16388.0
145,112442,9737.0
146,112342,30765.0
147,112461,10474.0
148,112427,22279.0
149,109093,30157.0
150,112384,568.0
151,114287,11780.0
152,112288,34996.0
153,112462,414.0
154,61395,649.0
155,112495,1873.0
156,112541,5894.0
157,109370,1775.0
158,112642,8839.0
159,112688,20649.0
160,112715,10329.0
161,112740,8963.0
162,109508,26564.0
163,112851,8068.0
164,112857,8512.0
165,112864,1572.0
166,112887,13552.0
168,113071,6520.0
169,113114,9073.0
170,113243,10428.0
171,113464,17447.0
172,113481,9886.0
173,113492,9482.0
174,113500,19326.0
175,113540,9344.0
176,113677,9071.0
177,113690,8973.0
178,107447,15730.0
179,113729,47608.0
180,113749,2293.0
181,113820,9070.0
183,110604,48787.0
184,110620,34574.0
185,113957,1642.0
186,113986,11472.0
187,114095,36196.0
188,114194,11980.0
189,114241,58372.0
190,114323,32646.0
191,114345,10533.0
193,114436,10802.0
194,114478,10149.0
195,114496,18402.0
196,114508,9348.0
198,114558,281.0
199,58450,5967.0
201,114663,47939.0
202,114702,36834.0
203,114682,9090.0
204,114781,3512.0
205,114798,52856.0
206,114805,77350.0
207,114887,9560.0
208,114898,9804.0
209,114928,31611.0
210,114938,65796.0
211,109340,49805.0
212,112602,26258.0
213,111579,50797.0
214,110882,19155.0
215,112471,76.0
216,112508,11017.0
217,112438,37141.0
218,112571,9382.0
219,112757,6715.0
220,112643,18256.0
222,112679,22625.0
223,109445,2292.0
224,112883,1909.0
225,109635,8984.0
227,109676,4954.0
228,112854,62488.0
229,109579,10531.0
230,109642,11929.0
231,109686,8467.0
232,111797,10451.0
233,109759,20156.0
234,109758,18395.0
235,109707,522.0
236,113117,397.0
237,113097,10525.0
238,113028,27985.0
239,113198,15789.0
240,113303,27303.0
241,113089,21183.0
242,109771,10954.0
243,113199,47867.0
246,110057,14275.0
247,110005,1024.0
248,110066,17207.0
249,110116,13701.0
250,110006,14819.0
251,113360,32631.0
252,110099,11777.0
253,110148,628.0
254,113463,87729.0
255,110189,18713.0
256,110216,6280.0
257,113501,9061.0
258,113538,37108.0
259,113552,6071.0
260,76759,11.0
261,110367,9587.0
262,113670,19101.0
263,110296,49980.0
265,103994,18183.0
266,110322,4476.0
267,110443,11008.0
269,107566,32325.0
270,110391,43742.0
271,113691,28313.0
272,110428,11318.0
273,109836,3036.0
274,113755,40490.0
275,110538,24070.0
276,110516,8986.0
277,110527,10510.0
278,113808,17402.0
279,113896,38722.0
280,113870,8438.0
281,110684,11593.0
282,110638,1945.0
283,113967,39310.0
284,117169,109560.0
285,106402,56428.0
287,110671,131957.0
288,110632,241.0
289,110737,9058.0
290,110729,527.0
291,114151,18220.0
292,114069,6950.0
293,110413,101.0
294,114113,63020.0
295,114210,2307.0
296,110912,680.0
298,105652,25296.0
299,110889,40156.0
300,110932,11450.0
301,114129,30304.0
302,110963,10452.0
303,114214,12106.0
304,114296,161495.0
305,110907,3586.0
306,111495,110.0
307,108394,108.0
308,111507,109.0
310,114268,36357.0
311,110965,92769.0
312,114571,28033.0
313,111333,22586.0
314,111112,14334.0
315,111255,2636.0
316,111282,2164.0
317,111070,11395.0
318,111161,278.0
319,111149,9905.0
320,108260,87078.0
321,106966,12527.0
322,114594,20306.0
324,111309,36614.0
325,113936,27993.0
326,110081,31439.0
327,114614,9067.0
328,114608,9059.0
329,111280,193.0
330,114609,25066.0
331,111454,46797.0
332,114852,12122.0
333,114694,11381.0
334,111590,32636.0
335,114788,36141.0
336,114888,95963.0
337,108550,1587.0
338,114857,9271.0
339,114924,2064.0
340,111667,19855.0
341,109655,60855.0
342,110598,236.0
343,112435,48287.0
344,109040,3049.0
345,109045,2759.0
346,106339,12635.0
347,104779,10497.0
348,109348,11382.0
349,109444,9331.0
350,109446,10731.0
351,109484,10464.0
352,109504,34152.0
353,109506,9495.0
354,109450,29973.0
355,109813,888.0
356,109830,13.0
357,109831,712.0
358,113305,16295.0
359,110091,48992.0
360,110093,10879.0
361,110167,10660.0
362,110213,10714.0
363,107472,41647.0
364,110357,8587.0
365,107426,1689.0
366,111686,11596.0
367,110475,854.0
368,110478,9359.0
369,110588,23333.0
370,110622,36593.0
371,110771,12280.0
372,110950,2788.0
373,105226,10427.0
374,110989,11011.0
376,110997,8987.0
377,111257,1637.0
378,111256,15128.0
379,111438,8831.0
380,111503,36955.0
381,111693,10449.0
382,111742,10395.0
383,111756,12160.0
384,112443,40480.0
385,110455,52038.0
386,111048,29444.0
387,110399,26352.0
388,112570,39953.0
389,109454,41580.0
390,59170,315.0
391,110186,22067.0
393,111301,11667.0
405,110027,8011.0
406,109785,171857.0
407,113409,2654.0
408,109021,18069.0
409,109035,19092.0
410,106220,2758.0
412,106226,10436.0
413,109068,13595.0
414,109067,46094.0
415,106292,9409.0
416,109198,11853.0
417,109219,16771.0
418,106379,46924.0
419,106400,11041.0
420,109254,306.0
421,109279,14522.0
422,109297,26203.0
423,109303,178.0
424,109305,19819.0
425,109306,57834.0
426,106452,4722.0
427,106471,18215.0
428,106489,1607.0
429,109361,26391.0
430,106505,117553.0
431,106519,6075.0
432,109439,11310.0
433,109443,18658.0
434,106582,9350.0
435,106598,9612.0
436,109456,2124.0
437,109480,26261.0
438,109493,19176.0
440,106673,11566.0
441,106677,9571.0
442,106697,9739.0
444,106834,34444.0
445,106873,26141.0
446,106332,10997.0
448,106881,10443.0
449,106880,20239.0
450,111732,16297.0
451,106926,18551.0
452,111712,25440.0
453,106941,9024.0
454,106918,37233.0
455,106965,1634.0
456,109842,13815.0
457,106977,5503.0
458,107004,35588.0
459,109890,2087.0
460,109891,41579.0
461,109913,18620.0
464,107076,2019.0
466,107144,9255.0
467,113674,26271.0
468,112966,10612.0
469,107151,2259.0
470,110064,16097.0
471,110074,11934.0
472,110097,106143.0
473,110123,12475.0
474,107206,9386.0
475,107207,7984.0
476,110137,59930.0
477,108551,15765.0
478,110197,31643.0
479,107286,6.0
480,107290,329.0
481,107302,10909.0
482,110265,507.0
484,110305,29918.0
485,107362,9593.0
486,107413,42580.0
487,110353,22317.0
488,107468,1413.0
489,107478,12121.0
490,107497,2246.0
491,107501,10502.0
492,107507,10440.0
493,107554,9516.0
494,116253,2320.0
495,74102,5879.0
496,111689,83718.0
497,107616,11971.0
499,107613,31911.0
500,107614,788.0
501,107653,21450.0
502,110657,11231.0
504,110678,10447.0
505,110687,31586.0
506,107756,9300.0
507,107808,9559.0
508,107818,9800.0
509,107822,713.0
510,107840,8291.0
511,107889,18133.0
512,111003,25557.0
513,110939,22588.0
514,110955,10872.0
515,107943,1245.0
516,110971,11858.0
517,107969,7007.0
518,111001,10467.0
519,107978,5550.0
520,107977,8005.0
521,107983,2088.0
522,105275,10412.0
523,108000,47889.0
524,108002,14534.0
526,105032,41878.0
527,108052,424.0
528,111094,35233.0
529,108065,14291.0
531,108071,11236.0
532,111127,11592.0
533,111143,8850.0
534,108101,10445.0
535,108122,695.0
536,111194,43535.0
537,111201,12519.0
538,108149,23210.0
539,108160,858.0
540,108162,867.0
541,83658,78.0
542,108186,13203.0
543,108174,10442.0
544,108238,11074.0
546,108255,9607.0
547,111323,17585.0
548,111400,9057.0
549,108328,20967.0
550,111418,10635.0
551,107688,9479.0
552,108333,10057.0
553,108358,11969.0
555,108399,319.0
556,108515,26408.0
558,110763,15139.0
562,114906,11446.0
563,107002,51980.0
564,109403,24405.0
567,107315,8223.0
568,106408,14587.0
569,110363,31504.0
573,107225,23637.0
574,111252,17600.0
575,110366,10897.0
577,109120,21352.0
579,108059,68806.0
580,110892,37345.0
581,112651,32562.0
583,109382,25403.0
585,112572,9066.0
586,99785,771.0
587,99653,251.0
588,103639,812.0
589,103064,280.0
590,99348,581.0
592,96895,268.0
593,102926,274.0
594,29583,408.0
595,101414,10020.0
596,32910,10895.0
597,100405,114.0
599,65214,576.0
600,110395,15477.0
602,109934,124472.0
605,117247,7300.0
606,112625,10824.0
608,116282,275.0
609,116552,25059.0
610,82509,11827.0
611,116514,8766.0
612,117283,23570.0
613,116684,47333.0
615,70506,51242.0
616,65421,10112.0
617,113083,4307.0
618,118001,46029.0
619,116165,32308.0
626,117891,28121.0
627,113613,12520.0
628,117381,1592.0
631,115509,19042.0
632,114671,38884.0
633,112844,47449.0
634,114658,36259.0
635,116275,41852.0
636,113122,40926.0
637,117608,9099.0
638,113448,2021.0
639,116414,61752.0
640,116095,10988.0
645,113947,12652.0
647,115956,10684.0
648,117060,954.0
649,109028,68445.0
650,117071,18989.0
653,116136,8840.0
656,116168,11107.0
661,116683,10539.0
662,116287,10543.0
663,116768,18414.0
665,114787,11902.0
667,112536,25087.0
668,48473,5801.0
670,52572,896.0
671,117128,3065.0
673,117705,2300.0
674,62711,8069.0
678,108181,27768.0
679,114307,221917.0
680,58898,8072.0
685,113443,33245.0
688,114048,27281.0
691,117104,40001.0
692,117688,29621.0
694,117774,20762.0
695,114736,37144.0
697,116289,12656.0
698,109593,38867.0
700,112368,25969.0
703,115742,43634.0
704,117420,9103.0
706,117784,29649.0
707,117107,10990.0
708,117979,8866.0
709,95776,12233.0
710,115851,23449.0
711,116322,36355.0
714,112817,922.0
715,113362,11876.0
718,108500,11687.0
719,117108,9304.0
720,118114,503475.0
722,113270,73183.0
724,115963,9100.0
725,116448,20759.0
726,116827,46063.0
728,112701,32513.0
731,116508,36915.0
733,117500,9802.0
735,109592,21588.0
736,117998,664.0
737,115624,11867.0
741,113568,9323.0
742,117894,10280.0
743,117723,10535.0
745,112691,532.0
747,117768,16299.0
748,115571,10547.0
750,57012,935.0
757,109688,40751.0
759,110480,85778.0
760,108211,11101.0
761,117331,9826.0
762,117765,9879.0
764,113280,22621.0
765,116669,7095.0
766,116594,26890.0
773,70820,77771.0
775,63715,41225.0
778,117951,627.0
779,118523,32872.0
780,116629,602.0
781,117737,14553.0
782,116277,9566.0
783,116583,10545.0
784,115798,9894.0
785,116778,11543.0
786,116213,9268.0
788,117218,9327.0
790,111546,81949.0
791,113610,
795,111237,44535.0
798,116040,11228.0
799,116365,10779.0
800,116905,26748.0
801,116493,38223.0
802,117333,9294.0
803,118113,49963.0
804,117628,11363.0
805,117913,1645.0
806,115530,31546.0
808,115493,36344.0
809,116320,18550.0
810,116756,11511.0
813,116823,34170.0
818,118073,12606.0
823,61495,4837.0
824,110246,12632.0
828,115472,18975.0
829,116707,11962.0
830,116313,2925.0
832,117438,3595.0
833,116531,9308.0
835,116353,18555.0
836,115857,12123.0
837,117008,10830.0
838,116191,3573.0
839,115986,10546.0
840,116571,18862.0
841,53459,31417.0
842,117826,9431.0
848,117718,47907.0
849,116225,10061.0
851,115632,549.0
852,117918,10478.0
858,68646,238.0
861,104558,11134.0
866,115736,9303.0
867,115836,23945.0
869,116745,22479.0
870,119214,9054.0
875,110693,410921.0
876,106544,38955.0
879,120004,11015.0
880,116654,9306.0
881,116311,12559.0
882,117965,58770.0
885,115725,3587.0
886,115783,10723.0
888,113596,19004.0
889,109001,101230.0
891,113253,10987.0
892,117991,44705.0
893,117093,20318.0
896,111019,26933.0
897,35896,27854.0
898,32904,981.0
899,45152,872.0
900,43278,2769.0
901,50419,13320.0
902,54698,164.0
903,52357,426.0
904,47396,567.0
905,25316,3078.0
906,36855,13528.0
907,25164,28288.0
908,53125,213.0
909,53604,284.0
910,53291,239.0
911,56923,4808.0
912,34583,289.0
913,33870,963.0
914,58385,11113.0
915,47437,6620.0
916,46250,804.0
917,31580,26531.0
918,37059,909.0
919,32138,630.0
920,31381,770.0
921,84370,31044.0
922,43014,599.0
923,33467,15.0
924,62622,62.0
926,42192,705.0
927,32143,22490.0
928,32976,223.0
929,32484,25670.0
930,38787,303.0
931,38109,4174.0
932,50105,8356.0
933,48728,381.0
934,42451,20758.0
935,45537,29376.0
936,31725,1859.0
937,50658,18299.0
938,51658,17281.0
940,29843,10907.0
941,32762,32093.0
942,37008,1939.0
943,39420,22292.0
944,29162,3598.0
945,27125,3080.0
946,35446,198.0
947,28010,13562.0
948,49261,1712.0
949,48028,220.0
950,25878,3529.0
951,32599,3085.0
952,48960,2897.0
953,38650,1585.0
954,31679,3083.0
955,29947,900.0
956,34012,43795.0
959,25586,43905.0
961,27893,23114.0
963,41509,40206.0
965,26029,260.0
968,63350,10331.0
969,43265,488.0
970,46414,22733.0
971,51459,261.0
973,33891,32574.0
976,22879,22649.0
979,114007,125587.0
981,118927,52855.0
982,48491,39940.0
984,117357,85328.0
986,116329,11076.0
987,118742,63945.0
988,116442,58985.0
990,117011,10861.0
991,117039,1770.0
993,116635,2033.0
994,115678,18203.0
996,116830,9333.0
998,117603,9400.0
999,115438,9401.0
1003,116259,11306.0
1004,116421,9625.0
1005,116000,10680.0
1006,115862,6346.0
1007,72653,18660.0
1008,47977,35115.0
1009,72951,14821.0
1010,64603,14136.0
1011,71607,10869.0
1012,50798,22660.0
1013,55277,19186.0
1014,54195,31102.0
1015,107131,6878.0
1016,53271,15944.0
1017,54357,18444.0
1018,59793,20723.0
1019,46672,173.0
1020,106611,864.0
1021,109127,24795.0
1022,42332,11224.0
1023,63819,81310.0
1024,38166,15947.0
1025,57546,9078.0
1027,102798,8367.0
1028,58331,433.0
1029,33563,11360.0
1030,76538,11114.0
1031,66817,12335.0
1032,43274,12092.0
1033,82406,10948.0
1034,116361,11229.0
1035,59742,15121.0
1036,95016,562.0
1037,104692,10163.0
1040,117582,47199.0
1041,117589,11159.0
1042,117887,9591.0
1043,117924,30500.0
1046,115640,10938.0
1047,116908,11412.0
1049,116409,10586.0
1050,116913,42314.0
1051,117958,27845.0
1053,117202,23223.0
1054,116404,49471.0
1055,120107,38153.0
1056,116722,25147.0
1057,116242,9716.0
1059,117509,454.0
1060,117802,10218.0
1061,117665,819.0
1064,115491,11238.0
1066,29546,31530.0
1068,39286,28120.0
1073,67992,252.0
1076,55018,16372.0
1077,70707,11561.0
1078,66808,11302.0
1079,95159,623.0
1080,79470,583.0
1081,84865,12614.0
1082,68334,21711.0
1083,59243,11575.0
1084,61418,475.0
1085,52027,11331.0
1086,46912,521.0
1088,92890,88.0
1089,105236,500.0
1090,91763,792.0
1091,98627,8491.0
1092,103772,402.0
1093,101761,10537.0
1094,104036,11386.0
1095,104348,9504.0
1096,84707,15764.0
1097,83866,601.0
1099,29992,25842.0
1100,99371,2119.0
1101,92099,744.0
1103,48545,221.0
1104,44081,702.0
1105,115885,25750.0
1107,102336,
1111,117040,9305.0
1112,117284,37616.0
1114,116378,21612.0
1116,113057,102461.0
1117,116581,36998.0
1119,112907,116844.0
1120,117318,1630.0
1121,116422,26626.0
1123,117320,124837.0
1124,82846,11816.0
1125,72081,11843.0
1126,101775,10379.0
1127,96754,2756.0
1128,80749,790.0
1129,82340,1103.0
1130,82533,11298.0
1131,91288,4480.0
1132,91480,4481.0
1135,81375,10765.0
1136,71853,762.0
1137,116587,44497.0
1140,116212,99479.0
1144,116886,124829.0
1147,118147,10548.0
1148,108598,531.0
1150,84589,4483.0
1151,109781,18919.0
1156,34493,61461.0
1161,78875,659.0
1162,69198,30892.0
1163,110521,86369.0
1167,116059,38554.0
1170,112483,36555.0
1171,103850,10608.0
1172,95765,11216.0
1173,97108,7452.0
1175,101700,892.0
1176,101765,1600.0
1177,101811,26561.0
1178,50825,975.0
1179,99703,18129.0
1180,102014,54405.0
1183,116209,409.0
1184,102426,38251.0
1185,97937,10161.0
1186,98724,1412.0
1187,105107,41768.0
1188,105488,10409.0
1189,96257,14285.0
1190,101026,2469.0
1191,102370,10174.0
1192,100332,31225.0
1193,73486,510.0
1194,78446,11455.0
1196,80684,1891.0
1197,93779,2493.0
1198,82971,85.0
1199,88846,68.0
1200,90605,679.0
1201,60196,429.0
1202,94336,13446.0
1203,50083,389.0
1204,56172,947.0
1206,66921,185.0
1207,56592,595.0
1208,78788,28.0
1209,64116,335.0
1210,86190,1892.0
1211,93191,144.0
1212,41959,1092.0
1213,99685,769.0
1214,78748,348.0
1215,106308,766.0
1216,95250,175.0
1217,89881,11645.0
1218,97202,10835.0
1219,54215,539.0
1220,80455,525.0
1221,71562,240.0
1222,93058,600.0
1223,104361,530.0
1224,97499,10705.0
1225,86879,279.0
1226,45061,3109.0
1227,87843,311.0
1228,81398,1578.0
1230,75686,703.0
1231,86197,9549.0
1232,79944,1398.0
1233,82096,387.0
1234,70735,9277.0
1235,67185,343.0
1236,103130,37291.0
1237,50976,490.0
1238,85859,11235.0
1240,88247,218.0
1241,103873,763.0
1242,97441,9665.0
1243,100519,18971.0
1244,79522,696.0
1245,100150,379.0
1246,97165,207.0
1247,61722,37247.0
1248,52311,1480.0
1249,100263,9322.0
1250,50212,826.0
1251,56801,422.0
1252,71315,829.0
1253,43456,828.0
1254,40897,3090.0
1255,92610,9964.0
1256,23969,3063.0
1257,88794,13667.0
1258,81505,694.0
1259,92005,235.0
1260,22100,832.0
1261,92991,765.0
1262,57115,5925.0
1263,77416,11778.0
1264,82269,4485.0
1265,107048,137.0
1266,105695,33.0
1267,56218,982.0
1268,100436,8428.0
1269,36613,212.0
1270,88763,105.0
1271,101921,1633.0
1272,66206,11202.0
1273,90967,1554.0
1274,94625,149.0
1275,91203,8009.0
1276,61512,903.0
1277,99334,11673.0
1278,72431,3034.0
1279,102536,339.0
1280,101640,10404.0
1281,32553,914.0
1282,32455,756.0
1283,44706,288.0
1284,38355,910.0
1285,97493,2640.0
1286,81534,16633.0
1287,52618,665.0
1288,88258,11031.0
1289,85809,11314.0
1290,94006,15143.0
1291,97576,89.0
1292,78841,10322.0
1293,83987,783.0
1295,96332,10644.0
1296,91867,11257.0
1297,89886,14370.0
1298,84503,12104.0
1299,87553,625.0
1300,89606,8816.0
1301,49223,830.0
1302,97351,2323.0
1303,73341,983.0
1304,64115,642.0
1305,87884,655.0
1306,101458,10341.0
1307,98635,639.0
1310,116589,30180.0
1312,116293,41801.0
1318,112537,18762.0
1320,103644,8077.0
1321,82010,814.0
1322,103678,41671.0
1323,85159,27214.0
1324,115535,52263.0
1325,106262,33519.0
1326,83550,16235.0
1327,78767,11449.0
1328,99030,41848.0
1329,71233,25944.0
1330,90655,24913.0
1331,75704,49126.0
1332,92632,32076.0
1333,56869,571.0
1334,51418,8851.0
1335,82083,37843.0
1336,101492,32146.0
1337,37549,30346.0
1339,103874,6114.0
1340,26138,229.0
1341,74258,13549.0
1342,103919,9529.0
1343,101540,1598.0
1344,55824,11349.0
1345,74285,7340.0
1346,83722,6217.0
1347,87800,377.0
1348,13442,653.0
1349,91651,28198.0
1350,75005,794.0
1351,115710,31640.0
1352,115495,8744.0
1353,117057,25189.0
1354,115751,145.0
1355,119791,2212.0
1356,117731,199.0
1357,117631,7863.0
1358,117666,12498.0
1359,116705,9279.0
1361,117293,17204.0
1363,117372,21539.0
1365,117477,12709.0
1366,115988,20539.0
1367,115433,11674.0
1370,99423,1573.0
1371,79945,152.0
1372,102975,174.0
1373,98382,172.0
1374,84726,154.0
1375,88170,157.0
1376,92007,168.0
1377,103776,364.0
1378,96487,11967.0
1379,100994,9086.0
1380,77631,621.0
1381,84021,9037.0
1382,100114,10173.0
1385,105690,8845.0
1387,73195,578.0
1388,77766,579.0
1389,85750,17692.0
1390,117119,17795.0
1391,116996,75.0
1392,115906,13891.0
1393,116695,9390.0
1394,93822,378.0
1395,94155,10896.0
1396,105435,2322.0
1397,115633,41240.0
1398,116621,26949.0
1399,116999,9819.0
1401,116410,31908.0
1405,115641,3179.0
1406,112769,1802.0
1407,117571,4232.0
1408,104691,9361.0
1409,117038,2928.0
1411,116477,10549.0
1412,117690,58102.0
1413,118163,18451.0
1414,117091,27265.0
1415,118100,49935.0
1416,116250,8818.0
1417,117364,36758.0
1419,67959,36040.0
1422,119731,9415.0
1423,116506,55146.0
1425,119115,12145.0
1426,120550,42424.0
1427,120390,34314.0
1428,112362,2892.0
1429,116704,9404.0
1430,120414,85242.0
1431,118708,9622.0
1432,119664,8860.0
1437,106535,14832.0
1438,118928,9619.0
1439,119644,40506.0
1440,106266,31000.0
1441,106387,4104.0
1442,119937,26306.0
1445,119640,14908.0
1446,116790,784.0
1447,119225,12489.0
1449,118111,16448.0
1453,118691,17894.0
1454,120238,28059.0
1456,119887,17949.0
1457,119141,1968.0
1458,120357,61563.0
1459,118548,66.0
1460,120317,20735.0
1461,120434,11419.0
1464,116922,638.0
1465,120036,25624.0
1466,119008,9366.0
1468,118750,21915.0
1473,118702,19952.0
1474,119432,9446.0
1475,116743,28005.0
1476,119951,9403.0
1477,119572,27322.0
1479,120053,10003.0
1480,120152,9311.0
1483,115964,884.0
1484,116041,49806.0
1485,119528,1624.0
1487,120094,16052.0
1488,118972,4477.0
1489,118829,24662.0
1490,118663,18423.0
1493,116931,76996.0
1495,120389,6499.0
1496,118623,50512.0
1497,119013,9405.0
1498,119381,12723.0
1499,118615,9360.0
1500,119229,9434.0
1502,116783,21626.0
1503,118541,13982.0
1507,119859,77223.0
1513,120032,9611.0
1514,116295,47694.0
1515,120461,10357.0
1516,115886,9977.0
1517,118655,816.0
1518,118771,2163.0
1519,115760,124680.0
1526,119109,12499.0
1527,119116,18.0
1529,119809,1811.0
1533,117398,105045.0
1537,117615,11239.0
1541,118556,2058.0
1542,115744,9450.0
1544,119567,330.0
1545,117359,38523.0
1546,117561,16375.0
1547,120118,33660.0
1549,114303,45671.0
1550,120373,17770.0
1551,118787,15170.0
1552,118880,1701.0
1554,114134,26422.0
1556,120179,1639.0
1562,118688,415.0
1564,120034,65889.0
1565,116502,11103.0
1566,119282,11970.0
1569,119738,8874.0
1571,115856,11956.0
1572,57345,266.0
1573,119094,754.0
1574,119098,37567.0
1580,119654,607.0
1581,119848,18080.0
1582,120512,38225.0
1583,120133,17834.0
1584,118884,686.0
1585,116930,65046.0
1586,119173,4421.0
1587,82198,9387.0
1588,119190,10603.0
1589,118887,2142.0
1590,119081,8413.0
1591,120177,10336.0
1592,118570,20737.0
1593,119896,9413.0
1594,119361,14585.0
1596,118818,49462.0
1597,118883,8834.0
1598,118966,9458.0
1599,120207,8854.0
1600,120112,38295.0
1601,119311,22073.0
1602,119509,37244.0
1603,119675,4961.0
1604,119695,9416.0
1605,119086,26180.0
1606,119484,17832.0
1608,118571,9772.0
1609,118531,6072.0
1610,99810,1669.0
1611,102494,468.0
1612,119465,32519.0
1613,120197,108401.0
1614,119360,10806.0
1615,119051,9433.0
1616,119874,6623.0
1617,119488,2118.0
1619,120102,978.0
1620,119468,9437.0
1621,120169,29461.0
1623,120524,10351.0
1624,120323,66588.0
1625,119174,2649.0
1626,119123,14289.0
1627,120399,10155.0
1629,119632,20457.0
1631,118647,18355.0
1633,120402,55306.0
1635,119349,68924.0
1639,118842,2255.0
1641,119164,9427.0
1642,116631,172545.0
1644,119345,3597.0
1645,118971,1813.0
1647,119906,12628.0
1650,120481,45019.0
1653,119177,782.0
1654,119095,29911.0
1655,119891,9827.0
1660,119080,45153.0
1661,119210,10871.0
1662,118900,14398.0
1663,83131,10890.0
1665,118689,1281.0
1667,119592,9770.0
1670,120490,14905.0
1671,119527,14583.0
1673,118749,4995.0
1674,90329,9281.0
1675,119365,45928.0
1676,120201,563.0
1679,118836,31535.0
1680,120148,10215.0
1681,119707,9823.0
1686,119994,9407.0
1688,118617,9444.0
1690,118583,8078.0
1693,118607,11831.0
1695,123385,39177.0
1696,118698,19601.0
1701,118954,2639.0
1702,119137,9574.0
1703,119142,10371.0
1704,119217,489.0
1707,119303,9714.0
1717,120082,4233.0
1721,120338,597.0
1722,120347,714.0
1729,119396,184.0
1730,119485,9746.0
1731,119718,9438.0
1733,118566,26941.0
1735,119223,9410.0
1746,120820,12538.0
1747,120885,586.0
1748,118929,2666.0
1752,120696,11258.0
1753,120693,9490.0
1754,119099,9411.0
1755,120122,25719.0
1762,118956,9457.0
1767,119734,39424.0
1770,120594,2923.0
1772,118747,11568.0
1779,120184,10153.0
1783,120782,30949.0
1784,119822,2898.0
1785,99939,9558.0
1791,119594,26269.0
1792,120873,11808.0
1794,119574,47452.0
1798,118744,17941.0
1805,120890,617.0
1806,125454,36568.0
1810,119942,9440.0
1812,120510,32911.0
1824,119305,17133.0
1825,119905,19848.0
1826,120598,17644.0
1829,118851,30265.0
1831,120738,2157.0
1833,120749,8838.0
1835,120632,795.0
1839,120765,47881.0
1840,124718,9469.0
1845,120906,16148.0
1855,120725,31220.0
1856,138563,13907.0
1862,120841,10216.0
1863,120742,9771.0
1867,120856,38618.0
1870,118925,78373.0
1875,118866,55561.0
1876,120647,8656.0
1881,120800,18937.0
1882,120685,929.0
1883,118798,9452.0
1884,120669,1878.0
1887,119053,14342.0
1888,119313,9715.0
1889,119375,26610.0
1894,120828,6068.0
1895,127723,15037.0
1897,139362,37636.0
1904,122529,37410.0
1906,119717,53765.0
1907,120762,10674.0
1910,126344,12655.0
1911,118998,3050.0
1912,120780,1389.0
1913,73540,11020.0
1914,120321,20862.0
1917,120591,95.0
1918,122151,944.0
1919,123987,35680.0
1920,122718,11551.0
1921,138704,473.0
1923,129387,544.0
1927,20629,143.0
1928,21746,42861.0
1929,22958,33680.0
1931,26752,12311.0
1934,30993,34106.0
1936,35093,27367.0
1937,36872,17661.0
1940,39416,33667.0
1941,40416,23383.0
1944,45793,11426.0
1945,47296,654.0
1947,55614,1725.0
1948,57590,5769.0
1950,61811,10633.0
1951,63385,17917.0
1952,64665,3116.0
1954,75148,1366.0
1955,79417,12102.0
1956,81283,16619.0
1957,82158,9443.0
1958,86425,11050.0
1959,89755,606.0
1961,95953,380.0
1962,97239,403.0
1963,65063,11485.0
1964,67309,466.0
1965,87995,13820.0
1967,91369,13597.0
1974,80761,4488.0
1975,82418,9725.0
1976,83972,9728.0
1979,91080,10225.0
1980,95179,10281.0
1981,97388,10283.0
1982,77651,948.0
1983,82495,11281.0
1984,85636,10676.0
1985,95271,11357.0
1986,97474,11361.0
1987,81383,36599.0
1990,105179,41769.0
1991,94862,10585.0
1992,99253,11186.0
1993,103956,11187.0
1994,84516,609.0
1995,91778,11133.0
1996,95889,10306.0
1998,76009,11586.0
2000,93409,941.0
2001,97733,942.0
2002,104714,943.0
2003,87363,927.0
2004,99700,928.0
2007,119910,38509.0
2009,70723,12101.0
2010,17136,19.0
2011,96874,165.0
2012,99088,196.0
2017,54649,32611.0
2018,34492,3170.0
2020,94947,859.0
2021,87182,841.0
2025,119558,9769.0
2026,134619,9424.0
2027,120741,9835.0
2028,120815,857.0
2035,62737,16249.0
2037,75807,14612.0
2041,82199,19379.0
2042,109520,11164.0
2043,52722,18887.0
2046,91059,10122.0
2050,80861,12129.0
2051,76137,14140.0
2052,107120,10439.0
2053,104437,11158.0
2055,77698,28736.0
2056,56095,34774.0
2060,131857,14013.0
2064,98213,1779.0
2066,39689,678.0
2067,59113,907.0
2070,86423,42121.0
2071,106273,2887.0
2073,89126,20348.0
2076,90756,793.0
2080,48280,10340.0
2084,104990,15300.0
2087,46183,10693.0
2088,81353,11335.0
2091,78158,14822.0
2093,89908,13155.0
2096,53285,10882.0
2097,86336,24808.0
2098,57518,19762.0
2099,38969,13850.0
2100,88161,2619.0
2102,19422,53565.0
2103,111359,41841.0
2104,84783,27332.0
2105,84827,97.0
2106,108265,10419.0
2110,83798,9442.0
2112,101969,13697.0
2115,87469,87.0
2119,91499,9980.0
2120,107665,10657.0
2121,85382,10489.0
2122,87050,10823.0
2123,96787,11497.0
2126,120832,8688.0
2130,80388,23954.0
2132,61184,396.0
2133,92513,14367.0
2134,90305,11814.0
2135,61584,16081.0
2137,70016,15171.0
2138,78480,11837.0
2143,89469,11976.0
2144,88128,15144.0
2145,91790,11522.0
2146,90060,11557.0
2148,91223,11415.0
2149,93220,37530.0
2152,140796,21661.0
2154,120703,33644.0
2159,99763,10692.0
2160,63522,805.0
2164,94077,28070.0
2166,124595,10278.0
2167,120611,36647.0
2169,118301,14557.0
2170,120901,9417.0
2171,119778,41469.0
2174,94721,4011.0
2175,119033,161795.0
2176,40746,1580.0
2177,74512,5854.0
2178,68611,573.0
2179,65112,2370.0
2180,61107,5780.0
2181,58329,506.0
2185,45897,30159.0
2186,44079,845.0
2187,42994,1978.0
2188,120577,3682.0
2193,96446,847.0
2195,120654,14577.0
2196,120724,37498.0
2202,37017,13321.0
2203,36342,21734.0
2204,35279,31997.0
2205,33922,24197.0
2206,34248,11462.0
2207,31505,31995.0
2210,28212,12684.0
2211,28231,2761.0
2231,128442,10220.0
2232,123755,431.0
2240,81207,21873.0
2241,85346,21500.0
2243,92699,12626.0
2245,96463,3525.0
2247,95593,2321.0
2248,98258,2028.0
2249,100212,16384.0
2252,104412,10699.0
2253,105629,11597.0
2259,86973,14347.0
2260,92225,41090.0
2261,91680,18282.0
2264,98625,5971.0
2265,102558,11933.0
2267,102469,30815.0
2269,107211,4478.0
2271,120788,22318.0
2273,120812,2109.0
2275,118736,24746.0
2278,122690,8195.0
2279,146336,9877.0
2280,118863,26618.0
2282,126604,11855.0
2287,47573,11071.0
2290,81554,11337.0
2291,99487,162.0
2292,117276,25723.0
2294,120587,8916.0
2297,120889,12159.0
2298,124102,27791.0
2302,104952,10377.0
2303,73440,3121.0
2306,120701,9713.0
2307,122642,134368.0
2311,86837,4437.0
2312,90830,1890.0
2314,120603,39437.0
2316,120791,6435.0
2318,147612,10683.0
2320,118636,9445.0
2321,120789,2657.0
2322,120157,9425.0
2325,124819,8675.0
2327,100740,20701.0
2328,120877,9945.0
2329,120586,73.0
2331,120722,46889.0
2332,158493,12888.0
2333,120684,3033.0
2336,127536,4518.0
2337,120879,1808.0
2338,130018,3600.0
2339,155753,17037.0
2340,119643,297.0
2342,116488,21589.0
2344,89941,11893.0
2348,91954,14924.0
2349,91538,10002.0
2350,99750,41817.0
2353,120660,9798.0
2356,120533,9466.0
2358,120070,2042.0
2361,69089,692.0
2366,24216,244.0
2367,74751,10730.0
2368,91344,31947.0
2369,89017,8130.0
2371,89155,9749.0
2372,97366,14628.0
2373,89893,9626.0
2374,91159,13698.0
2377,89489,11954.0
2378,87928,9336.0
2379,89822,10157.0
2380,91777,12118.0
2381,93756,10587.0
2383,98105,11895.0
2384,120595,9447.0
2385,119304,12257.0
2387,124198,10029.0
2389,155975,11252.0
2390,147004,8545.0
2392,141109,9745.0
2393,120844,200.0
2395,128445,11545.0
2396,138097,1934.0
2398,39628,11881.0
2399,89961,13764.0
2400,98115,24951.0
2401,89767,8879.0
2402,89880,1369.0
2404,95956,1370.0
2406,88011,9326.0
2407,88933,10328.0
2408,94890,11285.0
2409,79817,1367.0
2410,84602,1371.0
2411,89927,1374.0
2412,100507,1375.0
2413,88930,15196.0
2414,90357,11904.0
2416,90685,15596.0
2417,91188,13818.0
2418,91653,29968.0
2419,91024,44326.0
2424,128853,9489.0
2429,120751,9822.0
2430,41650,39314.0
2431,129290,10312.0
2432,120686,9441.0
2435,119336,24525.0
2436,120857,10368.0
2443,145734,825.0
2445,132512,15556.0
2446,120710,28902.0
2447,139699,14709.0
2448,120458,9423.0
2450,91225,10658.0
2457,91875,15698.0
2458,90660,2620.0
2463,91877,12151.0
2465,90917,33278.0
2468,91306,10945.0
2469,91738,10013.0
2470,90555,9671.0
2471,92493,9396.0
2472,92105,11038.0
2473,91991,12278.0
2475,90567,18588.0
2476,91187,10015.0
2477,91055,12715.0
2478,92086,8388.0
2481,151691,8129.0
2482,149151,1618.0
2485,160862,10314.0
2488,54167,11167.0
2490,120784,2112.0
2491,145893,16172.0
2496,124298,11622.0
2497,139462,10207.0
2498,120764,9849.0
2500,155776,18892.0
2501,132477,13466.0
2502,151804,1542.0
2504,137338,15256.0
2505,134273,8224.0
2513,98084,8913.0
2514,105128,10906.0
2517,85333,8769.0
2518,84412,14742.0
2520,65377,10671.0
2521,71110,27932.0
2522,75648,7227.0
2523,76636,10670.0
2525,80354,33518.0
2526,79550,40160.0
2527,70909,2362.0
2528,74812,10803.0
2529,63442,871.0
2530,65462,1685.0
2531,69768,1705.0
2532,68408,1688.0
2533,67065,1687.0
2535,71455,11123.0
2537,78856,31638.0
2539,122933,9535.0
2541,139134,796.0
2549,131646,10350.0
2551,94964,9540.0
2553,54443,11773.0
2555,118665,22345.0
2558,141098,1641.0
2560,129332,10212.0
2561,139668,10354.0
2563,118892,8583.0
2566,187819,16508.0
2567,131369,11374.0
2572,147800,4951.0
2573,120274,65749.0
2577,119665,30950.0
2580,139239,9430.0
2581,151738,11355.0
2583,126250,9465.0
2587,123964,6522.0
2590,136244,10209.0
2596,133189,6396.0
2597,120836,39964.0
2598,120797,12596.0
2599,126886,9451.0
2600,120907,1946.0
2605,137494,1844.0
2606,138510,6552.0
2607,162973,24584.0
2612,37913,3309.0
2613,87799,18462.0
2615,89652,18252.0
2616,99422,8592.0
2620,120865,25232.0
2623,160298,53862.0
2639,82766,15660.0
2640,78346,1924.0
2642,86393,9531.0
2643,94074,11411.0
2644,21814,138.0
2648,21884,3035.0
2651,35899,3076.0
2656,48696,9077.0
2661,45920,19483.0
2664,49366,11549.0
2665,49169,18158.0
2668,84745,17918.0
2669,53183,37305.0
2671,125439,509.0
2676,128278,12117.0
2677,186508,11779.0
2681,141105,13533.0
2682,164085,62676.0
2683,145660,817.0
2687,120855,37135.0
2694,142342,9032.0
2697,119743,55955.0
2699,99052,6488.0
2701,120891,8487.0
2702,162677,10279.0
2706,163651,2105.0
2707,137363,1073.0
2709,158811,10208.0
2712,120663,345.0
2713,139414,9825.0
2717,97428,2978.0
2718,157503,10490.0
2720,141369,332.0
2722,149261,8914.0
2723,132347,9824.0
2724,163187,4806.0
2725,162830,33430.0
2727,48254,10056.0
2728,54331,967.0
2729,56193,802.0
2730,72684,3175.0
2733,96378,21185.0
2737,92585,48686.0
2738,90886,48259.0
2741,91637,26789.0
2744,91699,198469.0
2746,91419,10776.0
2748,92534,9710.0
2750,93818,30890.0
2751,93051,24081.0
2752,93690,20242.0
2757,83967,3526.0
2759,144168,16406.0
2770,131325,11353.0
2771,120620,17707.0
2774,168987,18212.0
2779,77663,12185.0
2786,91178,24103.0
2787,88889,10552.0
2789,77394,10766.0
2791,80339,813.0
2792,83530,2665.0
2796,95188,14170.0
2797,94737,2280.0
2798,100419,11077.0
2799,102719,28597.0
2802,96244,10396.0
2806,133046,10342.0
2807,176269,10366.0
2808,105698,9349.0
2810,156887,10494.0
2812,160401,22314.0
2815,91278,11037.0
2816,95382,11955.0
2817,103617,2038.0
2818,113438,28737.0
2822,104839,9096.0
2828,160236,17709.0
2835,163579,2162.0
2836,125971,14578.0
2840,145531,10307.0
2841,164181,11601.0
2847,31762,43832.0
2851,81454,
2857,63823,12105.0
2858,169547,14.0
2860,181316,11001.0
2861,126916,10390.0
2862,80491,9453.0
2865,173390,142132.0
2867,89175,11797.0
2870,61385,17887.0
2871,68473,10669.0
2872,82348,11527.0
2875,108185,1049.0
2876,111419,28032.0
2878,82511,28377.0
2881,150377,10398.0
2882,120716,2290.0
2883,140397,24071.0
2884,129884,62994.0
2885,160338,60994.0
2888,164114,14429.0
2889,134618,15198.0
2890,120188,6415.0
2891,162360,24066.0
2893,134033,10381.0
2896,60095,60285.0
2899,31397,42518.0
2900,95652,29787.0
2901,79714,9638.0
2902,86154,10576.0
2903,91799,12662.0
2906,156934,12618.0
2907,167427,13824.0
2908,171804,226.0
2915,86200,9346.0
2916,100802,861.0
2917,82089,14412.0
2918,91042,9377.0
2921,68699,11901.0
2922,61747,4929.0
2926,95270,11054.0
2929,82979,18254.0
2932,77405,16642.0
2936,34240,16305.0
2939,46126,19997.0
2940,38559,3767.0
2942,85549,535.0
2943,104507,2731.0
2946,59260,14831.0
2947,58150,658.0
2948,57076,657.0
2949,55928,646.0
2953,104431,772.0
2956,94008,31650.0
2959,137523,550.0
2962,119114,1610.0
2964,192194,42881.0
2968,81633,36819.0
2970,83946,9343.0
2971,78754,16858.0
2973,97123,11562.0
2974,200469,10496.0
2976,163988,8649.0
2977,142201,31306.0
2978,144640,10563.0
2985,93870,5548.0
2986,100502,5549.0
2988,81150,38772.0
2989,82398,699.0
2990,97742,709.0
2991,70328,253.0
2992,91829,13511.0
2993,59800,660.0
2995,185371,11377.0
2997,120601,492.0
3007,181288,14242.0
3008,156729,16129.0
3011,65088,28145.0
3013,99180,18111.0
3014,82121,31361.0
3015,77355,11223.0
3016,83767,16281.0
3017,92796,16288.0
3018,89885,1694.0
3019,97240,476.0
3020,106856,37094.0
3024,78087,24831.0
3030,55630,11878.0
3031,100475,11510.0
3033,94012,957.0
3034,70608,11886.0
3035,48380,37853.0
3037,65988,11040.0
3039,86465,1621.0
3040,79540,14035.0
3043,104837,40773.0
3044,101669,11498.0
3045,105130,11790.0
3051,149691,21349.0
3052,120655,1832.0
3054,190641,10228.0
3055,165773,47692.0
3056,160620,18561.0
3061,34862,13485.0
3063,105156,9264.0
3071,94027,29154.0
3072,93565,2039.0
3075,59646,11481.0
3076,57187,2690.0
3078,165859,27141.0
3079,178737,10399.0
3081,162661,2668.0
3086,24852,25898.0
3087,96061,9647.0
3088,42546,11787.0
3090,93509,24276.0
3091,80979,11953.0
3093,67411,29005.0
3094,93512,26371.0
3099,73692,31121.0
3101,93010,10998.0
3102,89360,12235.0
3104,95631,9013.0
3105,99077,11005.0
3106,99291,59820.0
3107,101393,2924.0
3111,87921,13681.0
3113,146675,9946.0
3114,120363,863.0
3115,155711,31582.0
3117,134154,22267.0
3129,158371,9684.0
3138,96171,32331.0
3145,150216,32274.0
3146,205000,10402.0
3155,166485,1439.0
3156,182789,2277.0
3157,164912,10137.0
3160,175880,334.0
3161,119079,30237.0
3162,174204,50116.0
3165,106455,22213.0
3167,66892,36492.0
3168,64276,624.0
3171,53226,43103.0
3173,146838,9563.0
3174,125664,1850.0
3175,177789,926.0
3177,195945,10471.0
3179,145653,10397.0
3181,120866,12524.0
3182,192335,28216.0
3185,120834,10219.0
3186,172493,3558.0
3190,134983,10384.0
3196,46359,632.0
3198,70511,5924.0
3201,65724,26617.0
3203,97162,10493.0
3206,86859,22160.0
3210,83929,13342.0
3213,106364,14919.0
3214,88707,14040.0
3219,100318,2990.0
3225,186975,10472.0
3235,81748,13005.0
3243,104187,10406.0
3246,104797,1883.0
3247,105417,2005.0
3248,108147,6279.0
3250,106246,7305.0
3251,88683,24735.0
3252,105323,9475.0
3253,105793,8872.0
3254,108525,8873.0
3256,105112,9869.0
3258,104070,9374.0
3259,104231,11259.0
3260,104454,8293.0
3261,105415,11068.0
3262,105665,1923.0
3263,105812,10158.0
3264,103893,10206.0
3269,104291,10326.0
3271,105046,9609.0
3272,103759,12143.0
3273,134084,4234.0
3274,105414,9605.0
3276,171356,29076.0
3283,67433,24349.0
3284,67848,27841.0
3286,184907,15489.0
3294,74455,30062.0
3298,181984,14181.0
3300,134847,2787.0
3302,159272,61416.0
3307,21749,901.0
3315,43618,127602.0
3316,184858,2155.0
3317,185014,11004.0
3323,194368,20682.0
3324,186045,25166.0
3326,181151,10416.0
3327,218043,14271.0
3328,165798,4816.0
3329,94347,19958.0
3330,55471,28569.0
3331,85980,2193.0
3334,40506,11016.0
3341,42276,24481.0
3342,86969,11296.0
3344,56875,28172.0
3345,62793,57855.0
3347,86005,14280.0
3358,101698,12186.0
3359,78902,20283.0
3361,94812,287.0
3362,72890,968.0
3363,69704,838.0
3370,94731,31618.0
3374,104057,68427.0
3379,53137,35412.0
3385,90274,19259.0
3386,102138,820.0
3387,98645,11718.0
3388,93148,8989.0
3389,91400,32031.0
3391,94321,26827.0
3392,98309,11157.0
3394,92666,918.0
3400,108526,18890.0
3403,81400,24575.0
3404,46435,16535.0
3408,195685,462.0
3409,195714,9532.0
3414,48316,53879.0
3418,103074,1541.0
3420,78718,17443.0
3422,91939,27995.0
3423,96054,36739.0
3424,97216,925.0
3425,100168,41823.0
3426,102175,1713.0
3430,71402,13939.0
3432,89003,24873.0
3433,92857,26263.0
3435,36775,996.0
3436,101787,9079.0
3438,100758,1498.0
3439,103060,1497.0
3440,108308,1499.0
3441,87985,1880.0
3442,90693,33762.0
3444,92675,11690.0
3445,77530,29143.0
3446,113133,35292.0
3448,93105,801.0
3450,107050,11520.0
3452,165929,2085.0
3453,195778,13539.0
3454,202402,16222.0
3461,57261,9960.0
3462,27977,3082.0
3466,107091,12187.0
3467,57163,24748.0
3469,53946,1908.0
3470,71411,9764.0
3471,75860,840.0
3476,99871,2291.0
3477,112950,13531.0
3479,89457,526.0
3480,91445,13346.0
3481,146882,243.0
3489,102057,879.0
3494,65126,17529.0
3497,85919,1793.0
3498,77928,11327.0
3499,100157,1700.0
3500,104928,54087.0
3502,107630,41659.0
3504,74958,10774.0
3505,93640,10083.0
3506,79640,29786.0
3510,186151,10559.0
3511,217756,20697.0
3513,160797,10479.0
3514,172632,125709.0
3516,51406,2006.0
3519,77572,17339.0
3521,97940,11305.0
3524,82031,13665.0
3525,86927,12309.0
3526,98067,1552.0
3527,93773,106.0
3531,99014,123757.0
3534,191754,10468.0
3535,144084,1359.0
3536,171433,4967.0
3537,149367,31776.0
3538,166175,10557.0
3543,83833,13776.0
3545,68327,10784.0
3546,56687,10242.0
3548,51383,16347.0
3549,48140,4825.0
3550,85701,11654.0
3551,74860,10518.0
3552,80487,11977.0
3553,176783,18041.0
3555,141926,3536.0
3559,44837,28971.0
3565,198021,10564.0
3572,106521,39283.0
3574,115834,55667.0
3577,96324,5241.0
3578,172495,98.0
3581,188674,11129.0
3584,85276,1058.0
3586,80913,42159.0
3587,80923,16395.0
3591,85970,13105.0
3593,185183,5491.0
3594,210616,10560.0
3596,156323,19419.0
3597,174336,23531.0
3599,37514,17889.0
3604,56048,39391.0
3606,41716,31516.0
3608,89791,5683.0
3614,104438,12518.0
3615,130623,10567.0
3616,217630,10642.0
3617,215129,9285.0
3618,196216,10569.0
3623,120755,955.0
3624,184894,8584.0
3627,55830,16093.0
3628,34742,29372.0
3632,39631,30588.0
3633,64757,668.0
3638,79574,698.0
3649,80365,2768.0
3658,62168,26912.0
3660,98143,26953.0
3661,100438,26954.0
3662,102728,26956.0
3663,107899,26957.0
3664,110916,26958.0
3668,63518,6003.0
3669,105466,23939.0
3671,71230,11072.0
3672,71206,23069.0
3673,92638,21299.0
3675,47673,13368.0
3676,74486,985.0
3682,70355,10648.0
3683,86979,11368.0
3685,89841,2075.0
3686,99582,1551.0
3688,84522,10246.0
3689,86129,19698.0
3690,89826,23919.0
3691,86143,18835.0
3696,91630,15762.0
3697,100403,169.0
3699,88172,9663.0
3701,94631,10128.0
3702,79501,9659.0
3704,89530,9355.0
3705,99141,1727.0
3706,92563,635.0
3708,87262,11495.0
3709,105428,11428.0
3710,94612,10117.0
3711,105316,35936.0
3712,102951,25562.0
3714,94882,73079.0
3715,92710,38921.0
3716,93011,35463.0
3719,182295,51333.0
3720,145503,17771.0
3724,77362,31657.0
3726,74156,17814.0
3727,93605,11879.0
3729,67741,482.0
3731,82220,31593.0
3735,70666,9040.0
3737,56195,43002.0
3739,23622,195.0
3740,90728,6978.0
3741,69762,3133.0
3743,204175,10571.0
3744,162650,479.0
3745,120913,7450.0
3751,120630,7443.0
3752,183505,2123.0
3766,87727,15379.0
3767,89604,12764.0
3768,94792,27352.0
3769,72288,8348.0
3770,87175,24099.0
3773,99800,16094.0
3774,102065,16096.0
3785,175142,4247.0
3786,179116,20770.0
3790,212974,23655.0
3791,87277,1788.0
3792,38499,32275.0
3793,120903,36657.0
3794,200530,44490.0
3798,161081,2655.0
3801,52561,93.0
3802,104299,9278.0
3806,64615,18118.0
3807,76716,11940.0
3809,103241,10276.0
3810,105813,19380.0
3811,80310,13783.0
3813,77742,15867.0
3814,73312,11686.0
3819,92048,11830.0
3821,144528,12107.0
3823,171865,32640.0
3824,174480,10641.0
3825,200550,6282.0
3826,164052,9383.0
3827,186566,5551.0
3830,206226,27723.0
3831,195234,2360.0
3834,80472,21866.0
3836,65938,11589.0
3837,95863,15158.0
3838,110823,16139.0
3839,138703,16146.0
3841,99005,11856.0
3843,86320,13567.0
3844,98384,10860.0
3846,85470,18391.0
3857,163983,10391.0
3858,173716,14195.0
3871,46303,3110.0
3872,53318,14698.0
3873,59017,11694.0
3877,88206,9651.0
3882,204946,1588.0
3893,171580,10480.0
3897,181875,786.0
3898,211938,14805.0
3899,191037,51179.0
3900,197384,46119.0
3901,134630,18074.0
3906,164212,10562.0
3908,192731,12212.0
3909,206420,14629.0
3910,168629,16.0
3911,218839,13785.0
3916,210945,10637.0
3917,93177,9003.0
3919,104409,11569.0
3922,57887,39113.0
3925,88184,469.0
3926,55608,2160.0
3927,60397,2161.0
3928,40068,3073.0
3937,88024,9507.0
3941,91990,40760.0
3943,215545,24664.0
3945,259974,20455.0
3946,208988,10461.0
3947,67128,1485.0
3948,212338,1597.0
3949,180093,641.0
3950,170691,10687.0
3957,66832,21142.0
3958,75754,78140.0
3966,37638,20367.0
3967,249462,71.0
3968,230030,1636.0
3969,223897,10647.0
3973,229260,11531.0
3977,160127,4327.0
3979,185431,9678.0
3980,203019,11978.0
3981,199753,8870.0
3983,203230,14295.0
3984,66995,681.0
3987,186894,10862.0
3990,213203,16340.0
3991,211181,10481.0
3992,213847,10867.0
3993,180073,10876.0
3994,217869,9741.0
3997,190374,11849.0
3998,228750,11983.0
3999,190865,11678.0
4003,96094,12714.0
4007,94291,10673.0
4008,96969,2604.0
4009,96219,10132.0
4010,88850,11064.0
4011,208092,107.0
4012,95927,40820.0
4014,241303,392.0
4015,242423,8859.0
4018,207201,3981.0
4019,181536,711.0
4022,162222,8358.0
4025,212346,1493.0
4027,190590,134.0
4029,120202,21991.0
4030,219653,10577.0
4031,149624,21355.0
4033,146309,11973.0
4036,189998,10873.0
4037,93223,26719.0
4039,83564,15739.0
4040,101757,15413.0
4043,90670,13715.0
4046,49233,43258.0
4047,107007,10655.0
4052,218817,9989.0
4053,238948,18828.0
4054,206275,9816.0
4055,194218,20637.0
4061,102388,17474.0
4062,95690,11191.0
4063,105165,2613.0
4064,69897,22021.0
4065,71517,22048.0
4066,95348,17006.0
4067,108451,26333.0
4068,186589,16723.0
4078,92545,74340.0
4079,92546,5709.0
4080,92605,11215.0
4081,92608,26477.0
4082,92618,10937.0
4083,92641,4639.0
4084,92644,96.0
4085,86960,90.0
4089,92690,19324.0
4091,92718,12919.0
4092,92746,15785.0
4093,92783,31701.0
4103,92965,10110.0
4104,92974,18935.0
4109,93036,15658.0
4111,93073,28368.0
4115,93186,26156.0
4116,93200,34101.0
4117,93209,32054.0
4121,93260,2614.0
4123,93278,12704.0
4124,93300,580.0
4125,93405,24828.0
4126,93407,13703.0
4129,93467,42010.0
4130,93476,2608.0
4131,93477,32058.0
4132,93493,10019.0
4133,93507,11649.0
4139,93638,34379.0
4141,192111,24940.0
4143,242998,10984.0
4148,212985,9740.0
4152,190861,7093.0
4153,231775,16300.0
4154,265632,19405.0
4155,230838,1921.0
4156,177650,44412.0
4158,166276,23685.0
4166,251031,19513.0
4167,179626,2749.0
4168,192071,10050.0
4174,99073,2302.0
4178,31742,51802.0
4180,91836,29492.0
4181,96223,25447.0
4187,57251,38805.0
4190,53793,22013.0
4191,60086,15598.0
4194,37800,56137.0
4197,79781,33250.0
4198,80421,14460.0
4200,101764,9594.0
4202,68617,4986.0
4203,102005,2453.0
4204,85868,33676.0
4205,100140,4587.0
4207,100232,12773.0
4210,91474,11454.0
4211,100486,38718.0
4212,77413,4192.0
4214,88000,14052.0
4215,93857,16889.0
4218,91860,21309.0
4219,89208,16263.0
4221,102517,20704.0
4223,215750,853.0
4224,242445,10877.0
4226,209144,77.0
4228,125022,10833.0
4229,239949,20309.0
4231,244970,12658.0
4232,227538,10054.0
4233,246989,10646.0
4238,164334,2043.0
4239,221027,4133.0
4243,268200,26791.0
4246,243155,634.0
4247,245686,10956.0
4248,236348,19366.0
4251,221073,9519.0
4254,231402,9290.0
4255,240515,13166.0
4262,86250,111.0
4263,55895,32488.0
4265,132245,10477.0
4267,203755,2144.0
4273,240913,4973.0
4275,85811,849.0
4276,89504,27223.0
4284,60429,18691.0
4290,101902,25221.0
4292,79638,40842.0
4293,90098,19357.0
4296,66011,9062.0
4305,225071,5852.0
4306,126029,808.0
4310,213149,676.0
4316,77716,50541.0
4321,101587,1406.0
4322,95082,13554.0
4326,95647,1632.0
4329,53221,301.0
4333,94142,11896.0
4338,41996,15497.0
4339,59885,21876.0
4342,212815,21056.0
4343,251075,9397.0
4349,65528,10364.0
4351,102685,1089.0
4353,86508,9967.0
4354,105699,17494.0
4356,45810,759.0
4357,45891,10297.0
4361,84805,9576.0
4366,230011,10865.0
4367,146316,1995.0
4368,240462,10808.0
4370,212720,644.0
4371,255819,16161.0
4372,250224,10691.0
4373,258038,10615.0
4378,203119,11826.0
4384,246765,55551.0
4386,239395,10992.0
4387,271027,2140.0
4388,257106,4248.0
4389,245238,17612.0
4392,99012,8217.0
4393,94663,22478.0
4394,58953,26483.0
4397,87032,11950.0
4402,59124,26573.0
4407,91886,6106.0
4408,93940,22477.0
4410,91983,11300.0
4419,47811,43316.0
4426,48261,18030.0
4429,49513,10339.0
4432,51036,976.0
4433,49966,69605.0
4436,74991,4780.0
4437,76786,11906.0
4443,82869,10540.0
4445,163862,82623.0
4446,173840,2114.0
4447,250494,8835.0
4450,242193,9517.0
4451,273300,25985.0
4452,227005,15745.0
4454,188913,36107.0
4462,94593,38965.0
4463,94594,47817.0
4466,94602,9395.0
4471,94678,26044.0
4473,94712,14911.0
4474,94715,15592.0
4476,94739,12710.0
4477,94744,30502.0
4478,94746,19382.0
4482,94799,17170.0
4483,94824,18509.0
4484,94828,110428.0
4487,94889,7520.0
4488,94894,10126.0
4489,94898,9602.0
4492,90887,3980.0
4495,94921,27397.0
4496,94933,9748.0
4497,94961,40095.0
4499,95031,10141.0
4500,92929,27362.0
4502,95107,26386.0
4506,95174,10675.0
4511,95304,21362.0
4516,95409,20443.0
4520,95519,13704.0
4521,95532,12505.0
4522,95599,41963.0
4524,95654,34014.0
4526,95687,12120.0
4531,95963,9604.0
4537,96018,18197.0
4544,96101,11966.0
4545,91949,2605.0
4553,96256,8337.0
4557,96316,28176.0
4558,96320,9493.0
4562,96454,12582.0
4564,96794,11352.0
4565,88708,12500.0
4568,96913,17882.0
4571,96928,1648.0
4572,96933,4105.0
4573,96943,22711.0
4577,97027,10142.0
4578,97044,3064.0
4580,97138,10134.0
4581,97142,21291.0
4583,97211,30352.0
4584,97236,15142.0
4587,97257,2210.0
4589,85475,21721.0
4593,97328,10551.0
4594,97334,20713.0
4595,97336,27461.0
4597,97438,1380.0
4599,97457,11465.0
4602,97481,9085.0
4603,97500,17819.0
4605,97531,14776.0
4611,97626,505.0
4613,97637,10345.0
4614,97659,10222.0
4615,97714,12774.0
4616,97722,14621.0
4617,97731,19118.0
4619,97758,15138.0
4621,97778,9494.0
4622,97790,17362.0
4623,97815,9942.0
4624,97858,8216.0
4625,97883,4296.0
4628,97965,9686.0
4629,97967,27418.0
4630,97987,39002.0
4634,98073,37146.0
4635,98097,20006.0
4638,163025,331.0
4639,265029,11467.0
4640,222851,327.0
4641,162346,1548.0
4643,133152,869.0
4645,123948,36095.0
4649,243655,2171.0
4654,98206,10135.0
4658,98253,19236.0
4660,98261,60276.0
4661,98273,12150.0
4662,98282,11185.0
4663,98308,47045.0
4666,98343,12478.0
4671,98725,65015.0
4673,98439,9618.0
4675,98471,31608.0
4676,98519,22102.0
4677,98536,6951.0
4678,98546,11959.0
4679,98554,2616.0
4686,108539,8494.0
4688,101465,41784.0
4695,78490,31941.0
4697,83624,27813.0
4699,218922,2057.0
4701,266915,5175.0
4703,94868,41951.0
4704,56059,11385.0
4709,64782,20391.0
4713,80360,11542.0
4714,80377,17169.0
4718,252866,2770.0
4719,181739,12610.0
4721,244000,13496.0
4722,250202,21055.0
4725,261983,10972.0
4727,238112,1722.0
4728,250687,9896.0
4732,258470,9683.0
4734,261392,2294.0
4735,228333,10016.0
4736,234829,26602.0
4738,208196,22230.0
4740,206926,13966.0
4743,255653,15104.0
4744,263488,8922.0
4745,184791,11065.0
4748,103596,16314.0
4749,109015,18885.0
4757,202470,12508.0
4759,269341,25462.0
4765,242587,18734.0
4771,180734,20857.0
4773,273253,75386.0
4774,246464,2185.0
4775,118589,10696.0
4776,139654,2034.0
4780,255321,48834.0
4787,102316,11521.0
4789,71994,27327.0
4792,53559,29756.0
4794,93677,20115.0
4795,58092,30295.0
4798,51773,22874.0
4799,57193,11576.0
4800,29081,43860.0
4802,53143,9660.0
4803,67588,15393.0
4804,55312,248.0
4809,86312,12502.0
4811,79766,10373.0
4812,91993,13766.0
4813,44207,16380.0
4814,260866,12103.0
4815,252501,11313.0
4816,196229,9398.0
4818,245891,45864.0
4821,206314,10866.0
4822,273799,34549.0
4823,240890,9778.0
4830,80474,1623.0
4831,80492,40932.0
4844,219965,3172.0
4845,250310,17708.0
4848,166924,1018.0
4849,206963,25641.0
4852,166110,11380.0
4855,66999,984.0
4857,67093,14811.0
4860,87666,55727.0
4862,102555,9585.0
4865,120681,768.0
4867,200027,11091.0
4873,243017,9081.0
4874,272152,167.0
4877,236019,27444.0
4878,246578,141.0
4879,253126,10034.0
4880,264796,11457.0
4885,249478,11456.0
4886,198781,585.0
4888,275719,23949.0
4889,252503,11088.0
4890,256380,9889.0
4893,80130,45964.0
4898,234354,20794.0
4899,265087,11469.0
4900,253798,14369.0
4901,266987,1535.0
4903,247425,1999.0
4912,62994,16085.0
4916,74899,11422.0
4917,76342,31037.0
4919,90095,10656.0
4920,35140,32847.0
4921,24264,39938.0
4932,80661,11033.0
4936,80716,3537.0
4941,80745,3604.0
4951,100054,10847.0
4952,89622,33525.0
4957,86383,10650.0
4958,159273,8007.0
4962,193560,13503.0
4963,240772,161.0
4964,233841,43774.0
4967,283509,8342.0
4969,37515,4886.0
4971,87747,23111.0
4974,277371,11397.0
4975,259711,1903.0
4976,280778,11889.0
4978,259393,9523.0
4980,101452,1649.0
4981,90852,11938.0
4985,88103,24264.0
4987,86346,26978.0
4988,94318,19209.0
4989,278488,8386.0
4990,268397,12589.0
4991,279889,12312.0
4992,35423,11232.0
5007,58672,5052.0
5009,248667,8489.0
5010,265086,855.0
5011,245046,12660.0
5012,86619,10269.0
5013,280707,5279.0
5014,277027,10950.0
5015,285742,1365.0
5021,74937,6037.0
5025,273923,11857.0
5027,99044,11595.0
5034,103129,18317.0
5039,82288,848.0
5040,87078,9610.0
5041,85542,15035.0
5048,281373,11888.0
5049,83511,150.0
5053,109288,20678.0
5054,85271,15050.0
5055,106770,10423.0
5062,60955,20620.0
5063,55257,18647.0
5064,245844,11362.0
5071,220627,35650.0
5072,293416,9606.0
5074,250081,16550.0
5075,219405,13915.0
5077,97116,31674.0
5080,240900,20009.0
5083,295552,74692.0
5092,265298,11870.0
5093,233469,9884.0
5094,246894,11535.0
5095,265713,27593.0
5096,109190,11212.0
5099,28988,28345.0
5102,107985,21845.0
5105,69995,931.0
5106,275022,17130.0
5107,251114,10592.0
5108,251160,8470.0
5109,280030,16690.0
5110,247745,39939.0
5112,253200,14778.0
5116,50306,33668.0
5120,69281,993.0
5121,75276,11698.0
5127,259288,10052.0
5128,238546,11979.0
5134,291341,9991.0
5135,265343,480.0
5136,275067,44340.0
5151,243736,2752.0
5152,277434,10590.0
5159,104254,13225.0
5168,43983,18646.0
5170,278295,13950.0
5178,109855,33135.0
5181,80836,54287.0
5187,80889,32030.0
5189,80904,29343.0
5197,81060,27458.0
5202,81176,39543.0
5205,81184,30924.0
5213,81268,38147.0
5214,76489,24032.0
5218,268380,425.0
5220,284490,5851.0
5226,85154,18172.0
5231,35262,31805.0
5237,83169,10627.0
5241,81480,28124.0
5246,81529,12705.0
5247,76729,11006.0
5250,81562,21629.0
5254,187738,36586.0
5255,279781,6020.0
5258,262432,18292.0
5264,250305,15028.0
5265,266452,9275.0
5266,258000,4547.0
5275,68309,22784.0
5279,102103,17990.0
5282,257756,11560.0
5283,283111,11452.0
5284,245407,18435.0
5285,246134,35944.0
5292,76723,11590.0
5293,264472,1537.0
5294,264616,12149.0
5298,219822,441.0
5299,259446,8346.0
5300,50086,14168.0
5303,99892,2565.0
5307,103035,6393.0
5308,94137,12154.0
5312,264935,11892.0
5313,277296,9334.0
5316,157583,10491.0
5324,282687,16643.0
5328,287645,69324.0
5334,99204,10164.0
5337,101701,28117.0
5339,104466,28384.0
5341,71746,27094.0
5345,98513,56179.0
5346,100934,5203.0
5347,231448,13201.0
5348,278823,9689.0
5349,145487,557.0
5353,68326,55106.0
5357,110157,24767.0
5364,250797,2251.0
5372,45591,14117.0
5377,276751,245.0
5382,77523,15417.0
5384,51758,28577.0
5387,278435,1957.0
5388,278504,320.0
5389,166813,9023.0
5390,254199,27834.0
5397,44916,24008.0
5401,279493,12277.0
5404,90570,15677.0
5409,105219,13153.0
5410,67756,811.0
5414,280486,3132.0
5415,279778,9583.0
5416,298798,18408.0
5419,267913,9637.0
5420,245562,12100.0
5423,210065,10394.0
5427,82146,18905.0
5428,87042,14774.0
5434,40823,21635.0
5435,61770,27945.0
5438,100135,10169.0
5440,41866,13909.0
5443,247444,35696.0
5444,275847,11544.0
5445,181689,180.0
5446,252444,9555.0
5447,286179,57022.0
5450,258273,50035.0
5451,265591,9719.0
5452,107438,11982.0
5454,104897,12251.0
5456,111653,30114.0
5458,308506,21972.0
5461,263725,26290.0
5463,253556,6278.0
5464,257044,4147.0
5468,50084,15096.0
5471,89798,49370.0
5472,68156,14902.0
5475,65234,2721.0
5478,271367,8869.0
5479,267626,8665.0
5480,243585,10996.0
5485,271219,39141.0
5486,246500,33152.0
5490,74205,19133.0
5493,61810,24130.0
5499,75147,10786.0
5500,88286,8764.0
5502,286106,2675.0
5506,309377,9573.0
5507,295701,7451.0
5508,274309,2750.0
5522,73631,11484.0
5524,300532,9266.0
5527,256276,30072.0
5528,265459,9357.0
5529,261289,12771.0
5531,281322,15070.0
5539,90799,19975.0
5540,82186,10323.0
5541,102059,9595.0
5544,80025,24750.0
5548,90966,9941.0
5550,49452,39833.0
5553,94025,10859.0
5563,269095,13536.0
5564,283026,20616.0
5568,87507,16806.0
5572,303714,10611.0
5573,265808,12770.0
5577,280760,9685.0
5581,99128,18913.0
5582,103924,14361.0
5584,99512,18943.0
5585,101821,32685.0
5589,107212,33506.0
5591,110557,41582.0
5596,100666,34086.0
5597,103003,11504.0
5609,308208,10550.0
5612,280380,9039.0
5613,283832,1958.0
5615,245171,68569.0
5617,274812,11013.0
5620,256415,11529.0
5625,179098,31005.0
5628,281364,2110.0
5629,298388,15173.0
5630,289765,9533.0
5633,246677,10575.0
5636,271259,9260.0
5637,101898,21828.0
5643,95895,24348.0
5646,98575,37606.0
5650,86373,12921.0
5657,99581,12719.0
5663,276816,12590.0
5664,297037,37964.0
5665,211465,7501.0
5667,283084,13768.0
5668,283139,10994.0
5673,272338,8051.0
5675,291502,12779.0
5680,298744,14112.0
5684,145937,21925.0
5689,101453,12647.0
5693,76666,11009.0
5694,86361,10805.0
5696,81696,17496.0
5699,80031,5917.0
5707,81974,19429.0
5712,82085,11644.0
5723,82200,26560.0
5742,82382,85058.0
5747,82432,11646.0
5749,82449,24634.0
5755,82498,37936.0
5764,82677,21874.0
5768,82763,16471.0
5771,82782,39874.0
5773,82801,19507.0
5779,82910,31646.0
5780,82926,14269.0
5784,288477,9645.0
5786,259484,13098.0
5788,286261,12454.0
5791,120679,1360.0
5792,299117,13441.0
5796,61452,12208.0
5799,53804,1941.0
5803,297181,8427.0
5809,280665,9280.0
5810,298203,65.0
5812,297884,10712.0
5816,295297,672.0
5826,42895,11617.0
5828,118735,81530.0
5829,263734,34341.0
5833,280609,11880.0
5836,51745,1377.0
5841,102782,13888.0
5843,103112,10750.0
5847,82970,25566.0
5853,81455,9538.0
5863,83163,42371.0
5867,83190,11524.0
5872,246460,36669.0
5873,283530,17187.0
5874,293815,10426.0
5881,307479,2103.0
5882,133240,9016.0
5883,283632,16028.0
5890,279064,6007.0
5900,289848,9932.0
5901,262396,13369.0
5902,268126,2757.0
5903,238380,7299.0
5919,83557,38849.0
5938,83806,17590.0
5941,303933,13497.0
5943,252076,7303.0
5945,257360,2755.0
5947,298856,21868.0
5954,307901,1429.0
5955,168786,13435.0
5956,217505,3131.0
5957,313737,2642.0
5959,272207,11022.0
5961,99160,9491.0
5962,106453,2149.0
5968,100143,14931.0
5969,110613,11317.0
5970,102492,4032.0
5979,50147,26946.0
5980,71222,16938.0
5986,68575,16993.0
5988,91814,21332.0
5989,264464,640.0
5990,255477,10599.0
5991,299658,1574.0
5993,290210,13560.0
5994,309912,29339.0
5999,119273,16225.0
6002,282698,15395.0
6003,290538,4912.0
6005,330069,23626.0
6006,305711,12090.0
6013,257568,10628.0
6014,271668,11078.0
6020,26056,43886.0
6022,103671,13199.0
6027,101748,14667.0
6030,56023,15734.0
6031,52918,34148.0
6036,89981,24742.0
6040,282209,10727.0
6041,280653,9045.0
6044,86978,80965.0
6055,107079,39349.0
6057,326769,12253.0
6058,309593,9358.0
6063,303361,10894.0
6067,160611,12490.0
6078,83943,10724.0
6101,84335,15600.0
6111,84469,23942.0
6124,84633,17132.0
6143,84814,9699.0
6145,84854,30789.0
6153,84945,23943.0
6155,251127,9919.0
6156,300471,6038.0
6157,287978,9480.0
6159,299458,13132.0
6166,106701,12139.0
6183,53172,4952.0
6186,279111,16072.0
6188,302886,11635.0
6193,273982,14293.0
6196,306685,10623.0
6197,278731,9613.0
6201,91374,21867.0
6203,102303,6524.0
6212,305669,10678.0
6213,314353,9567.0
6215,298408,13819.0
6218,286499,455.0
6220,310357,10929.0
6222,236640,16229.0
6225,55047,36362.0
6234,75995,37258.0
6238,99699,12157.0
6239,52948,11571.0
6244,96028,45129.0
6245,65054,42618.0
6246,103036,41164.0
6249,285462,9557.0
6250,285531,6171.0
6251,323642,13691.0
6252,264150,11523.0
6263,264395,10782.0
6265,325537,9776.0
6266,286788,10735.0
6268,316188,25461.0
6273,42593,17057.0
6285,304328,21052.0
6287,305224,9506.0
6290,251736,2662.0
6294,245803,11817.0
6297,311289,8326.0
6298,328099,13411.0
6301,67800,994.0
6302,50177,66918.0
6308,91396,9930.0
6310,95613,107569.0
6313,100611,108553.0
6314,108442,12661.0
6315,92214,29355.0
6322,310910,10743.0
6323,309698,2832.0
6324,311110,31459.0
6329,252684,15098.0
6330,274711,11458.0
6337,285861,15394.0
6338,317303,10708.0
6347,86946,17667.0
6348,86999,17464.0
6349,86998,15259.0
6357,49314,11424.0
6367,309530,10720.0
6371,347791,33875.0
6373,315327,310.0
6377,266543,12.0
6379,295700,9902.0
6380,342172,2260.0
6385,298228,1088.0
6386,60748,5921.0
6390,50972,43239.0
6402,178022,50285.0
6405,43067,6646.0
6412,31225,43828.0
6415,93267,47715.0
6417,104743,12629.0
6422,59711,21027.0
6424,102603,11890.0
6428,65134,11916.0
6429,43137,14551.0
6434,37954,43490.0
6436,108330,8092.0
6440,101410,290.0
6442,103791,2470.0
6449,53841,42541.0
6454,100211,2263.0
6464,119215,14817.0
6465,76240,41426.0
6466,102456,41791.0
6476,102900,2071.0
6480,62362,32489.0
6483,339034,31246.0
6484,329717,11375.0
6502,289043,170.0
6503,305357,9471.0
6515,29808,52758.0
6516,48947,38171.0
6523,104926,18722.0
6527,45125,33454.0
6528,66402,19753.0
6533,69495,6949.0
6534,286716,1927.0
6535,333780,10327.0
6536,165982,14411.0
6537,181852,296.0
6538,324133,302.0
6539,325980,22.0
6545,300015,17920.0
6547,322659,32235.0
6549,319524,17403.0
6550,274166,9486.0
6552,301199,3472.0
6554,280696,25921.0
6557,113533,68927.0
6558,101635,11894.0
6559,110364,20726.0
6564,325703,1996.0
6565,329575,4464.0
6566,338459,12279.0
6567,252299,9104.0
6568,342167,33339.0
6572,286947,4613.0
6573,68240,12530.0
6574,101831,45096.0
6578,58265,53021.0
6579,55256,430.0
6582,89901,10553.0
6584,61177,21449.0
6587,299930,8046.0
6593,322330,10330.0
6595,257076,9257.0
6614,99819,3101.0
6615,329101,6466.0
6616,338077,20210.0
6617,316356,2055.0
6619,263757,14926.0
6624,313911,10923.0
6625,109369,17745.0
6629,45888,18573.0
6631,107504,41759.0
6638,86525,19053.0
6639,62467,11206.0
6645,66434,636.0
6650,41546,11898.0
6656,51381,44585.0
6658,78721,9051.0
6659,100814,9362.0
6664,88944,10999.0
6665,79073,33521.0
6669,44741,3782.0
6670,287969,36629.0
6679,308808,19433.0
6687,270980,2830.0
6691,243232,16405.0
6696,303785,333.0
6699,301684,22200.0
6702,325258,13778.0
6705,320244,1415.0
6706,260414,31094.0
6707,303816,11547.0
6708,325805,7270.0
6709,285823,1428.0
6711,335266,153.0
6715,103957,61054.0
6720,104647,14603.0
6724,70510,11293.0
6731,88993,8408.0
6734,104850,2687.0
6744,89730,19064.0
6746,75261,25241.0
6750,313792,10739.0
6751,331468,12767.0
6753,327137,13156.0
6754,320691,277.0
6755,281686,9707.0
6760,310154,36791.0
6763,266489,7288.0
6765,328589,10934.0
6768,309820,5653.0
6769,330602,321.0
6770,314412,20.0
6774,86541,837.0
6776,282674,19666.0
6777,55031,821.0
6782,97728,11475.0
6785,47472,16563.0
6786,89424,11703.0
6787,74119,891.0
6788,109129,83714.0
6790,267287,10881.0
6793,103786,11806.0
6794,106375,10438.0
6796,101507,650.0
6797,101516,10337.0
6798,74256,8446.0
6800,90859,9874.0
6804,88967,21627.0
6807,85959,4543.0
6808,65207,11046.0
6809,88272,11707.0
6810,102945,7442.0
6811,110759,14425.0
6814,87062,16969.0
6816,94138,13339.0
6817,100928,28761.0
6820,210070,9871.0
6821,79576,33258.0
6832,102768,11364.0
6835,82000,39916.0
6837,31593,43739.0
6850,104695,12772.0
6852,61809,18900.0
6856,35575,3087.0
6862,313443,2116.0
6863,332379,1584.0
6868,335563,4997.0
6870,327056,322.0
6873,138524,11775.0
6879,313542,11329.0
6881,311648,1550.0
6883,325055,28200.0
6884,312549,10629.0
6885,199626,10944.0
6887,316465,13920.0
6888,306047,4256.0
6889,328880,10009.0
6890,363589,1807.0
6898,313670,1376.0
6899,92532,31397.0
6902,165832,20312.0
6912,34409,28658.0
6932,323944,13537.0
6936,319343,10719.0
6942,314331,508.0
6944,101862,11846.0
6946,318155,10715.0
6947,311113,8619.0
6952,348836,4970.0
6953,315733,470.0
6957,307987,10147.0
6966,99365,9556.0
6967,37635,13581.0
6970,50307,24203.0
6973,104265,4823.0
6975,119167,10234.0
6978,102943,14022.0
6979,86567,860.0
6983,36969,22744.0
6989,85615,8289.0
6992,109951,6472.0
6993,91167,5143.0
6996,102034,8010.0
6997,104427,10410.0
6998,107148,47095.0
6999,104452,10407.0
7000,102070,9292.0
7001,77745,11850.0
7004,99938,951.0
7005,102216,10804.0
7009,104756,2007.0
7012,100201,2612.0
7015,102598,2611.0
7016,93692,1825.0
7017,105104,10538.0
7018,100404,11092.0
7019,93793,18410.0
7020,102721,14904.0
7026,94072,14671.0
7027,90022,11509.0
7028,100449,10729.0
7030,105211,20763.0
7032,100485,14249.0
7036,90142,11824.0
7038,210358,20067.0
7040,90180,9846.0
7041,111477,23719.0
7044,100935,483.0
7047,90350,11018.0
7048,119807,11676.0
7049,24025,28293.0
7050,27630,28292.0
7053,26942,31798.0
7055,28333,20325.0
7060,70239,12545.0
7061,31210,27972.0
7062,55798,898.0
7070,40724,3089.0
7072,31971,995.0
7076,62765,916.0
7078,30287,1976.0
7080,24034,3062.0
7082,56575,12708.0
7083,90110,42045.0
7084,69097,11610.0
7085,58571,4939.0
7089,71129,7857.0
7091,23027,13912.0
7092,26071,70881.0
7101,101745,11821.0
7102,92925,10023.0
7103,100087,51036.0
7104,78723,11519.0
7107,77578,15659.0
7117,107387,11811.0
7121,41090,25431.0
7122,60908,17685.0
7123,102511,2742.0
7127,102818,48129.0
7141,342804,22289.0
7142,322589,10028.0
7147,319061,587.0
7149,337741,6964.0
7150,338466,1792.0
7151,335119,3635.0
7154,304415,11820.0
7155,337909,8696.0
7158,315983,11093.0
7160,340855,504.0
7161,349205,11007.0
7162,159365,2289.0
7163,338337,9620.0
7164,316396,10601.0
7167,304229,13433.0
7169,360139,14844.0
7173,343135,5966.0
7175,329691,10718.0
7177,368913,14757.0
7181,59712,30080.0
7184,61089,65012.0
7190,65911,131313.0
7191,103827,34151.0
7192,107750,15797.0
7202,222812,11429.0
7208,33553,3022.0
7211,43915,23152.0
7212,41498,23567.0
7215,37382,22584.0
7216,33717,27725.0
7217,39302,16227.0
7219,33149,16933.0
7223,42369,18995.0
7225,76578,5205.0
7228,104009,14239.0
7245,54393,28586.0
7247,62803,11708.0
7251,105810,17736.0
7254,289879,1954.0
7255,335559,13476.0
7259,365957,14114.0
7260,345551,15708.0
7261,337579,21301.0
7262,337917,20483.0
7263,349825,14292.0
7285,328538,11023.0
7292,86955,11221.0
7293,343660,1824.0
7294,361925,16784.0
7303,52738,2576.0
7305,90738,19345.0
7307,89153,12775.0
7308,89421,9838.0
7310,91828,2099.0
7311,31385,42852.0
7312,60420,40454.0
7316,361467,11132.0
7317,356150,9352.0
7320,338096,10677.0
7321,315297,13572.0
7323,301357,338.0
7324,317648,2023.0
7325,335438,9384.0
7327,60827,797.0
7335,46187,25955.0
7340,89393,24548.0
7345,358349,17047.0
7347,363988,1586.0
7348,360009,11169.0
7354,107473,10433.0
7357,50839,43236.0
7360,363547,924.0
7361,338013,38.0
7362,364045,11081.0
7364,332658,16941.0
7366,300051,9541.0
7368,354766,20304.0
7369,331632,11024.0
7372,277941,10544.0
7373,167190,1487.0
7376,351977,11358.0
7379,318974,10733.0
7380,327679,14442.0
7387,77402,923.0
7390,307351,28026.0
7394,59797,10338.0
7411,93582,4365.0
7419,88680,10843.0
7444,337563,10096.0
7445,328107,9509.0
7448,326856,10710.0
7450,323033,11141.0
7451,377092,10625.0
7454,338526,7131.0
7457,349169,16428.0
7458,332452,652.0
7459,293007,8440.0
7479,36515,68440.0
7481,89092,11864.0
7482,70034,9461.0
7487,99762,17993.0
7560,58083,502.0
7562,118996,10347.0
7569,62512,667.0
7570,86034,700.0
7572,243664,26976.0
7573,86006,36670.0
7579,32943,43818.0
7584,35567,20640.0
7615,89015,294.0
7616,86984,11507.0
7618,103939,10435.0
7624,105327,14684.0
7636,105217,13937.0
7646,259153,14980.0
7647,105017,26670.0
7649,120711,10940.0
7657,275773,5842.0
7701,100050,9356.0
7705,45012,33575.0
7706,20640,13913.0
7707,102011,17956.0
7708,61391,18209.0
7713,34587,25508.0
7714,61439,18978.0
7727,87951,37296.0
7730,107529,25389.0
7742,94713,52794.0
7743,89114,9872.0
7748,59592,2786.0
7757,57197,11533.0
7772,39066,44098.0
7782,108171,9545.0
7786,187859,28030.0
7815,92117,24798.0
7822,46085,25009.0
7831,31047,14589.0
7833,34172,14590.0
7834,27260,14588.0
7835,39853,14595.0
7839,33852,20644.0
7840,31398,24965.0
7843,258760,1583.0
7846,259685,10829.0
7882,60841,29049.0
7883,36027,27130.0
7884,102035,8468.0
7888,61791,22682.0
7889,70518,11577.0
7895,71249,11942.0
7896,56412,36206.0
7900,65738,3075.0
7916,52847,43096.0
7920,75936,14262.0
7951,100260,20481.0
7976,209077,7090.0
7983,87003,12762.0
7984,91083,14510.0
7986,102800,15618.0
7987,92906,24341.0
7988,120199,10690.0
7991,72856,13282.0
8008,46807,18283.0
8025,124207,46187.0
8033,60522,3001.0
8042,70379,203.0
8043,107247,38749.0
8044,23042,29740.0
8045,93137,10652.0
8092,99612,3072.0
8094,47849,14554.0
8119,90888,15392.0
8125,18455,631.0
8126,57495,25504.0
8132,104346,16219.0
8136,49363,48385.0
8138,53611,22718.0
8143,48308,35987.0
8147,62794,29146.0
8153,49456,29592.0
8158,102820,20289.0
8167,26174,16905.0
8169,92494,11548.0
8189,54494,2546.0
8191,64030,22522.0
8196,65466,5722.0
8197,52893,5544.0
8225,100258,19185.0
8232,32617,20643.0
8235,14429,22596.0
8236,49949,36786.0
8238,67350,27459.0
8239,55601,4497.0
8254,106307,11044.0
8266,87957,13763.0
8268,107843,10498.0
8275,17765,34847.0
8290,73396,32303.0
8327,330229,870.0
8335,29192,41059.0
8338,39192,16391.0
8340,79116,10734.0
8341,40662,10949.0
8360,298148,809.0
8362,350028,4599.0
8366,332375,13193.0
8368,304141,673.0
8369,297284,16617.0
8372,356634,8920.0
8376,374900,8193.0
8380,106877,65137.0
8382,93175,35151.0
8383,314431,21544.0
8385,55100,40894.0
8387,110857,11546.0
8391,77235,18387.0
8402,99166,52560.0
8410,47542,18398.0
8446,41841,18712.0
8447,47577,831.0
8450,27300,37658.0
8451,47885,26516.0
8458,39040,54568.0
8462,46963,43336.0
8463,40495,62000.0
8481,32851,43805.0
8491,42041,15794.0
8493,100133,12651.0
8495,204137,9791.0
8506,289944,37696.0
8507,22913,136.0
8512,75222,10970.0
8521,22835,3019.0
8526,327437,10204.0
8528,364725,9472.0
8530,377752,8981.0
8531,381707,12153.0
8535,352277,15237.0
8571,64100,26520.0
8578,339840,8991.0
8581,168122,3293.0
8588,250468,14365.0
8593,104573,16136.0
8596,78163,6081.0
8600,29870,13696.0
8604,152930,2330.0
8605,295721,2334.0
8607,388473,13398.0
8609,14341,701.0
8610,86873,10631.0
8614,93693,10780.0
8617,53622,23724.0
8622,361596,1777.0
8623,93886,11584.0
8626,59125,26811.0
8636,316654,558.0
8638,381681,80.0
8640,349683,9477.0
8641,357413,8699.0
8644,343818,2048.0
8666,327554,314.0
8677,32475,68064.0
8690,69280,24559.0
8711,40613,32294.0
8753,346091,41316.0
8765,35432,16703.0
8782,167456,14623.0
8784,333766,401.0
8798,369339,1538.0
8799,361841,14846.0
8809,337960,14389.0
8810,370263,395.0
8815,204313,11026.0
8830,366174,11237.0
8831,324127,8080.0
8833,241025,11632.0
8835,338325,15644.0
8836,324554,11208.0
8838,71115,16153.0
8860,337921,9759.0
8861,318627,1577.0
8864,339412,16232.0
8865,346156,5137.0
8866,360201,11823.0
8869,361620,13969.0
8874,365748,747.0
8875,44509,84214.0
8879,71877,4176.0
8880,89560,11177.0
8906,78935,8689.0
8907,307453,10555.0
8908,349710,11128.0
8911,361696,14024.0
8912,316732,11045.0
8914,390384,14337.0
8915,368658,26108.0
8916,358135,4380.0
8917,372588,3989.0
8918,349416,16358.0
8937,390022,13416.0
8943,340012,18701.0
8946,252028,15566.0
8948,375173,8849.0
8949,375063,9675.0
8950,361862,4553.0
8951,383694,11109.0
8952,365183,48678.0
8955,360130,16131.0
8957,387564,176.0
8958,350258,1677.0
8959,337876,10740.0
8964,274407,47959.0
8966,362269,11184.0
8968,367479,10589.0
8969,317198,9801.0
8970,308644,866.0
8972,368891,2059.0
8977,346491,1966.0
8978,388419,13673.0
8981,376541,2288.0
8982,327919,15397.0
8984,349903,163.0
8985,359013,36648.0
9004,88979,16248.0
9005,106912,15613.0
25753,15881,1405.0
25773,21079,27899.0
25788,23427,877.0
25795,23948,39130.0
25797,24069,31511.0
25825,27652,14615.0
25826,27884,31773.0
25827,27996,24807.0
25833,28683,43874.0
25834,28691,16515.0
25841,29604,43864.0
25850,30241,16274.0
25856,32145,3084.0
25870,33712,38914.0
25886,35238,22387.0
25887,35415,27655.0
25906,37094,43307.0
25923,38574,14320.0
25937,40308,29380.0
25947,40919,33115.0
25962,42646,43388.0
25999,47677,28696.0
26038,52278,43137.0
26052,53168,690.0
26078,55728,17185.0
26085,56264,11085.0
26122,58430,3763.0
26124,58530,7348.0
26142,59418,29715.0
26151,60138,20108.0
26152,60153,2661.0
26172,62138,26039.0
26176,62374,41212.0
26195,63665,50789.0
26198,63829,27983.0
26231,66214,26606.0
26237,66601,2998.0
26242,67023,839.0
26249,67355,9394.0
26265,68503,18250.0
26283,69865,27331.0
26285,69945,1410.0
26303,70698,22307.0
26313,71269,32044.0
26317,71464,24402.0
26322,71571,16246.0
26344,73018,10711.0
26357,73820,38783.0
26365,74559,10640.0
26375,75223,11558.0
26386,76141,12535.0
26391,76451,12637.0
26399,77559,13481.0
26422,79261,10654.0
26429,79489,18966.0
26464,85255,6341.0
26492,86491,15301.0
26504,87065,48677.0
26523,88117,27414.0
26528,88727,17663.0
26539,89006,12615.0
26542,89110,10372.0
26555,90056,9080.0
26562,90319,16082.0
26567,90856,26555.0
26590,93066,17421.0
26603,93777,8852.0
26622,95050,49314.0
26629,95444,16296.0
26649,96639,13057.0
26676,99018,25943.0
26680,99329,9768.0
26681,99426,11909.0
26686,99654,10485.0
26693,99864,2670.0
26694,99902,41821.0
26700,100280,11131.0
26704,100685,1662.0
26726,101786,25330.0
26732,102164,12776.0
26745,102609,6463.0
26750,102744,9588.0
26764,103923,13995.0
26778,104670,19087.0
26791,105391,31962.0
26792,105402,22590.0
26810,106341,14135.0
26812,106356,27678.0
26828,107612,19371.0
26861,109838,17796.0
26870,110442,11067.0
26871,110612,10486.0
26901,113617,30718.0
26947,117407,2061.0
26958,118308,12254.0
26974,119237,18415.0
26985,119794,8765.0
27020,123865,14533.0
27022,124901,9812.0
27036,130414,7096.0
27074,145600,27260.0
27075,146402,11508.0
27105,158131,23356.0
27124,161292,17985.0
27140,165662,12485.0
27193,183869,2332.0
27246,206036,28031.0
27266,212712,844.0
27311,233298,16234.0
27370,250491,18088.0
27373,250934,20536.0
27416,269389,10978.0
27420,270688,81540.0
27434,273517,11056.0
27441,275230,919.0
27450,276830,10046.0
27478,284837,9298.0
27482,285492,437.0
27555,302585,13984.0
27584,308152,11427.0
27627,320193,26955.0
27674,331811,9282.0
27683,334541,10891.0
27685,334965,12540.0
27692,337824,24241.0
27705,339135,19277.0
27706,339291,11774.0
27708,340477,19341.0
27751,355987,36763.0
27762,361462,25757.0
27772,364385,11838.0
27793,367093,10304.0
27808,371246,2539.0
27816,373283,10105.0
27822,374102,83.0
27826,374277,55177.0
27831,375912,4836.0
27837,377062,11866.0
27838,377091,12281.0
27865,384819,5889.0
27866,385017,1126.0
27882,389326,291.0
27905,405821,11662.0
30707,405159,70.0
30749,395169,205.0
30793,367594,118.0
30818,363473,6478.0
30825,290002,693.0
30883,396592,15045.0
30894,375210,11804.0
30994,81063,47876.0
31000,92035,66600.0
31038,90037,33766.0
31083,104804,39472.0
31101,326208,18927.0
31114,373024,25350.0
31116,34167,16442.0
31150,76929,16220.0
31221,357277,9947.0
31223,376105,6439.0
31225,393162,7214.0
31260,29942,42390.0
31297,26421,43892.0
31420,398712,8978.0
31427,382077,11096.0
31431,357507,8968.0
31445,362590,11413.0
31553,106761,2436.0
31617,54847,16638.0
31685,386588,8488.0
31692,327210,32588.0
31696,360486,561.0
31698,362165,10214.0
31700,317132,17880.0
31737,58997,1942.0
31851,24601,43128.0
31867,331933,13498.0
31909,104139,37527.0
31925,73639,54302.0
32019,377471,4551.0
32029,340163,2026.0
32031,358082,9928.0
32058,101590,15771.0
32116,87835,38148.0
32160,25919,31835.0
32213,377713,438.0
32234,76245,42222.0
32289,396652,13374.0
32296,385307,10040.0
32298,372237,11638.0
32314,374639,48463.0
32371,40202,26038.0
32442,109936,12778.0
32469,48801,5996.0
32515,96409,28448.0
32587,401792,187.0
32589,388500,14177.0
32596,318649,7364.0
32598,332047,11431.0
32632,70022,26332.0
32659,274155,2029.0
32914,319970,7342.0
32917,55805,45267.0
33148,388183,27360.0
33154,413845,13020.0
33162,320661,1495.0
33164,397065,10066.0
33166,375679,1640.0
33171,370986,11171.0
33188,89601,14750.0
33237,28216,43881.0
33294,90248,9463.0
33421,342272,10913.0
33495,384642,9981.0
33499,369735,4379.0
33615,351283,953.0
33629,106233,13064.0
33639,438205,14358.0
33644,449086,12700.0
33649,384504,19316.0
33660,352248,921.0
33672,355702,9787.0
33677,436727,23825.0
33679,356910,787.0
33781,43949,11620.0
33794,372784,272.0
33826,384488,25248.0
33830,400497,11451.0
33834,418819,11683.0
33836,374536,9722.0
33838,436724,2287.0
33880,415978,1382.0
34018,31060,22553.0
34048,407304,74.0
34129,376108,7233.0
34143,382628,9009.0
34150,120667,9738.0
34162,396269,9522.0
34164,361693,14922.0
34271,410097,10476.0
34292,99740,11309.0
34321,408524,13341.0
34326,403217,1665.0
34330,368089,9775.0
34332,405325,11459.0
34334,382992,10048.0
34336,417001,11648.0
34359,60453,42719.0
34405,379786,16320.0
34437,412019,308.0
34523,406650,13919.0
34528,418773,1444.0
34530,367652,11453.0
34534,430105,8292.0
34536,326905,13922.0
34540,381505,14166.0
34542,427312,501.0
34800,89839,17824.0
35015,361715,15907.0
35347,47834,11848.0
35957,421239,11460.0
36397,361089,14175.0
36519,388482,9335.0
36525,425123,9007.0
36527,377107,9777.0
36535,404030,340.0
36537,318761,1546.0
37211,32536,22575.0
37240,436971,14286.0
37380,419706,8814.0
37384,348333,7553.0
37495,430651,16133.0
37545,80149,10319.0
37727,408790,9315.0
37729,121164,3933.0
37736,380599,257.0
37741,379725,398.0
37844,403455,14544.0
37853,378109,11968.0
37857,366780,14517.0
38061,373469,5236.0
38294,402057,5471.0
38798,388125,11931.0
38992,417217,9910.0
39183,388795,142.0
39231,368709,9621.0
39234,395972,9701.0
39292,433383,3291.0
39414,338427,2610.0
39427,371257,8066.0
39446,432348,215.0
39449,387514,2313.0
39869,342735,1951.0
40148,365686,10851.0
40278,418763,25.0
40339,371606,9982.0
40412,419677,12877.0
40478,69005,38761.0
40581,433400,10033.0
40583,365737,231.0
40614,398017,8999.0
40617,381966,8555.0
40629,414387,4348.0
40723,416315,9885.0
40815,330373,674.0
40819,358273,69.0
40826,294870,1833.0
40851,406375,6795.0
40870,401085,11421.0
40955,411195,1420.0
40962,443295,13499.0
41285,416320,116.0
41527,445620,67.0
41569,360717,254.0
41571,397535,1904.0
41617,285175,14695.0
41724,473107,29595.0
41769,392465,23478.0
41997,408306,612.0
42004,407265,546.0
42007,398375,2800.0
42009,452598,9641.0
42011,369441,7552.0
42015,402894,9681.0
42018,413015,10773.0
42191,91455,13925.0
42556,57812,14241.0
42638,338075,16433.0
42723,450278,1690.0
42725,456554,9900.0
42728,375154,9044.0
42730,385726,9918.0
42732,408985,17379.0
42738,401855,834.0
42761,140883,39345.0
42943,89913,12701.0
43333,240200,7509.0
43419,416496,1969.0
43558,421729,11565.0
43560,396752,11283.0
43679,414982,9286.0
43684,437777,15363.0
43744,421994,1544.0
43869,381971,9975.0
43871,408345,9754.0
43904,455857,10053.0
43912,349467,9959.0
43914,380817,14256.0
43917,397313,9036.0
43919,466342,10073.0
43921,404390,7304.0
43928,370032,9920.0
43930,397078,10025.0
43932,454919,9682.0
43936,450232,2207.0
44004,427229,6877.0
44020,491703,14609.0
44189,384814,1967.0
44191,434409,752.0
44193,454945,9655.0
44197,419749,9950.0
44199,454848,388.0
44204,468565,868.0
44225,429591,14191.0
44238,110329,18009.0
44243,116861,19287.0
44613,446046,12763.0
44657,61996,1561.0
44665,425210,186.0
44709,437800,13751.0
44731,441796,10069.0
44759,430912,3093.0
44777,383353,10177.0
44828,439815,9035.0
44849,386741,9389.0
44864,436331,8998.0
44929,424880,4441.0
44943,312318,11304.0
44972,362120,4257.0
44974,424136,2652.0
45081,384537,588.0
45106,465142,9310.0
45175,434124,16367.0
45186,317919,956.0
45208,449089,9530.0
45210,475276,9829.0
45221,430634,10115.0
45382,398027,7870.0
45431,327084,7518.0
45440,364955,9786.0
45442,409182,503.0
45499,376994,36668.0
45503,438315,13689.0
45517,317219,920.0
45658,410400,38344.0
45666,457510,9353.0
45672,389860,9339.0
45722,383574,58.0
45726,463034,1819.0
45728,424345,2295.0
45730,452637,9697.0
45732,465624,4474.0
45880,422720,1887.0
45969,101545,16270.0
46062,475293,10947.0
46337,455499,9513.0
46530,348150,1452.0
46572,443496,18191.0
46578,449059,773.0
46723,449467,1164.0
46772,369994,13141.0
46865,430304,9072.0
46948,385880,9297.0
46965,417148,326.0
46967,457513,512.0
46970,415306,9718.0
46972,477347,1593.0
46976,420223,1262.0
47044,430357,82.0
47122,455967,9293.0
47200,479884,1948.0
47254,402910,5289.0
47382,462590,9762.0
47384,383060,14113.0
47404,452039,21712.0
47423,468489,7859.0
47465,410764,11559.0
47516,433412,10118.0
47518,384793,9788.0
47566,39211,33813.0
47629,436697,1165.0
47640,486551,9988.0
47644,445990,11652.0
47646,417225,13816.0
47725,473753,11227.0
47937,464196,5072.0
47950,427969,1249.0
47978,423169,13075.0
47997,387808,7512.0
48161,421206,9766.0
48304,472043,1579.0
48319,454824,9664.0
48326,405676,1717.0
48385,443453,496.0
48414,400717,7484.0
48416,462519,9842.0
48520,424993,9794.0
48560,439289,7510.0
48593,483726,9895.0
48598,420609,9672.0
48696,404203,1440.0
48698,814075,13364.0
48744,367027,1378.0
48774,206634,9693.0
48783,418689,3683.0
48877,489270,214.0
48879,437232,1123.0
48883,853096,21173.0
48982,424095,11619.0
48997,396171,1427.0
49110,104905,27295.0
49220,470765,14799.0
49272,381061,36557.0
49274,366548,9836.0
49276,454987,9809.0
49280,308055,10741.0
49284,499603,2357.0
49347,460792,8324.0
49389,439,5698.0
49396,365830,2179.0
49530,450259,1372.0
49647,413895,9986.0
49649,449010,2486.0
49651,479143,1246.0
49735,443431,12795.0
49793,758794,11170.0
49824,443489,1125.0
49910,463998,1646.0
49932,460829,1730.0
49961,465551,1259.0
50003,398913,9053.0
50068,498380,1251.0
50147,454082,9656.0
50158,775539,1931.0
50160,482546,13967.0
50274,489327,13771.0
50440,772193,4283.0
50601,398808,1265.0
50610,453453,14137.0
50613,369359,15689.0
50685,473308,10758.0
50792,395495,13668.0
50794,475394,7516.0
50796,397044,10075.0
50798,799949,9760.0
50802,490084,1257.0
50804,367959,1248.0
50806,477051,9757.0
50851,380268,14761.0
50872,382932,2062.0
50954,482527,37725.0
51024,118414,17266.0
51037,450340,9828.0
51077,259324,1250.0
51080,401997,4169.0
51084,758766,11172.0
51088,499554,10090.0
51091,462200,7874.0
51174,432402,12271.0
51255,425112,4638.0
51357,112681,12554.0
51412,435705,1738.0
51471,454776,15163.0
51498,264323,10845.0
51540,443706,1949.0
51562,106336,10942.0
51573,36154,27040.0
51575,486946,11199.0
51834,416508,2977.0
51903,770772,14434.0
51925,477071,9963.0
51927,455760,14001.0
51931,490204,2355.0
51933,475355,16385.0
51935,822854,7485.0
52245,445934,9955.0
52279,422774,10172.0
52287,396555,1267.0
52299,419434,16018.0
52328,448134,1272.0
52435,60345,13377.0
52458,486822,8271.0
52604,488120,6145.0
52644,452702,10294.0
52668,419843,13067.0
52694,453451,1268.0
52722,413300,559.0
52730,329737,13352.0
52831,95583,14240.0
52952,480025,11798.0
52973,478311,4964.0
52975,427327,2976.0
53000,463854,1562.0
53121,413267,810.0
53123,907657,5723.0
53125,449088,285.0
53129,780571,3432.0
53143,444628,24200.0
53318,460740,12225.0
53322,496806,298.0
53447,842929,1990.0
53460,423294,9408.0
53464,486576,1979.0
53466,479500,14043.0
53468,457572,10288.0
53519,1028528,1991.0
53550,462504,9952.0
53808,490822,11211.0
53894,386032,2359.0
53953,450385,3021.0
53956,795368,2196.0
53972,337978,1571.0
53974,762114,2959.0
53993,413099,2698.0
53996,418279,1858.0
54001,373889,675.0
54004,762107,3563.0
54116,432289,16083.0
54121,42286,37292.0
54190,445922,4688.0
54256,787475,10074.0
54259,486655,2270.0
54274,897361,5857.0
54276,481141,3638.0
54281,423977,8669.0
54503,829482,8363.0
54648,293564,5174.0
54732,424823,9750.0
54734,815244,10760.0
54745,477078,13068.0
54785,373883,2082.0
54787,804461,11835.0
54796,841044,1845.0
54908,804540,2335.0
54910,437857,10961.0
54995,1077258,1992.0
54997,381849,5176.0
54999,465602,4141.0
55052,783233,4347.0
55094,478134,6973.0
55110,465436,4629.0
55112,469184,15361.0
55118,765443,2252.0
55190,452643,6641.0
55205,480269,8414.0
55232,432021,7737.0
55241,419984,13257.0
55245,452625,10030.0
55247,758758,5915.0
55267,480242,7211.0
55272,498399,2001.0
55274,414055,4517.0
55276,465538,4566.0
55278,857265,4520.0
55280,805564,6615.0
55282,389722,4513.0
55290,452623,4771.0
55294,758798,14251.0
55391,360323,13197.0
55442,808417,2011.0
55444,421082,5708.0
55451,866437,5951.0
55553,779982,3603.0
55577,890870,663.0
55729,388182,5718.0
55765,765429,4982.0
55768,389790,5559.0
55805,292963,7972.0
55820,477348,6977.0
55830,799934,4953.0
55844,496328,10520.0
55872,426931,5123.0
55946,891527,4515.0
55995,442933,2310.0
56003,405336,4723.0
56022,113264,24732.0
56152,461770,4523.0
56156,465494,1620.0
56169,211933,13483.0
56174,480249,6479.0
56176,952640,6477.0
56251,471711,7249.0
56274,757361,13998.0
56286,368794,3902.0
56336,804555,13186.0
56367,467406,7326.0
56389,765120,1989.0
56715,477139,13198.0
56757,408236,13885.0
56775,465234,6637.0
56782,469494,7345.0
56788,472062,6538.0
56805,841046,6575.0
56949,988595,6557.0
57326,460780,2312.0
57368,1060277,7191.0
57522,486578,14423.0
57526,880578,8090.0
57532,1073498,7278.0
57536,489282,14220.0
57669,780536,8321.0
57910,780622,13121.0
57951,770752,8676.0
58025,489099,8247.0
58047,832266,8390.0
58103,443274,7461.0
58156,839980,13260.0
58287,463027,21373.0
58291,997047,13493.0
58293,443649,7840.0
58297,483607,13460.0
58299,451079,12222.0
58301,808279,8461.0
58306,416044,12246.0
58332,848557,13025.0
58627,1023111,8456.0
58655,817538,8457.0
58783,481797,7797.0
58803,478087,8065.0
58806,858479,12890.0
58839,379865,4942.0
58870,388556,36223.0
58876,489281,8988.0
58972,410377,10488.0
58998,800039,9870.0
59016,421073,1266.0
59022,481536,13335.0
59026,875113,8827.0
59037,811080,7459.0
59118,1045670,10503.0
59129,892899,9017.0
59220,425326,7861.0
59258,871426,8780.0
59306,926129,8617.0
59315,371746,1726.0
59333,866439,10761.0
59336,1012804,12400.0
59421,1033643,9029.0
59549,942384,17483.0
59615,367882,217.0
59667,435706,12808.0
59731,1151309,13636.0
59784,441773,9502.0
59810,1000771,14050.0
59814,812243,14019.0
59900,960144,10661.0
59915,758786,13848.0
59985,460745,12912.0
60030,491162,18467.0
60072,493464,8909.0
60074,448157,8960.0
60126,425061,11665.0
60141,964587,10748.0
60161,1054485,12889.0
60389,870211,14111.0
60397,795421,11631.0
60471,479528,13022.0
60487,60550,13353.0
60514,373051,88751.0
60516,765476,11260.0
60538,492486,14456.0
60647,800241,6687.0
60674,929629,12914.0
60684,409459,13183.0
60737,472205,22100.0
60753,1117385,13012.0
60756,838283,12133.0
60943,978759,10183.0
60950,497465,5038.0
61024,910936,10189.0
61123,810900,13649.0
61132,942385,7446.0
61160,1185834,12180.0
61167,1029120,13107.0
61246,1104733,12621.0
61262,790686,13515.0
61319,1172206,14298.0
61323,887883,4944.0
61348,1213644,13805.0
61350,364970,9381.0
61352,988047,13291.0
61465,814022,13184.0
61692,457275,14458.0
61697,1034331,13389.0
61705,947802,13279.0
61729,995039,12797.0
61986,800308,12690.0
62081,1059786,13027.0
62113,455538,13092.0
62155,981227,12182.0
62344,1084950,14976.0
62374,758774,12113.0
62376,970411,13600.0
62394,467197,13051.0
62434,1007028,10358.0
62437,1175491,10523.0
62439,1046163,13596.0
62511,383028,4960.0
62718,963743,12689.0
62792,482572,13150.0
62849,1032755,13809.0
62956,1054486,13253.0
62999,479952,10527.0
63033,861689,8338.0
63062,824747,3580.0
63082,1010048,12405.0
63113,830515,10764.0
63131,430922,15373.0
63179,976060,8938.0
63222,1130988,13672.0
63312,772181,4627.0
63393,1055366,13655.0
63436,1132626,11917.0
63479,1135985,13523.0
63515,851577,22358.0
63540,1014775,14405.0
63826,1031280,13220.0
63853,455824,6972.0
63859,397892,13053.0
63876,1013753,10139.0
63992,1099212,8966.0
64030,1129442,13387.0
64032,369436,12193.0
64114,1129423,14438.0
64116,465502,14248.0
64197,986233,10360.0
64249,897387,13394.0
64575,918927,14359.0
64614,1205489,13223.0
64620,870111,11499.0
64716,814314,11321.0
64969,1068680,10201.0
64983,985699,2253.0
64997,449040,34812.0
65088,960731,10202.0
65126,1024715,13973.0
65130,959337,4148.0
65135,94754,51247.0
65188,1152758,15584.0
65193,1024255,13971.0
65216,1034303,13813.0
65514,1220719,14756.0
65585,901476,10521.0
65631,850253,13177.0
65682,834001,12437.0
65685,494238,2309.0
65738,105251,18543.0
65740,110982,21029.0
65802,1114740,14560.0
65982,462465,10529.0
66090,1020530,13510.0
66097,327597,14836.0
66171,465580,13455.0
66203,1001508,10184.0
66240,1079444,14849.0
66427,489235,1961.0
66509,1201167,20829.0
66511,1213019,30508.0
66544,208629,18884.0
66665,1176740,19255.0
66783,758746,13207.0
66934,1227926,14301.0
67087,1155056,16538.0
67168,926063,13094.0
67193,1135487,16558.0
67197,448011,13811.0
67267,862846,13090.0
67408,892782,15512.0
67534,490086,13161.0
67618,494277,13808.0
67665,1157605,18094.0
67695,1197628,16991.0
67734,1091722,16614.0
67788,1093908,20048.0
67888,26676,55773.0
67997,1226774,19833.0
68135,974661,16996.0
68157,361748,16869.0
68159,473705,16995.0
68205,1121931,15092.0
68237,1182345,17431.0
68319,458525,2080.0
68347,1127715,21191.0
68358,796366,13475.0
68522,393597,10946.0
68552,924129,15577.0
68597,70653,42738.0
68659,489049,13532.0
68791,438488,534.0
68793,1078912,18360.0
68835,476991,19375.0
68954,1049413,14160.0
69069,1083456,17927.0
69131,443559,16164.0
69134,870984,17609.0
69211,415679,27134.0
69227,106827,34300.0
69251,479162,13856.0
69278,457400,18162.0
69304,780567,19724.0
69436,1045778,17610.0
69469,1389762,19508.0
69495,910847,16240.0
69524,772251,62128.0
69526,1055369,8373.0
69604,1178663,19265.0
69640,1152836,11322.0
69644,1080016,8355.0
69654,1131748,176241.0
69712,1078588,10024.0
69720,475298,15423.0
69757,1022603,19913.0
69844,417741,767.0
69860,901481,14687.0
69904,470055,9592.0
69988,1334537,23720.0
70015,1194238,22302.0
70159,1148204,21208.0
70286,1136608,17654.0
70293,1135503,24803.0
70301,1198138,17335.0
70305,1075417,13836.0
70334,1114677,18126.0
70336,1046173,14869.0
70361,1160368,17134.0
70451,1029235,13752.0
70492,28510,40743.0
70641,1151922,19556.0
70687,1331064,25183.0
70697,436339,19585.0
70703,103962,41682.0
70708,964185,11928.0
70862,1229360,22492.0
70946,105643,26914.0
70984,1127896,26320.0
70990,116607,35203.0
71057,472033,12244.0
71106,910554,22494.0
71129,1384590,17445.0
71135,1188729,19898.0
71205,1131734,19994.0
71248,1225822,12569.0
71254,1034032,18501.0
71264,844471,22794.0
71302,51380,18724.0
71327,810784,29963.0
71379,1179904,23827.0
71429,1262981,20178.0
71466,1174730,28053.0
71468,1071804,24869.0
71484,985058,36800.0
71535,1156398,19908.0
71668,1078940,19899.0
71732,902290,21910.0
71745,386117,16523.0
71810,126388,3513.0
71838,1197624,22803.0
71899,978762,24238.0
71902,1186370,19918.0
72011,1193138,22947.0
72129,1233227,22804.0
72165,450405,24418.0
72171,1190536,24804.0
72178,475783,14968.0
72226,432283,10315.0
72308,1286130,105077.0
72356,1425244,24480.0
72378,1190080,14161.0
72405,1095217,11699.0
72424,298296,17774.0
72489,1186367,22832.0
72603,1526300,25472.0
72605,765010,7445.0
72692,238414,15400.0
72694,1247692,22640.0
72696,976238,22949.0
72701,762125,16866.0
72714,358456,30238.0
72733,1057500,22954.0
72919,1314228,24438.0
72998,499549,19995.0
73015,1230414,22897.0
73017,988045,10528.0
73023,1263670,25196.0
73042,1231580,23398.0
73160,96142,27390.0
73211,1226681,23963.0
73266,403702,22327.0
73319,1216492,25195.0
73488,806027,1450.0
73515,472050,20107.0
73741,1182921,25602.0
73929,1038686,22894.0
74075,1185266,23988.0
74154,1185416,13477.0
74275,1045772,8952.0
74324,1278469,33602.0
74342,56903,33728.0
74450,817230,32856.0
74458,1130884,11324.0
74508,844330,13949.0
74530,814255,32657.0
74532,1385867,23742.0
74624,1186830,26428.0
74647,1220220,22805.0
74683,282744,19962.0
74688,989757,22971.0
74698,808510,23023.0
74789,1014759,12155.0
74795,947810,22972.0
74851,1179034,26389.0
74868,1235124,23488.0
74916,1234654,27583.0
74946,815236,34016.0
74948,1289406,25941.0
75341,1403981,23169.0
75395,1323045,44363.0
75416,116401,26623.0
75803,1305583,34563.0
75813,1151359,12834.0
75816,1247704,31723.0
75947,57318,32688.0
75985,1053424,31867.0
76030,795351,28355.0
76077,1231587,23048.0
76093,892769,10191.0
76175,800320,18823.0
76251,1250777,23483.0
76293,1279935,35056.0
76751,1033467,25572.0
77191,1321509,34803.0
77201,862467,37861.0
77206,1196141,33217.0
77266,445953,12411.0
77421,1336617,39053.0
77455,1587707,39452.0
77561,1228705,10138.0
77667,1470023,37931.0
77795,381940,34069.0
77800,1341167,37495.0
77846,118528,12219.0
77866,955308,20662.0
77893,1368116,34626.0
77931,1355599,37511.0
78034,1196204,36801.0
78039,1120985,46705.0
78041,1103153,37821.0
78088,1462758,26388.0
78105,473075,9543.0
78116,878835,40247.0
78174,1261945,37786.0
78209,1226229,32823.0
78218,914863,38199.0
78266,1017460,37707.0
78316,892318,37056.0
78349,1258197,29917.0
78467,1075747,20533.0
78499,435761,10193.0
78836,1191111,34647.0
79057,1424381,34851.0
79091,1323594,20352.0
79132,1375666,27205.0
79134,1375670,38365.0
79185,1013743,37834.0
79259,1248971,40850.0
79274,1569923,40662.0
79293,944835,27576.0
79357,485947,31011.0
79428,427152,38778.0
79553,1386932,37472.0
79572,493949,38843.0
79684,437405,39414.0
79702,446029,22538.0
79897,1194263,44718.0
80219,985694,23631.0
80241,1322312,38073.0
80363,1220634,35791.0
80549,1282140,37735.0
80551,879870,38167.0
80553,1049402,38568.0
80586,817177,43949.0
80590,1027718,33909.0
80615,1219342,41216.0
80693,804497,43923.0
80727,1251757,38842.0
80831,1228987,41402.0
80839,1028576,39486.0
80858,1414382,38303.0
80860,1055292,38408.0
80862,1584016,42296.0
80864,1182350,38031.0
80906,1645089,44639.0
80917,1470827,43933.0
80969,1334260,42188.0
81132,1612774,45649.0
81156,1116184,16290.0
81229,1245526,39514.0
81417,1536044,41436.0
81512,1212419,44603.0
81520,1156466,38234.0
81537,1231583,41733.0
81562,1542344,44115.0
81564,1001526,38055.0
81591,947798,44214.0
81784,1126618,38357.0
81791,1421051,39210.0
81819,1164999,45958.0
81847,398286,38757.0
82093,1213648,48838.0
82095,1564585,42684.0
82152,1152398,38117.0
82167,758752,43347.0
82366,1270835,43919.0
82378,1175709,46503.0
82459,1403865,44264.0
82461,1104001,20526.0
82499,1341188,42888.0
82527,1423894,46829.0
82744,1433108,41283.0
82767,935075,27585.0
82848,11541,23282.0
82852,970866,39451.0
82854,1320261,38745.0
83086,1126591,42297.0
83134,1465522,46838.0
83177,1302067,41515.0
83270,1371155,46138.0
83480,479997,23047.0
83613,409847,49849.0
83803,1620446,40619.0
83827,1391092,52013.0
84152,1219289,51876.0
84189,1242432,43947.0
84374,1411238,41630.0
84414,1699114,56590.0
84601,1401152,48138.0
84615,1477837,52067.0
84696,1320239,50204.0
84772,1092026,39513.0
84942,1502404,47327.0
84944,1192628,44896.0
84950,810922,50725.0
85022,480687,48988.0
85056,1464540,46529.0
85131,1217613,44943.0
85259,61199,36540.0
85261,1305591,50321.0
85295,1618435,47533.0
85367,1564367,50546.0
85397,1486185,49730.0
85399,1464174,38322.0
85401,1512235,45132.0
85414,945513,45612.0
85438,1229822,38684.0
85510,978764,23629.0
85565,1487118,58232.0
85796,1640459,49010.0
85881,1606392,55725.0
86000,1560139,39356.0
86014,1650043,60307.0
86028,1220888,53172.0
86059,1411704,50359.0
86190,993842,50456.0
86279,1194612,54527.0
86286,94939,23521.0
86293,1334512,49012.0
86295,1262416,41446.0
86298,1436562,46195.0
86320,1527186,62215.0
86332,800369,10195.0
86548,1067583,55787.0
86593,1223236,57586.0
86628,1416801,51209.0
86781,1255953,46738.0
86815,1596346,43959.0
86817,491152,49022.0
86833,1478338,55721.0
86835,822847,38321.0
86880,1298650,1865.0
86882,1605783,59436.0
86892,1527788,51608.0
86960,1176724,21469.0
87192,1478964,59678.0
87194,1441912,59468.0
87197,1533117,51533.0
87232,1270798,49538.0
87234,1440292,49020.0
87298,1531663,45658.0
87304,1532503,55347.0
87306,1650062,37686.0
87430,1133985,44912.0
87444,1340773,56272.0
87483,1396218,58224.0
87485,1284575,52449.0
87520,1399103,38356.0
87522,1583420,59861.0
87529,1240982,38319.0
87660,1742683,65034.0
87785,1135084,22907.0
87867,1222817,38317.0
87869,1499658,51540.0
87876,1216475,49013.0
88069,1934231,67109.0
88108,1067774,59860.0
88129,780504,64690.0
88140,458339,1771.0
88163,1570728,50646.0
88179,1563738,51828.0
88267,1449283,51162.0
88345,323250,13931.0
88405,1632708,50544.0
88672,1637706,59968.0
88699,1500491,51620.0
88744,1318514,61791.0
88746,1687281,51993.0
88812,1622547,62206.0
88932,1622979,55779.0
89030,1438176,58151.0
89039,1549572,55420.0
89047,1403177,44835.0
89072,1464580,52015.0
89087,1657507,62835.0
89190,816462,37430.0
89343,873886,48572.0
89388,1742650,70868.0
89427,1633356,65055.0
89470,1598778,39538.0
89492,1210166,60308.0
89580,1560970,55785.0
89586,1825918,71689.0
89678,844794,18093.0
89774,1291584,59440.0
89837,1788391,74725.0
89840,1448755,49021.0
89864,1306980,40807.0
89898,459748,63375.0
89904,1655442,74643.0
90057,1675192,64720.0
90249,433035,39254.0
90343,1068242,68817.0
90353,1533013,59437.0
90357,1204340,76543.0
90374,1441326,50837.0
90376,1242460,71859.0
90405,1637688,49530.0
90428,466893,44754.0
90430,1692486,72113.0
90439,1615147,50839.0
90469,1778304,72571.0
90471,1582248,72432.0
90522,1634122,58233.0
90524,1600195,59965.0
90528,1440345,53487.0
90531,1723811,76025.0
90576,770703,63492.0
90603,1672723,69735.0
90630,1784538,77801.0
90647,448694,58423.0
90717,471042,59108.0
90719,1616195,88794.0
90809,1847731,65229.0
90863,1113829,75964.0
90866,970179,44826.0
90888,1253864,37958.0
90943,1972663,77365.0
91079,1758692,60420.0
91126,1568911,57212.0
91233,945571,13060.0
91266,1071358,15157.0
91273,1181795,30618.0
91325,477302,64685.0
91337,1124388,45708.0
91386,1402488,65759.0
91414,1430607,51052.0
91470,1634136,91550.0
91500,1392170,70160.0
91542,1515091,58574.0
91571,1372686,101173.0
91622,1625346,57157.0
91628,1598822,62838.0
91653,1389137,74465.0
91666,42665,16939.0
91688,1251743,51995.0
91690,1720616,80038.0
91784,1682246,59006.0
91842,1524137,77866.0
91869,1787660,75301.0
91873,1710396,63574.0
91974,1496025,52520.0
91978,1568338,49527.0
92008,1506999,70435.0
92192,1772240,50357.0
92198,1214962,74998.0
92234,485985,72431.0
92259,1675434,77338.0
92264,1598828,54054.0
92391,1703199,50698.0
92420,1706593,76726.0
92507,1599348,59961.0
92643,2011971,78480.0
92674,1509130,73700.0
92681,1397514,72545.0
92694,1439572,51999.0
92938,1071875,71676.0
92954,1073510,21634.0
93022,1129427,51875.0
93193,1530983,45569.0
93242,1838544,79548.0
93270,1636826,57214.0
93297,1591479,75674.0
93326,1596350,59962.0
93363,401729,49529.0
93443,1456635,74387.0
93510,1232829,64688.0
93563,1592525,81796.0
93610,1477109,61984.0
93723,1667307,82533.0
93740,1441952,81025.0
93766,1646987,57165.0
93790,1683526,74308.0
93805,1034314,10679.0
93819,1610996,74777.0
93855,1912398,74306.0
94015,1667353,62764.0
94018,1440129,44833.0
94150,1435513,75802.0
94323,1621045,67660.0
94478,1077368,62213.0
94494,1641385,89326.0
94661,1434447,26815.0
94780,1735898,58595.0
94864,1446714,70981.0
94896,1704573,92591.0
94919,1196340,12645.0
94931,1592281,86555.0
94959,1748122,83666.0
94985,1567609,80389.0
95088,1862079,84332.0
95105,1277953,80321.0
95149,1398941,22855.0
95167,1217209,62177.0
95170,118692,13313.0
95193,143808,13761.0
95201,1859650,81836.0
95207,1611224,72331.0
95307,1336608,80585.0
95309,1307068,88005.0
95311,1245104,13042.0
95313,455565,13932.0
95441,1637725,72105.0
95449,1915581,77930.0
95508,1598873,95516.0
95558,2125435,84175.0
95583,1615065,82525.0
95654,131409,13929.0
95761,1726669,73567.0
95843,58154,52906.0
95858,248808,13930.0
95873,1839492,103332.0
95875,1386703,64635.0
96114,1990181,85414.0
96121,1535438,82696.0
96281,1623288,77174.0
96283,2023453,82650.0
96417,1547234,49526.0
96432,1212450,82633.0
96588,1981677,114150.0
96608,114308,67166.0
96610,1276104,59967.0
96616,1232200,87428.0
96691,1855325,71679.0
96737,1343727,49049.0
96811,1855199,77016.0
96815,2105044,84348.0
96832,2076220,103328.0
96861,1397280,82675.0
96917,1582507,82505.0
97172,1142977,62214.0
97188,1922777,82507.0
97225,837562,76492.0
97304,1024648,68734.0
97306,1931533,86838.0
97701,2109184,82990.0
97742,1712170,94348.0
97752,1371111,83542.0
97836,1648179,87826.0
97860,1764234,64689.0
97913,1772341,82690.0
97936,1781769,96724.0
97938,454876,87827.0
98122,1942884,80215.0
98154,443272,72976.0
98175,1545106,73935.0
98296,1667310,97614.0
98607,1483797,71883.0
98836,1477855,87504.0
98961,1790885,97630.0
99005,1925431,139567.0
99087,1540128,77875.0
99114,1853728,68718.0
99122,97550,41153.0
99415,1047540,88042.0
99437,1783732,75761.0
99636,2181931,118628.0
99728,1321870,82682.0
100159,2023690,117974.0
100302,1374992,58244.0
100527,1702439,112949.0
100611,765446,68179.0
100714,2209418,132344.0
100906,100107,28090.0
101076,1583421,72559.0
102033,1980209,134374.0
102084,2027128,76589.0
102602,76391,27861.0
102684,1602613,77987.0
102735,78937,197467.0
102749,78938,197481.0
102760,1489167,42151.0
102880,1815862,82700.0
102903,1670345,75656.0
103141,1453405,62211.0
103210,1776196,80518.0
103228,1663662,68726.0
103253,1535108,68724.0
103755,1860353,77950.0
104141,346578,21683.0
104419,1494772,30061.0
104457,1853739,83899.0
104760,2167202,146227.0
104841,1454468,49047.0
104913,1979320,96721.0
106002,1731141,80274.0
107630,1247667,27584.0
107780,2227830,230657.0
108795,1186373,15359.0
109416,1349482,21474.0
109941,2268617,83201.0
110127,1959490,86834.0
113280,1967697,192623.0
116169,1460743,44092.0
116529,1966566,203793.0
116724,2036416,84111.0
116941,99878,17009.0
116963,102940,21811.0
117133,1055300,17808.0
117368,484439,10258.0
117849,115650,25518.0
117922,2100546,79218.0
118512,972785,15261.0
118894,1599351,32916.0
119167,1343740,51239.0
119828,76360,19946.0
121007,1164647,14749.0
121097,105606,50327.0
121338,56912,19254.0
121342,55831,26190.0
121469,988083,14862.0
121781,472602,30178.0
122092,408828,14407.0
122627,117223,80985.0
123310,117942,36983.0
123545,41190,228074.0
124484,74739,114735.0
125970,173886,27850.0
125974,414078,34560.0
126088,193164,48874.0
126921,465997,9948.0
128197,102002,89292.0
128736,1571404,37058.0
128944,119310,11425.0
128968,348124,15567.0
130482,41968,27036.0
131130,1114698,24696.0
132584,327698,50794.0
133716,55400,42279.0
134041,72613,20870.0
134334,419058,20359.0
134515,85204,17381.0
134849,45708,53210.0
135216,193524,74849.0
135803,84921,41378.0
135937,111190,10450.0
136355,2235542,119321.0
136503,808508,60293.0
136556,1980162,81003.0
136850,67952,30341.0
136958,87746,44859.0
137517,207374,29419.0
138966,382868,60843.0
140038,82562,11441.0
140133,95312,27412.0
141400,77973,48297.0
141830,70439,57778.0
142020,62083,2798.0
142558,315152,18303.0
142831,453671,19636.0
144522,398563,5846.0
144606,270288,4912.0
145491,270560,34729.0
145724,71647,74836.0
145745,187598,268788.0
146244,118983,13986.0
147196,134614,20975.0
147657,82153,63441.0
147662,64265,48300.0
148671,495241,246355.0
148775,1369845,26736.0
148982,77429,26702.0
149330,182015,125464.0
149508,2132405,92499.0
151745,56405,21266.0
151781,856797,18874.0
152105,66963,20051.0
158388,77278,3786.0
158721,206334,13099.0
160341,118745,30948.0
160422,43147,68309.0
161008,99595,118430.0
164707,447987,55504.0
167296,22002,194310.0
167538,85937,87852.0
168358,79285,19761.0
169904,109965,11795.0
170289,410650,9711.0
170297,803093,14611.0
170551,188503,74336.0
170837,200809,36968.0
170993,425253,15314.0
171751,374887,19625.0
172215,105321,37022.0
172229,95875,55728.0
172233,223954,44015.0
172253,95730,38966.0
172577,219233,145760.0
172909,201520,213313.0
173873,115195,26787.0
173963,809951,6079.0
181719,114395,49809.0
182297,30604,128756.0
182299,30608,188763.0
182731,393596,124117.0
183301,92046,31615.0
184053,1016024,17571.0
190207,1680019,79159.0
