movieId,title,genres
1,Toy Story (1995),Adventure|Animation|Children|Comedy|Fantasy
2,Jumanji (1995),Adventure|Children|Fantasy
3,Grumpier Old Men (1995),Comedy|Romance
4,Waiting to Exhale (1995),Comedy|Drama|Romance
5,Father of the Bride Part II (1995),Comedy
6,Heat (1995),Action|Crime|Thriller
7,Sabrina (1995),Comedy|Romance
8,Tom and Huck (1995),Adventure|Children
9,Sudden Death (1995),Action
10,GoldenEye (1995),Action|Adventure|Thriller
11,"American President, The (1995)",Comedy|Drama|Romance
12,Dracula: Dead and Loving It (1995),Comedy|Horror
13,Balto (1995),Adventure|Animation|Children
14,Nixon (1995),Drama
15,Cutthroat Island (1995),Action|Adventure|Romance
16,Casino (1995),Crime|Drama
17,Sense and Sensibility (1995),Drama|Romance
18,Four Rooms (1995),Comedy
19,Ace Ventura: When Nature Calls (1995),Comedy
20,Money Train (1995),Action|Comedy|Crime|Drama|Thriller
21,Get Shorty (1995),Comedy|Crime|Thriller
22,Copycat (1995),Crime|Drama|Horror|Mystery|Thriller
23,Assassins (1995),Action|Crime|Thriller
24,Powder (1995),Drama|Sci-Fi
25,Leaving Las Vegas (1995),Drama|Romance
26,Othello (1995),Drama
27,Now and Then (1995),Children|Drama
28,Persuasion (1995),Drama|Romance
29,"City of Lost Children, The (Cité des enfants perdus, La) (1995)",Adventure|Drama|Fantasy|Mystery|Sci-Fi
30,Shanghai Triad (Yao a yao yao dao waipo qiao) (1995),Crime|Drama
31,Dangerous Minds (1995),Drama
32,Twelve Monkeys (a.k.a. 12 Monkeys) (1995),Mystery|Sci-Fi|Thriller
34,Babe (1995),Children|Drama
36,Dead Man Walking (1995),Crime|Drama
38,It Takes Two (1995),Children|Comedy
39,Clueless (1995),Comedy|Romance
40,"Cry, the Beloved Country (1995)",Drama
41,Richard III (1995),Drama|War
42,Dead Presidents (1995),Action|Crime|Drama
43,Restoration (1995),Drama
44,Mortal Kombat (1995),Action|Adventure|Fantasy
45,To Die For (1995),Comedy|Drama|Thriller
46,How to Make an American Quilt (1995),Drama|Romance
47,Seven (a.k.a. Se7en) (1995),Mystery|Thriller
48,Pocahontas (1995),Animation|Children|Drama|Musical|Romance
49,When Night Is Falling (1995),Drama|Romance
50,"Usual Suspects, The (1995)",Crime|Mystery|Thriller
52,Mighty Aphrodite (1995),Comedy|Drama|Romance
53,Lamerica (1994),Adventure|Drama
54,"Big Green, The (1995)",Children|Comedy
55,Georgia (1995),Drama
57,Home for the Holidays (1995),Drama
58,"Postman, The (Postino, Il) (1994)",Comedy|Drama|Romance
60,"Indian in the Cupboard, The (1995)",Adventure|Children|Fantasy
61,Eye for an Eye (1996),Drama|Thriller
62,Mr. Holland's Opus (1995),Drama
63,Don't Be a Menace to South Central While Drinking Your Juice in the Hood (1996),Comedy|Crime
64,Two if by Sea (1996),Comedy|Romance
65,Bio-Dome (1996),Comedy
66,Lawnmower Man 2: Beyond Cyberspace (1996),Action|Sci-Fi|Thriller
68,French Twist (Gazon maudit) (1995),Comedy|Romance
69,Friday (1995),Comedy
70,From Dusk Till Dawn (1996),Action|Comedy|Horror|Thriller
71,Fair Game (1995),Action
72,Kicking and Screaming (1995),Comedy|Drama
73,"Misérables, Les (1995)",Drama|War
74,Bed of Roses (1996),Drama|Romance
75,Big Bully (1996),Comedy|Drama
76,Screamers (1995),Action|Sci-Fi|Thriller
77,Nico Icon (1995),Documentary
78,"Crossing Guard, The (1995)",Action|Crime|Drama|Thriller
79,"Juror, The (1996)",Drama|Thriller
80,"White Balloon, The (Badkonake sefid) (1995)",Children|Drama
81,Things to Do in Denver When You're Dead (1995),Crime|Drama|Romance
82,Antonia's Line (Antonia) (1995),Comedy|Drama
83,Once Upon a Time... When We Were Colored (1995),Drama|Romance
85,Angels and Insects (1995),Drama|Romance
86,White Squall (1996),Action|Adventure|Drama
87,Dunston Checks In (1996),Children|Comedy
88,Black Sheep (1996),Comedy
89,Nick of Time (1995),Action|Thriller
92,Mary Reilly (1996),Drama|Horror|Thriller
93,Vampire in Brooklyn (1995),Comedy|Horror|Romance
94,Beautiful Girls (1996),Comedy|Drama|Romance
95,Broken Arrow (1996),Action|Adventure|Thriller
96,In the Bleak Midwinter (1995),Comedy|Drama
97,"Hate (Haine, La) (1995)",Crime|Drama
99,Heidi Fleiss: Hollywood Madam (1995),Documentary
100,City Hall (1996),Drama|Thriller
101,Bottle Rocket (1996),Adventure|Comedy|Crime|Romance
102,Mr. Wrong (1996),Comedy
103,Unforgettable (1996),Mystery|Sci-Fi|Thriller
104,Happy Gilmore (1996),Comedy
105,"Bridges of Madison County, The (1995)",Drama|Romance
106,Nobody Loves Me (Keiner liebt mich) (1994),Comedy|Drama
107,Muppet Treasure Island (1996),Adventure|Children|Comedy|Musical
108,Catwalk (1996),Documentary
110,Braveheart (1995),Action|Drama|War
111,Taxi Driver (1976),Crime|Drama|Thriller
112,Rumble in the Bronx (Hont faan kui) (1995),Action|Adventure|Comedy|Crime
113,Before and After (1996),Drama|Mystery
116,Anne Frank Remembered (1995),Documentary
117,"Young Poisoner's Handbook, The (1995)",Crime|Drama
118,If Lucy Fell (1996),Comedy|Romance
119,"Steal Big, Steal Little (1995)",Comedy
121,"Boys of St. Vincent, The (1992)",Drama
122,Boomerang (1992),Comedy|Romance
123,Chungking Express (Chung Hing sam lam) (1994),Drama|Mystery|Romance
125,Flirting With Disaster (1996),Comedy
126,"NeverEnding Story III, The (1994)",Adventure|Children|Fantasy
128,Jupiter's Wife (1994),Documentary
129,Pie in the Sky (1996),Comedy|Romance
132,Jade (1995),Thriller
135,Down Periscope (1996),Comedy
137,Man of the Year (1995),Documentary
140,Up Close and Personal (1996),Drama|Romance
141,"Birdcage, The (1996)",Comedy
144,"Brothers McMullen, The (1995)",Comedy
145,Bad Boys (1995),Action|Comedy|Crime|Drama|Thriller
146,"Amazing Panda Adventure, The (1995)",Adventure|Children
147,"Basketball Diaries, The (1995)",Drama
148,"Awfully Big Adventure, An (1995)",Drama
149,Amateur (1994),Crime|Drama|Thriller
150,Apollo 13 (1995),Adventure|Drama|IMAX
151,Rob Roy (1995),Action|Drama|Romance|War
152,"Addiction, The (1995)",Drama|Horror
153,Batman Forever (1995),Action|Adventure|Comedy|Crime
154,Beauty of the Day (Belle de jour) (1967),Drama
155,Beyond Rangoon (1995),Adventure|Drama|War
156,Blue in the Face (1995),Comedy|Drama
157,Canadian Bacon (1995),Comedy|War
158,Casper (1995),Adventure|Children
159,Clockers (1995),Crime|Drama|Mystery
160,Congo (1995),Action|Adventure|Mystery|Sci-Fi
161,Crimson Tide (1995),Drama|Thriller|War
162,Crumb (1994),Documentary
163,Desperado (1995),Action|Romance|Western
164,Devil in a Blue Dress (1995),Crime|Film-Noir|Mystery|Thriller
165,Die Hard: With a Vengeance (1995),Action|Crime|Thriller
166,"Doom Generation, The (1995)",Comedy|Crime|Drama
168,First Knight (1995),Action|Drama|Romance
169,Free Willy 2: The Adventure Home (1995),Adventure|Children|Drama
170,Hackers (1995),Action|Adventure|Crime|Thriller
171,Jeffrey (1995),Comedy|Drama
172,Johnny Mnemonic (1995),Action|Sci-Fi|Thriller
173,Judge Dredd (1995),Action|Crime|Sci-Fi
174,Jury Duty (1995),Comedy
175,Kids (1995),Drama
176,Living in Oblivion (1995),Comedy
177,Lord of Illusions (1995),Horror
178,Love & Human Remains (1993),Comedy|Drama
179,Mad Love (1995),Drama|Romance
180,Mallrats (1995),Comedy|Romance
181,Mighty Morphin Power Rangers: The Movie (1995),Action|Children
183,Mute Witness (1994),Comedy|Horror|Thriller
184,Nadja (1994),Drama
185,"Net, The (1995)",Action|Crime|Thriller
186,Nine Months (1995),Comedy|Romance
187,Party Girl (1995),Comedy
188,"Prophecy, The (1995)",Fantasy|Horror|Mystery
189,Reckless (1995),Comedy|Fantasy
190,Safe (1995),Thriller
191,"Scarlet Letter, The (1995)",Drama|Romance
193,Showgirls (1995),Drama
194,Smoke (1995),Comedy|Drama
195,Something to Talk About (1995),Comedy|Drama|Romance
196,Species (1995),Horror|Sci-Fi
198,Strange Days (1995),Action|Crime|Drama|Mystery|Sci-Fi|Thriller
199,"Umbrellas of Cherbourg, The (Parapluies de Cherbourg, Les) (1964)",Drama|Musical|Romance
201,Three Wishes (1995),Drama|Fantasy
202,Total Eclipse (1995),Drama|Romance
203,"To Wong Foo, Thanks for Everything! Julie Newmar (1995)",Comedy
204,Under Siege 2: Dark Territory (1995),Action
205,Unstrung Heroes (1995),Comedy|Drama
206,Unzipped (1995),Documentary
207,"Walk in the Clouds, A (1995)",Drama|Romance
208,Waterworld (1995),Action|Adventure|Sci-Fi
209,White Man's Burden (1995),Drama
210,Wild Bill (1995),Western
211,"Browning Version, The (1994)",Drama
212,Bushwhacked (1995),Adventure|Comedy|Crime|Mystery
213,Burnt by the Sun (Utomlyonnye solntsem) (1994),Drama
214,Before the Rain (Pred dozhdot) (1994),Drama|War
215,Before Sunrise (1995),Drama|Romance
216,Billy Madison (1995),Comedy
217,"Babysitter, The (1995)",Drama|Thriller
218,Boys on the Side (1995),Comedy|Drama
219,"Cure, The (1995)",Drama
220,Castle Freak (1995),Horror
222,Circle of Friends (1995),Drama|Romance
223,Clerks (1994),Comedy
224,Don Juan DeMarco (1995),Comedy|Drama|Romance
225,Disclosure (1994),Drama|Thriller
227,Drop Zone (1994),Action|Thriller
228,Destiny Turns on the Radio (1995),Comedy
229,Death and the Maiden (1994),Drama|Thriller
230,Dolores Claiborne (1995),Drama|Thriller
231,Dumb & Dumber (Dumb and Dumber) (1994),Adventure|Comedy
232,Eat Drink Man Woman (Yin shi nan nu) (1994),Comedy|Drama|Romance
233,Exotica (1994),Drama
234,Exit to Eden (1994),Comedy
235,Ed Wood (1994),Comedy|Drama
236,French Kiss (1995),Action|Comedy|Romance
237,Forget Paris (1995),Comedy|Romance
238,Far From Home: The Adventures of Yellow Dog (1995),Adventure|Children
239,"Goofy Movie, A (1995)",Animation|Children|Comedy|Romance
240,Hideaway (1995),Thriller
241,Fluke (1995),Children|Drama
242,Farinelli: il castrato (1994),Drama|Musical
243,Gordy (1995),Children|Comedy|Fantasy
246,Hoop Dreams (1994),Documentary
247,Heavenly Creatures (1994),Crime|Drama
248,Houseguest (1994),Comedy
249,Immortal Beloved (1994),Drama|Romance
250,Heavyweights (Heavy Weights) (1995),Children|Comedy
251,"Hunted, The (1995)",Action
252,I.Q. (1994),Comedy|Romance
253,Interview with the Vampire: The Vampire Chronicles (1994),Drama|Horror
254,Jefferson in Paris (1995),Drama
255,"Jerky Boys, The (1995)",Comedy
256,Junior (1994),Comedy|Sci-Fi
257,Just Cause (1995),Mystery|Thriller
258,"Kid in King Arthur's Court, A (1995)",Adventure|Children|Comedy|Fantasy|Romance
259,Kiss of Death (1995),Crime|Drama|Thriller
260,Star Wars: Episode IV - A New Hope (1977),Action|Adventure|Sci-Fi
261,Little Women (1994),Drama
262,"Little Princess, A (1995)",Children|Drama
263,Ladybird Ladybird (1994),Drama
265,Like Water for Chocolate (Como agua para chocolate) (1992),Drama|Fantasy|Romance
266,Legends of the Fall (1994),Drama|Romance|War|Western
267,Major Payne (1995),Comedy
269,My Crazy Life (Mi vida loca) (1993),Drama
270,Love Affair (1994),Drama|Romance
271,Losing Isaiah (1995),Drama
272,"Madness of King George, The (1994)",Comedy|Drama
273,Mary Shelley's Frankenstein (Frankenstein) (1994),Drama|Horror|Sci-Fi
274,Man of the House (1995),Comedy
275,Mixed Nuts (1994),Comedy
276,Milk Money (1994),Comedy|Romance
277,Miracle on 34th Street (1994),Drama
278,Miami Rhapsody (1995),Comedy
279,My Family (1995),Drama
280,Murder in the First (1995),Drama|Thriller
281,Nobody's Fool (1994),Comedy|Drama|Romance
282,Nell (1994),Drama
283,New Jersey Drive (1995),Crime|Drama
284,New York Cop (Nyû Yôku no koppu) (1993),Action|Crime
285,Beyond Bedlam (1993),Drama|Horror
287,Nina Takes a Lover (1994),Comedy|Romance
288,Natural Born Killers (1994),Action|Crime|Thriller
289,Only You (1994),Comedy|Romance
290,Once Were Warriors (1994),Crime|Drama
291,Poison Ivy II (1996),Drama|Thriller
292,Outbreak (1995),Action|Drama|Sci-Fi|Thriller
293,Léon: The Professional (a.k.a. The Professional) (Léon) (1994),Action|Crime|Drama|Thriller
294,"Perez Family, The (1995)",Comedy|Romance
295,"Pyromaniac's Love Story, A (1995)",Comedy|Romance
296,Pulp Fiction (1994),Comedy|Crime|Drama|Thriller
298,Pushing Hands (Tui shou) (1992),Drama
299,Priest (1994),Drama
300,Quiz Show (1994),Drama
301,Picture Bride (Bijo photo) (1994),Drama|Romance
302,"Queen Margot (Reine Margot, La) (1994)",Drama|Romance
303,"Quick and the Dead, The (1995)",Action|Thriller|Western
304,Roommates (1995),Comedy|Drama
305,Ready to Wear (Pret-A-Porter) (1994),Comedy
306,Three Colors: Red (Trois couleurs: Rouge) (1994),Drama
307,Three Colors: Blue (Trois couleurs: Bleu) (1993),Drama
308,Three Colors: White (Trzy kolory: Bialy) (1994),Comedy|Drama
310,Rent-a-Kid (1995),Comedy
311,Relative Fear (1994),Horror|Thriller
312,Stuart Saves His Family (1995),Comedy
313,"Swan Princess, The (1994)",Animation|Children
314,"Secret of Roan Inish, The (1994)",Children|Drama|Fantasy|Mystery
315,"Specialist, The (1994)",Action|Drama|Thriller
316,Stargate (1994),Action|Adventure|Sci-Fi
317,"Santa Clause, The (1994)",Comedy|Drama|Fantasy
318,"Shawshank Redemption, The (1994)",Crime|Drama
319,Shallow Grave (1994),Comedy|Drama|Thriller
320,Suture (1993),Film-Noir|Thriller
321,Strawberry and Chocolate (Fresa y chocolate) (1993),Drama
322,Swimming with Sharks (1995),Comedy|Drama
324,"Sum of Us, The (1994)",Comedy|Drama
325,National Lampoon's Senior Trip (1995),Comedy
326,To Live (Huozhe) (1994),Drama
327,Tank Girl (1995),Action|Comedy|Sci-Fi
328,Tales from the Crypt Presents: Demon Knight (1995),Horror|Thriller
329,Star Trek: Generations (1994),Adventure|Drama|Sci-Fi
330,Tales from the Hood (1995),Action|Crime|Horror
331,Tom & Viv (1994),Drama
332,Village of the Damned (1995),Horror|Sci-Fi
333,Tommy Boy (1995),Comedy
334,Vanya on 42nd Street (1994),Drama
335,Underneath (1995),Mystery|Thriller
336,"Walking Dead, The (1995)",Drama|War
337,What's Eating Gilbert Grape (1993),Drama
338,Virtuosity (1995),Action|Sci-Fi|Thriller
339,While You Were Sleeping (1995),Comedy|Romance
340,"War, The (1994)",Adventure|Drama|War
341,Double Happiness (1994),Drama
342,Muriel's Wedding (1994),Comedy
343,"Baby-Sitters Club, The (1995)",Children
344,Ace Ventura: Pet Detective (1994),Comedy
345,"Adventures of Priscilla, Queen of the Desert, The (1994)",Comedy|Drama
346,Backbeat (1993),Drama|Musical
347,Bitter Moon (1992),Drama|Film-Noir|Romance
348,Bullets Over Broadway (1994),Comedy
349,Clear and Present Danger (1994),Action|Crime|Drama|Thriller
350,"Client, The (1994)",Drama|Mystery|Thriller
351,"Corrina, Corrina (1994)",Comedy|Drama|Romance
352,Crooklyn (1994),Comedy|Drama
353,"Crow, The (1994)",Action|Crime|Fantasy|Thriller
354,Cobb (1994),Drama
355,"Flintstones, The (1994)",Children|Comedy|Fantasy
356,Forrest Gump (1994),Comedy|Drama|Romance|War
357,Four Weddings and a Funeral (1994),Comedy|Romance
358,Higher Learning (1995),Drama
359,I Like It Like That (1994),Comedy|Drama|Romance
360,I Love Trouble (1994),Action|Comedy
361,It Could Happen to You (1994),Comedy|Drama|Romance
362,"Jungle Book, The (1994)",Adventure|Children|Romance
363,"Wonderful, Horrible Life of Leni Riefenstahl, The (Macht der Bilder: Leni Riefenstahl, Die) (1993)",Documentary
364,"Lion King, The (1994)",Adventure|Animation|Children|Drama|Musical|IMAX
365,Little Buddha (1993),Drama
366,"Wes Craven's New Nightmare (Nightmare on Elm Street Part 7: Freddy's Finale, A) (1994)",Drama|Horror|Mystery|Thriller
367,"Mask, The (1994)",Action|Comedy|Crime|Fantasy
368,Maverick (1994),Adventure|Comedy|Western
369,Mrs. Parker and the Vicious Circle (1994),Drama
370,Naked Gun 33 1/3: The Final Insult (1994),Action|Comedy
371,"Paper, The (1994)",Comedy|Drama
372,Reality Bites (1994),Comedy|Drama|Romance
373,Red Rock West (1992),Thriller
374,Richie Rich (1994),Children|Comedy
376,"River Wild, The (1994)",Action|Thriller
377,Speed (1994),Action|Romance|Thriller
378,Speechless (1994),Comedy|Romance
379,Timecop (1994),Action|Sci-Fi|Thriller
380,True Lies (1994),Action|Adventure|Comedy|Romance|Thriller
381,When a Man Loves a Woman (1994),Drama|Romance
382,Wolf (1994),Drama|Horror|Romance|Thriller
383,Wyatt Earp (1994),Western
384,Bad Company (1995),Action|Crime|Drama
385,"Man of No Importance, A (1994)",Drama
386,S.F.W. (1994),Drama
387,"Low Down Dirty Shame, A (1994)",Action|Comedy
388,Boys Life (1995),Drama
389,"Colonel Chabert, Le (1994)",Drama|Romance|War
390,Faster Pussycat! Kill! Kill! (1965),Action|Crime|Drama
391,Jason's Lyric (1994),Crime|Drama
393,Street Fighter (1994),Action|Adventure|Fantasy
405,Highlander III: The Sorcerer (a.k.a. Highlander: The Final Dimension) (1994),Action|Fantasy
406,Federal Hill (1994),Drama
407,In the Mouth of Madness (1995),Horror|Thriller
408,8 Seconds (1994),Drama
409,Above the Rim (1994),Crime|Drama
410,Addams Family Values (1993),Children|Comedy|Fantasy
412,"Age of Innocence, The (1993)",Drama
413,Airheads (1994),Comedy
414,"Air Up There, The (1994)",Comedy
415,Another Stakeout (1993),Comedy|Thriller
416,Bad Girls (1994),Western
417,Barcelona (1994),Comedy|Romance
418,Being Human (1993),Drama
419,"Beverly Hillbillies, The (1993)",Comedy
420,Beverly Hills Cop III (1994),Action|Comedy|Crime|Thriller
421,Black Beauty (1994),Adventure|Children|Drama
422,Blink (1994),Thriller
423,Blown Away (1994),Action|Thriller
424,Blue Chips (1994),Drama
425,Blue Sky (1994),Drama|Romance
426,Body Snatchers (1993),Horror|Sci-Fi|Thriller
427,Boxing Helena (1993),Drama|Mystery|Romance|Thriller
428,"Bronx Tale, A (1993)",Drama
429,Cabin Boy (1994),Comedy
430,Calendar Girl (1993),Comedy|Drama
431,Carlito's Way (1993),Crime|Drama
432,City Slickers II: The Legend of Curly's Gold (1994),Adventure|Comedy|Western
433,Clean Slate (1994),Comedy
434,Cliffhanger (1993),Action|Adventure|Thriller
435,Coneheads (1993),Comedy|Sci-Fi
436,Color of Night (1994),Drama|Thriller
437,Cops and Robbersons (1994),Comedy
438,"Cowboy Way, The (1994)",Action|Comedy|Drama
440,Dave (1993),Comedy|Romance
441,Dazed and Confused (1993),Comedy
442,Demolition Man (1993),Action|Adventure|Sci-Fi
444,Even Cowgirls Get the Blues (1993),Comedy|Romance
445,Fatal Instinct (1993),Comedy
446,Farewell My Concubine (Ba wang bie ji) (1993),Drama|Romance
448,Fearless (1993),Drama
449,Fear of a Black Hat (1994),Comedy
450,With Honors (1994),Comedy|Drama
451,Flesh and Bone (1993),Drama|Mystery|Romance
452,Widows' Peak (1994),Drama
453,For Love or Money (1993),Comedy|Romance
454,"Firm, The (1993)",Drama|Thriller
455,Free Willy (1993),Adventure|Children|Drama
456,Fresh (1994),Crime|Drama|Thriller
457,"Fugitive, The (1993)",Thriller
458,Geronimo: An American Legend (1993),Drama|Western
459,"Getaway, The (1994)",Action|Adventure|Crime|Drama|Romance|Thriller
460,Getting Even with Dad (1994),Comedy
461,Go Fish (1994),Drama|Romance
464,Hard Target (1993),Action|Adventure|Crime|Thriller
466,Hot Shots! Part Deux (1993),Action|Comedy|War
467,Live Nude Girls (1995),Comedy
468,"Englishman Who Went Up a Hill But Came Down a Mountain, The (1995)",Comedy|Romance
469,"House of the Spirits, The (1993)",Drama|Romance
470,House Party 3 (1994),Comedy
471,"Hudsucker Proxy, The (1994)",Comedy
472,I'll Do Anything (1994),Comedy|Drama
473,In the Army Now (1994),Comedy|War
474,In the Line of Fire (1993),Action|Thriller
475,In the Name of the Father (1993),Drama
476,"Inkwell, The (1994)",Comedy|Drama
477,What's Love Got to Do with It? (1993),Drama|Musical
478,Jimmy Hollywood (1994),Comedy|Crime|Drama
479,Judgment Night (1993),Action|Crime|Thriller
480,Jurassic Park (1993),Action|Adventure|Sci-Fi|Thriller
481,Kalifornia (1993),Drama|Thriller
482,Killing Zoe (1994),Crime|Drama|Thriller
484,Lassie (1994),Adventure|Children
485,Last Action Hero (1993),Action|Adventure|Comedy|Fantasy
486,Life with Mikey (1993),Comedy
487,Lightning Jack (1994),Comedy|Western
488,M. Butterfly (1993),Drama|Romance
489,Made in America (1993),Comedy
490,Malice (1993),Thriller
491,"Man Without a Face, The (1993)",Drama
492,Manhattan Murder Mystery (1993),Comedy|Mystery
493,Menace II Society (1993),Action|Crime|Drama
494,Executive Decision (1996),Action|Adventure|Thriller
495,In the Realm of the Senses (Ai no corrida) (1976),Drama
496,What Happened Was... (1994),Comedy|Drama|Romance|Thriller
497,Much Ado About Nothing (1993),Comedy|Romance
499,Mr. Wonderful (1993),Comedy|Romance
500,Mrs. Doubtfire (1993),Comedy|Drama
501,Naked (1993),Drama
502,"Next Karate Kid, The (1994)",Action|Children|Romance
504,No Escape (1994),Action|Drama|Sci-Fi
505,North (1994),Comedy
506,Orlando (1992),Drama|Fantasy|Romance
507,"Perfect World, A (1993)",Crime|Drama|Thriller
508,Philadelphia (1993),Drama
509,"Piano, The (1993)",Drama|Romance
510,Poetic Justice (1993),Drama
511,"Program, The (1993)",Action|Drama
512,"Puppet Masters, The (1994)",Horror|Sci-Fi
513,Radioland Murders (1994),Comedy|Mystery|Romance
514,"Ref, The (1994)",Comedy
515,"Remains of the Day, The (1993)",Drama|Romance
516,Renaissance Man (1994),Comedy|Drama
517,Rising Sun (1993),Action|Drama|Mystery
518,"Road to Wellville, The (1994)",Comedy
519,RoboCop 3 (1993),Action|Crime|Drama|Sci-Fi|Thriller
520,Robin Hood: Men in Tights (1993),Comedy
521,Romeo Is Bleeding (1993),Crime|Thriller
522,Romper Stomper (1992),Action|Drama
523,Ruby in Paradise (1993),Drama
524,Rudy (1993),Drama
526,"Savage Nights (Nuits fauves, Les) (1992)",Drama
527,Schindler's List (1993),Drama|War
528,"Scout, The (1994)",Comedy|Drama
529,Searching for Bobby Fischer (1993),Drama
531,"Secret Garden, The (1993)",Children|Drama
532,Serial Mom (1994),Comedy|Crime|Horror
533,"Shadow, The (1994)",Action|Adventure|Fantasy|Mystery
534,Shadowlands (1993),Drama|Romance
535,Short Cuts (1993),Drama
536,"Simple Twist of Fate, A (1994)",Drama
537,Sirens (1994),Drama
538,Six Degrees of Separation (1993),Drama
539,Sleepless in Seattle (1993),Comedy|Drama|Romance
540,Sliver (1993),Thriller
541,Blade Runner (1982),Action|Sci-Fi|Thriller
542,Son in Law (1993),Comedy|Drama|Romance
543,So I Married an Axe Murderer (1993),Comedy|Romance|Thriller
544,Striking Distance (1993),Action|Crime
546,Super Mario Bros. (1993),Action|Adventure|Children|Comedy|Fantasy|Sci-Fi
547,Surviving the Game (1994),Action|Adventure|Thriller
548,Terminal Velocity (1994),Action|Mystery|Thriller
549,Thirty-Two Short Films About Glenn Gould (1993),Drama|Musical
550,Threesome (1994),Comedy|Romance
551,"Nightmare Before Christmas, The (1993)",Animation|Children|Fantasy|Musical
552,"Three Musketeers, The (1993)",Action|Adventure|Comedy|Romance
553,Tombstone (1993),Action|Drama|Western
555,True Romance (1993),Crime|Thriller
556,"War Room, The (1993)",Documentary
558,"Pagemaster, The (1994)",Action|Adventure|Animation|Children|Fantasy
562,Welcome to the Dollhouse (1995),Comedy|Drama
563,Germinal (1993),Drama|Romance
564,Chasers (1994),Comedy
567,Kika (1993),Comedy|Drama
568,Bhaji on the Beach (1993),Comedy|Drama
569,Little Big League (1994),Comedy|Drama
573,"Ciao, Professore! (Io speriamo che me la cavo) (1992)",Drama
574,Spanking the Monkey (1994),Comedy|Drama
575,"Little Rascals, The (1994)",Children|Comedy
577,Andre (1994),Adventure|Children|Drama
579,"Escort, The (Scorta, La) (1993)",Crime|Thriller
580,Princess Caraboo (1994),Drama
581,"Celluloid Closet, The (1995)",Documentary
583,Dear Diary (Caro Diario) (1994),Comedy|Drama
585,"Brady Bunch Movie, The (1995)",Comedy
586,Home Alone (1990),Children|Comedy
587,Ghost (1990),Comedy|Drama|Fantasy|Romance|Thriller
588,Aladdin (1992),Adventure|Animation|Children|Comedy|Musical
589,Terminator 2: Judgment Day (1991),Action|Sci-Fi
590,Dances with Wolves (1990),Adventure|Drama|Western
592,Batman (1989),Action|Crime|Thriller
593,"Silence of the Lambs, The (1991)",Crime|Horror|Thriller
594,Snow White and the Seven Dwarfs (1937),Animation|Children|Drama|Fantasy|Musical
595,Beauty and the Beast (1991),Animation|Children|Fantasy|Musical|Romance|IMAX
596,Pinocchio (1940),Animation|Children|Fantasy|Musical
597,Pretty Woman (1990),Comedy|Romance
599,"Wild Bunch, The (1969)",Adventure|Western
600,Love and a .45 (1994),Action|Comedy|Crime
602,"Great Day in Harlem, A (1994)",Documentary
605,One Fine Day (1996),Drama|Romance
606,Candyman: Farewell to the Flesh (1995),Fantasy|Horror
608,Fargo (1996),Comedy|Crime|Drama|Thriller
609,Homeward Bound II: Lost in San Francisco (1996),Adventure|Children
610,Heavy Metal (1981),Action|Adventure|Animation|Horror|Sci-Fi
611,Hellraiser: Bloodline (1996),Action|Horror|Sci-Fi
612,"Pallbearer, The (1996)",Comedy
613,Jane Eyre (1996),Drama|Romance
615,Bread and Chocolate (Pane e cioccolata) (1973),Comedy|Drama
616,"Aristocats, The (1970)",Animation|Children
617,"Flower of My Secret, The (La flor de mi secreto) (1995)",Comedy|Drama
618,Two Much (1995),Comedy|Romance
619,Ed (1996),Comedy
626,"Thin Line Between Love and Hate, A (1996)",Comedy
627,"Last Supper, The (1995)",Drama|Thriller
628,Primal Fear (1996),Crime|Drama|Mystery|Thriller
631,All Dogs Go to Heaven 2 (1996),Adventure|Animation|Children|Fantasy|Musical|Romance
632,Land and Freedom (Tierra y libertad) (1995),Drama|War
633,Denise Calls Up (1995),Comedy
634,Theodore Rex (1995),Comedy
635,"Family Thing, A (1996)",Comedy|Drama
636,Frisk (1995),Drama
637,Sgt. Bilko (1996),Comedy
638,Jack and Sarah (1995),Romance
639,Girl 6 (1996),Comedy|Drama
640,Diabolique (1996),Drama|Thriller
645,Nelly & Monsieur Arnaud (1995),Drama
647,Courage Under Fire (1996),Action|Crime|Drama|War
648,Mission: Impossible (1996),Action|Adventure|Mystery|Thriller
649,Cold Fever (Á köldum klaka) (1995),Comedy|Drama
650,Moll Flanders (1996),Drama
653,Dragonheart (1996),Action|Adventure|Fantasy
656,Eddie (1996),Comedy
661,James and the Giant Peach (1996),Adventure|Animation|Children|Fantasy|Musical
662,Fear (1996),Thriller
663,Kids in the Hall: Brain Candy (1996),Comedy
665,Underground (1995),Comedy|Drama|War
667,Bloodsport 2 (a.k.a. Bloodsport II: The Next Kumite) (1996),Action
668,Song of the Little Road (Pather Panchali) (1955),Drama
670,"World of Apu, The (Apur Sansar) (1959)",Drama
671,Mystery Science Theater 3000: The Movie (1996),Comedy|Sci-Fi
673,Space Jam (1996),Adventure|Animation|Children|Comedy|Fantasy|Sci-Fi
674,Barbarella (1968),Adventure|Comedy|Sci-Fi
678,Some Folks Call It a Sling Blade (1993),Drama|Thriller
679,"Run of the Country, The (1995)",Drama
680,"Alphaville (Alphaville, une étrange aventure de Lemmy Caution) (1965)",Drama|Mystery|Romance|Sci-Fi|Thriller
685,It's My Party (1996),Drama
688,Operation Dumbo Drop (1995),Action|Adventure|Comedy|War
691,Mrs. Winterbourne (1996),Comedy|Romance
692,Solo (1996),Action|Sci-Fi|Thriller
694,"Substitute, The (1996)",Action|Crime|Drama
695,True Crime (1996),Mystery|Thriller
697,Feeling Minnesota (1996),Drama|Romance
698,Delta of Venus (1995),Drama
700,Angus (1995),Comedy
703,Boys (1996),Drama
704,"Quest, The (1996)",Action|Adventure
706,Sunset Park (1996),Drama
707,Mulholland Falls (1996),Crime|Drama|Thriller
708,"Truth About Cats & Dogs, The (1996)",Comedy|Romance
709,Oliver & Company (1988),Adventure|Animation|Children|Comedy|Musical
710,Celtic Pride (1996),Comedy
711,Flipper (1996),Adventure|Children
714,Dead Man (1995),Drama|Mystery|Western
715,"Horseman on the Roof, The (Hussard sur le toit, Le) (1995)",Drama|Romance
718,"Visitors, The (Visiteurs, Les) (1993)",Comedy|Fantasy|Sci-Fi
719,Multiplicity (1996),Comedy
720,Wallace & Gromit: The Best of Aardman Animation (1996),Adventure|Animation|Comedy
722,"Haunted World of Edward D. Wood Jr., The (1996)",Documentary
724,"Craft, The (1996)",Drama|Fantasy|Horror|Thriller
725,"Great White Hype, The (1996)",Comedy
726,Last Dance (1996),Drama
728,Cold Comfort Farm (1995),Comedy
731,Heaven's Prisoners (1996),Crime|Thriller
733,"Rock, The (1996)",Action|Adventure|Thriller
735,Cemetery Man (Dellamorte Dellamore) (1994),Horror
736,Twister (1996),Action|Adventure|Romance|Thriller
737,Barb Wire (1996),Action|Sci-Fi
741,Ghost in the Shell (Kôkaku kidôtai) (1995),Animation|Sci-Fi
742,Thinner (1996),Horror|Thriller
743,Spy Hard (1996),Comedy
745,Wallace & Gromit: A Close Shave (1995),Animation|Children|Comedy
747,"Stupids, The (1996)",Comedy
748,"Arrival, The (1996)",Action|Sci-Fi|Thriller
750,Dr. Strangelove or: How I Learned to Stop Worrying and Love the Bomb (1964),Comedy|War
757,Ashes of Time (Dung che sai duk) (1994),Drama
759,Maya Lin: A Strong Clear Vision (1994),Documentary
760,Stalingrad (1993),Drama|War
761,"Phantom, The (1996)",Action|Adventure
762,Striptease (1996),Comedy|Crime
764,Heavy (1995),Drama|Romance
765,Jack (1996),Comedy|Drama
766,I Shot Andy Warhol (1996),Drama
773,Touki Bouki (1973),Drama
775,Spirits of the Dead (1968),Horror|Mystery
778,Trainspotting (1996),Comedy|Crime|Drama
779,'Til There Was You (1997),Drama|Romance
780,Independence Day (a.k.a. ID4) (1996),Action|Adventure|Sci-Fi|Thriller
781,Stealing Beauty (1996),Drama
782,"Fan, The (1996)",Drama|Thriller
783,"Hunchback of Notre Dame, The (1996)",Animation|Children|Drama|Musical|Romance
784,"Cable Guy, The (1996)",Comedy|Thriller
785,Kingpin (1996),Comedy
786,Eraser (1996),Action|Drama|Thriller
788,"Nutty Professor, The (1996)",Comedy|Fantasy|Romance|Sci-Fi
790,"Unforgettable Summer, An (Un été inoubliable) (1994)",Drama
791,"Last Klezmer: Leopold Kozlowski, His Life and Music, The (1994)",Documentary
795,Somebody to Love (1994),Drama
798,Daylight (1996),Action|Adventure|Drama|Thriller
799,"Frighteners, The (1996)",Comedy|Horror|Thriller
800,Lone Star (1996),Drama|Mystery|Western
801,Harriet the Spy (1996),Children|Comedy
802,Phenomenon (1996),Drama|Romance
803,Walking and Talking (1996),Comedy|Drama|Romance
804,She's the One (1996),Comedy|Romance
805,"Time to Kill, A (1996)",Drama|Thriller
806,American Buffalo (1996),Crime|Drama
808,Alaska (1996),Adventure|Children
809,Fled (1996),Action|Adventure
810,Kazaam (1996),Children|Comedy|Fantasy
813,Larger Than Life (1996),Comedy
818,"Very Brady Sequel, A (1996)",Comedy
823,"Collector, The (La collectionneuse) (1967)",Drama
824,Kaspar Hauser (1993),Drama|Mystery
828,"Adventures of Pinocchio, The (1996)",Adventure|Children
829,Joe's Apartment (1996),Comedy|Fantasy|Musical
830,"First Wives Club, The (1996)",Comedy
832,Ransom (1996),Crime|Thriller
833,High School High (1996),Comedy
835,Foxfire (1996),Drama
836,Chain Reaction (1996),Action|Adventure|Thriller
837,Matilda (1996),Children|Comedy|Fantasy
838,Emma (1996),Comedy|Drama|Romance
839,"Crow: City of Angels, The (1996)",Action|Thriller
840,House Arrest (1996),Children|Comedy
841,"Eyes Without a Face (Yeux sans visage, Les) (1959)",Horror
842,Tales from the Crypt Presents: Bordello of Blood (1996),Comedy|Horror
848,"Spitfire Grill, The (1996)",Drama
849,Escape from L.A. (1996),Action|Adventure|Sci-Fi|Thriller
851,Basquiat (1996),Drama
852,Tin Cup (1996),Comedy|Drama|Romance
858,"Godfather, The (1972)",Crime|Drama
861,Supercop (Police Story 3: Supercop) (Jing cha gu shi III: Chao ji jing cha) (1992),Action|Comedy|Crime|Thriller
866,Bound (1996),Crime|Drama|Romance|Thriller
867,Carpool (1996),Comedy|Crime
869,Kansas City (1996),Crime|Drama|Musical|Thriller
870,Gone Fishin' (1997),Comedy
875,Nothing to Lose (1994),Action|Crime|Drama
876,Supercop 2 (Project S) (Chao ji ji hua) (1993),Action|Comedy|Crime|Thriller
879,"Relic, The (1997)",Horror|Thriller
880,"Island of Dr. Moreau, The (1996)",Sci-Fi|Thriller
881,First Kid (1996),Children|Comedy
882,"Trigger Effect, The (1996)",Drama|Thriller
885,Bogus (1996),Children|Drama|Fantasy
886,Bulletproof (1996),Action|Comedy|Crime
888,Land Before Time III: The Time of the Great Giving (1995),Adventure|Animation|Children|Musical
889,1-900 (06) (1994),Drama|Romance
891,Halloween: The Curse of Michael Myers (Halloween 6: The Curse of Michael Myers) (1995),Horror|Thriller
892,Twelfth Night (1996),Comedy|Drama|Romance
893,Mother Night (1996),Drama
896,Wild Reeds (Les roseaux sauvages) (1994),Drama
897,For Whom the Bell Tolls (1943),Adventure|Drama|Romance|War
898,"Philadelphia Story, The (1940)",Comedy|Drama|Romance
899,Singin' in the Rain (1952),Comedy|Musical|Romance
900,"American in Paris, An (1951)",Musical|Romance
901,Funny Face (1957),Comedy|Musical
902,Breakfast at Tiffany's (1961),Drama|Romance
903,Vertigo (1958),Drama|Mystery|Romance|Thriller
904,Rear Window (1954),Mystery|Thriller
905,It Happened One Night (1934),Comedy|Romance
906,Gaslight (1944),Drama|Thriller
907,"Gay Divorcee, The (1934)",Comedy|Musical|Romance
908,North by Northwest (1959),Action|Adventure|Mystery|Romance|Thriller
909,"Apartment, The (1960)",Comedy|Drama|Romance
910,Some Like It Hot (1959),Comedy|Crime
911,Charade (1963),Comedy|Crime|Mystery|Romance|Thriller
912,Casablanca (1942),Drama|Romance
913,"Maltese Falcon, The (1941)",Film-Noir|Mystery
914,My Fair Lady (1964),Comedy|Drama|Musical|Romance
915,Sabrina (1954),Comedy|Romance
916,Roman Holiday (1953),Comedy|Drama|Romance
917,"Little Princess, The (1939)",Children|Drama
918,Meet Me in St. Louis (1944),Musical
919,"Wizard of Oz, The (1939)",Adventure|Children|Fantasy|Musical
920,Gone with the Wind (1939),Drama|Romance|War
921,My Favorite Year (1982),Comedy
922,Sunset Blvd. (a.k.a. Sunset Boulevard) (1950),Drama|Film-Noir|Romance
923,Citizen Kane (1941),Drama|Mystery
924,2001: A Space Odyssey (1968),Adventure|Drama|Sci-Fi
926,All About Eve (1950),Drama
927,"Women, The (1939)",Comedy
928,Rebecca (1940),Drama|Mystery|Romance|Thriller
929,Foreign Correspondent (1940),Drama|Film-Noir|Mystery|Thriller
930,Notorious (1946),Film-Noir|Romance|Thriller
931,Spellbound (1945),Mystery|Romance|Thriller
932,"Affair to Remember, An (1957)",Drama|Romance
933,To Catch a Thief (1955),Crime|Mystery|Romance|Thriller
934,Father of the Bride (1950),Comedy
935,"Band Wagon, The (1953)",Comedy|Musical
936,Ninotchka (1939),Comedy|Romance
937,Love in the Afternoon (1957),Comedy|Romance
938,Gigi (1958),Musical
940,"Adventures of Robin Hood, The (1938)",Action|Adventure|Romance
941,"Mark of Zorro, The (1940)",Adventure
942,Laura (1944),Crime|Film-Noir|Mystery
943,"Ghost and Mrs. Muir, The (1947)",Drama|Fantasy|Romance
944,Lost Horizon (1937),Drama
945,Top Hat (1935),Comedy|Musical|Romance
946,To Be or Not to Be (1942),Comedy|Drama|War
947,My Man Godfrey (1936),Comedy|Romance
948,Giant (1956),Drama|Romance|Western
949,East of Eden (1955),Drama
950,"Thin Man, The (1934)",Comedy|Crime
951,His Girl Friday (1940),Comedy|Romance
952,Around the World in 80 Days (1956),Adventure|Comedy
953,It's a Wonderful Life (1946),Children|Drama|Fantasy|Romance
954,Mr. Smith Goes to Washington (1939),Drama
955,Bringing Up Baby (1938),Comedy|Romance
956,Penny Serenade (1941),Drama|Romance
959,Of Human Bondage (1934),Drama
961,Little Lord Fauntleroy (1936),Drama
963,"Inspector General, The (1949)",Musical
965,"39 Steps, The (1935)",Drama|Mystery|Thriller
968,Night of the Living Dead (1968),Horror|Sci-Fi|Thriller
969,"African Queen, The (1951)",Adventure|Comedy|Romance|War
970,Beat the Devil (1953),Adventure|Comedy|Crime|Drama|Romance
971,Cat on a Hot Tin Roof (1958),Drama
973,Meet John Doe (1941),Comedy|Drama
976,"Farewell to Arms, A (1932)",Romance|War
979,Nothing Personal (1995),Drama|War
981,Dangerous Ground (1997),Drama
982,Picnic (1955),Drama
984,"Pompatus of Love, The (1996)",Comedy|Drama
986,Fly Away Home (1996),Adventure|Children
987,Bliss (1997),Drama|Romance
988,Grace of My Heart (1996),Comedy|Drama
990,Maximum Risk (1996),Action|Adventure|Thriller
991,Michael Collins (1996),Drama
993,Infinity (1996),Drama
994,Big Night (1996),Comedy|Drama
996,Last Man Standing (1996),Action|Crime|Drama|Thriller
998,Set It Off (1996),Action|Crime
999,2 Days in the Valley (1996),Crime|Film-Noir
1003,Extreme Measures (1996),Drama|Thriller
1004,"Glimmer Man, The (1996)",Action|Thriller
1005,D3: The Mighty Ducks (1996),Children|Comedy
1006,"Chamber, The (1996)",Drama
1007,"Apple Dumpling Gang, The (1975)",Children|Comedy|Western
1008,"Davy Crockett, King of the Wild Frontier (1955)",Adventure|Western
1009,Escape to Witch Mountain (1975),Adventure|Children|Fantasy
1010,"Love Bug, The (1969)",Children|Comedy
1011,Herbie Rides Again (1974),Children|Comedy|Fantasy|Romance
1012,Old Yeller (1957),Children|Drama
1013,"Parent Trap, The (1961)",Children|Comedy|Romance
1014,Pollyanna (1960),Children|Comedy|Drama
1015,Homeward Bound: The Incredible Journey (1993),Adventure|Children|Drama
1016,"Shaggy Dog, The (1959)",Children|Comedy
1017,Swiss Family Robinson (1960),Adventure|Children
1018,That Darn Cat! (1965),Children|Comedy|Mystery
1019,"20,000 Leagues Under the Sea (1954)",Adventure|Drama|Sci-Fi
1020,Cool Runnings (1993),Comedy
1021,Angels in the Outfield (1994),Children|Comedy
1022,Cinderella (1950),Animation|Children|Fantasy|Musical|Romance
1023,Winnie the Pooh and the Blustery Day (1968),Animation|Children|Musical
1024,"Three Caballeros, The (1945)",Animation|Children|Musical
1025,"Sword in the Stone, The (1963)",Animation|Children|Fantasy|Musical
1027,Robin Hood: Prince of Thieves (1991),Adventure|Drama
1028,Mary Poppins (1964),Children|Comedy|Fantasy|Musical
1029,Dumbo (1941),Animation|Children|Drama|Musical
1030,Pete's Dragon (1977),Adventure|Animation|Children|Musical
1031,Bedknobs and Broomsticks (1971),Adventure|Children|Musical
1032,Alice in Wonderland (1951),Adventure|Animation|Children|Fantasy|Musical
1033,"Fox and the Hound, The (1981)",Animation|Children|Drama
1034,Freeway (1996),Comedy|Crime|Drama|Thriller
1035,"Sound of Music, The (1965)",Musical|Romance
1036,Die Hard (1988),Action|Crime|Thriller
1037,"Lawnmower Man, The (1992)",Action|Horror|Sci-Fi|Thriller
1040,"Secret Agent, The (1996)",Drama
1041,Secrets & Lies (1996),Drama
1042,That Thing You Do! (1996),Comedy|Drama
1043,To Gillian on Her 37th Birthday (1996),Drama|Romance
1046,Beautiful Thing (1996),Drama|Romance
1047,"Long Kiss Goodnight, The (1996)",Action|Drama|Thriller
1049,"Ghost and the Darkness, The (1996)",Action|Adventure
1050,Looking for Richard (1996),Documentary|Drama
1051,Trees Lounge (1996),Drama
1053,Normal Life (1996),Crime|Drama|Romance
1054,Get on the Bus (1996),Drama
1055,Shadow Conspiracy (1997),Thriller
1056,Jude (1996),Drama
1057,Everyone Says I Love You (1996),Comedy|Musical|Romance
1059,William Shakespeare's Romeo + Juliet (1996),Drama|Romance
1060,Swingers (1996),Comedy|Drama
1061,Sleepers (1996),Thriller
1064,Aladdin and the King of Thieves (1996),Animation|Children|Comedy|Fantasy|Musical|Romance
1066,Shall We Dance (1937),Comedy|Musical|Romance
1068,Crossfire (1947),Crime|Film-Noir
1073,Willy Wonka & the Chocolate Factory (1971),Children|Comedy|Fantasy|Musical
1076,"Innocents, The (1961)",Drama|Horror|Thriller
1077,Sleeper (1973),Comedy|Sci-Fi
1078,Bananas (1971),Comedy|War
1079,"Fish Called Wanda, A (1988)",Comedy|Crime
1080,Monty Python's Life of Brian (1979),Comedy
1081,Victor/Victoria (1982),Comedy|Musical|Romance
1082,"Candidate, The (1972)",Drama
1083,"Great Race, The (1965)",Comedy|Musical
1084,Bonnie and Clyde (1967),Crime|Drama
1085,"Old Man and the Sea, The (1958)",Adventure|Drama
1086,Dial M for Murder (1954),Crime|Mystery|Thriller
1088,Dirty Dancing (1987),Drama|Musical|Romance
1089,Reservoir Dogs (1992),Crime|Mystery|Thriller
1090,Platoon (1986),Drama|War
1091,Weekend at Bernie's (1989),Comedy
1092,Basic Instinct (1992),Crime|Mystery|Thriller
1093,"Doors, The (1991)",Drama
1094,"Crying Game, The (1992)",Drama|Romance|Thriller
1095,Glengarry Glen Ross (1992),Drama
1096,Sophie's Choice (1982),Drama
1097,E.T. the Extra-Terrestrial (1982),Children|Drama|Sci-Fi
1099,"Christmas Carol, A (1938)",Children|Drama|Fantasy
1100,Days of Thunder (1990),Action|Drama|Romance
1101,Top Gun (1986),Action|Romance
1103,Rebel Without a Cause (1955),Drama
1104,"Streetcar Named Desire, A (1951)",Drama
1105,Children of the Corn IV: The Gathering (1996),Horror
1107,Loser (1991),Comedy
1111,Microcosmos (Microcosmos: Le peuple de l'herbe) (1996),Documentary
1112,Palookaville (1996),Action|Comedy|Drama
1114,"Funeral, The (1996)",Crime|Drama
1116,"Single Girl, A (Fille seule, La) (1995)",Drama
1117,"Eighth Day, The (Huitième jour, Le) (1996)",Drama
1119,Drunks (1995),Drama
1120,"People vs. Larry Flynt, The (1996)",Comedy|Drama
1121,Glory Daze (1995),Drama
1123,"Perfect Candidate, A (1996)",Documentary
1124,On Golden Pond (1981),Drama
1125,"Return of the Pink Panther, The (1975)",Comedy|Crime
1126,Drop Dead Fred (1991),Comedy|Fantasy
1127,"Abyss, The (1989)",Action|Adventure|Sci-Fi|Thriller
1128,"Fog, The (1980)",Horror
1129,Escape from New York (1981),Action|Adventure|Sci-Fi|Thriller
1130,"Howling, The (1980)",Horror|Mystery
1131,Jean de Florette (1986),Drama|Mystery
1132,Manon of the Spring (Manon des sources) (1986),Drama
1135,Private Benjamin (1980),Comedy
1136,Monty Python and the Holy Grail (1975),Adventure|Comedy|Fantasy
1137,Hustler White (1996),Romance
1140,Entertaining Angels: The Dorothy Day Story (1996),Drama
1144,"Line King: The Al Hirschfeld Story, The (1996)",Documentary
1147,When We Were Kings (1996),Documentary
1148,Wallace & Gromit: The Wrong Trousers (1993),Animation|Children|Comedy|Crime
1150,"Return of Martin Guerre, The (Retour de Martin Guerre, Le) (1982)",Drama
1151,Lesson Faust (1994),Animation|Comedy|Drama|Fantasy
1156,"Children Are Watching Us, The (Bambini ci guardano, I) (1944)",Drama
1161,"Tin Drum, The (Blechtrommel, Die) (1979)",Drama|War
1162,"Ruling Class, The (1972)",Comedy|Drama
1163,Mina Tannenbaum (1994),Drama
1167,Dear God (1996),Comedy
1170,Best of the Best 3: No Turning Back (1995),Action
1171,Bob Roberts (1992),Comedy
1172,Cinema Paradiso (Nuovo cinema Paradiso) (1989),Drama
1173,"Cook the Thief His Wife & Her Lover, The (1989)",Comedy|Drama
1175,Delicatessen (1991),Comedy|Drama|Romance
1176,"Double Life of Veronique, The (Double Vie de Véronique, La) (1991)",Drama|Fantasy|Romance
1177,Enchanted April (1992),Drama|Romance
1178,Paths of Glory (1957),Drama|War
1179,"Grifters, The (1990)",Crime|Drama|Film-Noir
1180,Hear My Song (1991),Comedy
1183,"English Patient, The (1996)",Drama|Romance|War
1184,Mediterraneo (1991),Comedy|Drama
1185,My Left Foot (1989),Drama
1186,"Sex, Lies, and Videotape (1989)",Drama
1187,Passion Fish (1992),Drama
1188,Strictly Ballroom (1992),Comedy|Romance
1189,"Thin Blue Line, The (1988)",Documentary
1190,Tie Me Up! Tie Me Down! (¡Átame!) (1990),Crime|Drama|Romance
1191,Madonna: Truth or Dare (1991),Documentary|Musical
1192,Paris Is Burning (1990),Documentary
1193,One Flew Over the Cuckoo's Nest (1975),Drama
1194,Cheech and Chong's Up in Smoke (1978),Comedy
1196,Star Wars: Episode V - The Empire Strikes Back (1980),Action|Adventure|Sci-Fi
1197,"Princess Bride, The (1987)",Action|Adventure|Comedy|Fantasy|Romance
1198,Raiders of the Lost Ark (Indiana Jones and the Raiders of the Lost Ark) (1981),Action|Adventure
1199,Brazil (1985),Fantasy|Sci-Fi
1200,Aliens (1986),Action|Adventure|Horror|Sci-Fi
1201,"Good, the Bad and the Ugly, The (Buono, il brutto, il cattivo, Il) (1966)",Action|Adventure|Western
1202,Withnail & I (1987),Comedy
1203,12 Angry Men (1957),Drama
1204,Lawrence of Arabia (1962),Adventure|Drama|War
1206,"Clockwork Orange, A (1971)",Crime|Drama|Sci-Fi|Thriller
1207,To Kill a Mockingbird (1962),Drama
1208,Apocalypse Now (1979),Action|Drama|War
1209,Once Upon a Time in the West (C'era una volta il West) (1968),Action|Drama|Western
1210,Star Wars: Episode VI - Return of the Jedi (1983),Action|Adventure|Sci-Fi
1211,"Wings of Desire (Himmel über Berlin, Der) (1987)",Drama|Fantasy|Romance
1212,"Third Man, The (1949)",Film-Noir|Mystery|Thriller
1213,Goodfellas (1990),Crime|Drama
1214,Alien (1979),Horror|Sci-Fi
1215,Army of Darkness (1993),Action|Adventure|Comedy|Fantasy|Horror
1216,"Big Blue, The (Grand bleu, Le) (1988)",Adventure|Drama|Romance
1217,Ran (1985),Drama|War
1218,"Killer, The (Die xue shuang xiong) (1989)",Action|Crime|Drama|Thriller
1219,Psycho (1960),Crime|Horror
1220,"Blues Brothers, The (1980)",Action|Comedy|Musical
1221,"Godfather: Part II, The (1974)",Crime|Drama
1222,Full Metal Jacket (1987),Drama|War
1223,"Grand Day Out with Wallace and Gromit, A (1989)",Adventure|Animation|Children|Comedy|Sci-Fi
1224,Henry V (1989),Action|Drama|Romance|War
1225,Amadeus (1984),Drama
1226,"Quiet Man, The (1952)",Drama|Romance
1227,Once Upon a Time in America (1984),Crime|Drama
1228,Raging Bull (1980),Drama
1230,Annie Hall (1977),Comedy|Romance
1231,"Right Stuff, The (1983)",Drama
1232,Stalker (1979),Drama|Mystery|Sci-Fi
1233,"Boot, Das (Boat, The) (1981)",Action|Drama|War
1234,"Sting, The (1973)",Comedy|Crime
1235,Harold and Maude (1971),Comedy|Drama|Romance
1236,Trust (1990),Comedy|Drama|Romance
1237,"Seventh Seal, The (Sjunde inseglet, Det) (1957)",Drama
1238,Local Hero (1983),Comedy
1240,"Terminator, The (1984)",Action|Sci-Fi|Thriller
1241,Dead Alive (Braindead) (1992),Comedy|Fantasy|Horror
1242,Glory (1989),Drama|War
1243,Rosencrantz and Guildenstern Are Dead (1990),Comedy|Drama
1244,Manhattan (1979),Comedy|Drama|Romance
1245,Miller's Crossing (1990),Crime|Drama|Film-Noir|Thriller
1246,Dead Poets Society (1989),Drama
1247,"Graduate, The (1967)",Comedy|Drama|Romance
1248,Touch of Evil (1958),Crime|Film-Noir|Thriller
1249,"Femme Nikita, La (Nikita) (1990)",Action|Crime|Romance|Thriller
1250,"Bridge on the River Kwai, The (1957)",Adventure|Drama|War
1251,8 1/2 (8½) (1963),Drama|Fantasy
1252,Chinatown (1974),Crime|Film-Noir|Mystery|Thriller
1253,"Day the Earth Stood Still, The (1951)",Drama|Sci-Fi|Thriller
1254,"Treasure of the Sierra Madre, The (1948)",Action|Adventure|Drama|Western
1255,Bad Taste (1987),Comedy|Horror|Sci-Fi
1256,Duck Soup (1933),Comedy|Musical|War
1257,Better Off Dead... (1985),Comedy|Romance
1258,"Shining, The (1980)",Horror
1259,Stand by Me (1986),Adventure|Drama
1260,M (1931),Crime|Film-Noir|Thriller
1261,Evil Dead II (Dead by Dawn) (1987),Action|Comedy|Fantasy|Horror
1262,"Great Escape, The (1963)",Action|Adventure|Drama|War
1263,"Deer Hunter, The (1978)",Drama|War
1264,Diva (1981),Action|Drama|Mystery|Romance|Thriller
1265,Groundhog Day (1993),Comedy|Fantasy|Romance
1266,Unforgiven (1992),Drama|Western
1267,"Manchurian Candidate, The (1962)",Crime|Thriller|War
1268,Pump Up the Volume (1990),Comedy|Drama
1269,Arsenic and Old Lace (1944),Comedy|Mystery|Thriller
1270,Back to the Future (1985),Adventure|Comedy|Sci-Fi
1271,Fried Green Tomatoes (1991),Comedy|Crime|Drama
1272,Patton (1970),Drama|War
1273,Down by Law (1986),Comedy|Drama|Film-Noir
1274,Akira (1988),Action|Adventure|Animation|Sci-Fi
1275,Highlander (1986),Action|Adventure|Fantasy
1276,Cool Hand Luke (1967),Drama
1277,Cyrano de Bergerac (1990),Comedy|Drama|Romance
1278,Young Frankenstein (1974),Comedy|Fantasy
1279,Night on Earth (1991),Comedy|Drama
1280,Raise the Red Lantern (Da hong deng long gao gao gua) (1991),Drama
1281,"Great Dictator, The (1940)",Comedy|Drama|War
1282,Fantasia (1940),Animation|Children|Fantasy|Musical
1283,High Noon (1952),Drama|Western
1284,"Big Sleep, The (1946)",Crime|Film-Noir|Mystery
1285,Heathers (1989),Comedy
1286,Somewhere in Time (1980),Drama|Romance
1287,Ben-Hur (1959),Action|Adventure|Drama
1288,This Is Spinal Tap (1984),Comedy
1289,Koyaanisqatsi (a.k.a. Koyaanisqatsi: Life Out of Balance) (1983),Documentary
1290,Some Kind of Wonderful (1987),Drama|Romance
1291,Indiana Jones and the Last Crusade (1989),Action|Adventure
1292,Being There (1979),Comedy|Drama
1293,Gandhi (1982),Drama
1295,"Unbearable Lightness of Being, The (1988)",Drama
1296,"Room with a View, A (1986)",Drama|Romance
1297,Real Genius (1985),Comedy
1298,Pink Floyd: The Wall (1982),Drama|Musical
1299,"Killing Fields, The (1984)",Drama|War
1300,My Life as a Dog (Mitt liv som hund) (1985),Comedy|Drama
1301,Forbidden Planet (1956),Drama|Sci-Fi
1302,Field of Dreams (1989),Children|Drama|Fantasy
1303,"Man Who Would Be King, The (1975)",Adventure|Drama
1304,Butch Cassidy and the Sundance Kid (1969),Action|Western
1305,"Paris, Texas (1984)",Drama|Romance
1306,Until the End of the World (Bis ans Ende der Welt) (1991),Adventure|Drama|Sci-Fi
1307,When Harry Met Sally... (1989),Comedy|Romance
1310,Hype! (1996),Documentary
1312,Female Perversions (1996),Drama
1318,Blue Juice (1995),Comedy|Drama
1320,Alien³ (a.k.a. Alien 3) (1992),Action|Horror|Sci-Fi|Thriller
1321,"American Werewolf in London, An (1981)",Comedy|Horror|Thriller
1322,Amityville 1992: It's About Time (1992),Horror
1323,Amityville 3-D (1983),Horror
1324,Amityville: Dollhouse (1996),Horror
1325,Amityville: A New Generation (1993),Horror
1326,Amityville II: The Possession (1982),Horror
1327,"Amityville Horror, The (1979)",Drama|Horror|Mystery|Thriller
1328,"Amityville Curse, The (1990)",Horror
1329,Blood for Dracula (Andy Warhol's Dracula) (1974),Horror
1330,April Fool's Day (1986),Horror
1331,Audrey Rose (1977),Horror
1332,"Believers, The (1987)",Horror|Thriller
1333,"Birds, The (1963)",Horror|Thriller
1334,"Blob, The (1958)",Horror|Sci-Fi
1335,Blood Beach (1981),Horror|Mystery
1336,Body Parts (1991),Horror|Thriller
1337,"Body Snatcher, The (1945)",Drama|Horror|Thriller
1339,Dracula (Bram Stoker's Dracula) (1992),Fantasy|Horror|Romance|Thriller
1340,"Bride of Frankenstein, The (Bride of Frankenstein) (1935)",Drama|Horror|Sci-Fi
1341,Burnt Offerings (1976),Horror
1342,Candyman (1992),Horror|Thriller
1343,Cape Fear (1991),Thriller
1344,Cape Fear (1962),Crime|Drama|Thriller
1345,Carrie (1976),Drama|Fantasy|Horror|Thriller
1346,Cat People (1982),Drama|Fantasy|Horror
1347,"Nightmare on Elm Street, A (1984)",Horror|Thriller
1348,"Nosferatu (Nosferatu, eine Symphonie des Grauens) (1922)",Horror
1349,Vampire in Venice (Nosferatu a Venezia) (Nosferatu in Venice) (1986),Horror
1350,"Omen, The (1976)",Horror|Mystery|Thriller
1351,Blood and Wine (Blood & Wine) (1996),Crime|Drama|Thriller
1352,Albino Alligator (1996),Crime|Thriller
1353,"Mirror Has Two Faces, The (1996)",Comedy|Drama|Romance
1354,Breaking the Waves (1996),Drama|Mystery
1355,Nightwatch (1997),Horror|Thriller
1356,Star Trek: First Contact (1996),Action|Adventure|Sci-Fi|Thriller
1357,Shine (1996),Drama|Romance
1358,Sling Blade (1996),Drama
1359,Jingle All the Way (1996),Children|Comedy
1361,Paradise Lost: The Child Murders at Robin Hood Hills (1996),Documentary
1363,"Preacher's Wife, The (1996)",Drama
1365,Ridicule (1996),Drama
1366,"Crucible, The (1996)",Drama
1367,101 Dalmatians (1996),Adventure|Children|Comedy
1370,Die Hard 2 (1990),Action|Adventure|Thriller
1371,Star Trek: The Motion Picture (1979),Adventure|Sci-Fi
1372,Star Trek VI: The Undiscovered Country (1991),Action|Mystery|Sci-Fi
1373,Star Trek V: The Final Frontier (1989),Action|Sci-Fi
1374,Star Trek II: The Wrath of Khan (1982),Action|Adventure|Sci-Fi|Thriller
1375,Star Trek III: The Search for Spock (1984),Action|Adventure|Sci-Fi
1376,Star Trek IV: The Voyage Home (1986),Adventure|Comedy|Sci-Fi
1377,Batman Returns (1992),Action|Crime
1378,Young Guns (1988),Action|Comedy|Western
1379,Young Guns II (1990),Action|Western
1380,Grease (1978),Comedy|Musical|Romance
1381,Grease 2 (1982),Comedy|Musical|Romance
1382,Marked for Death (1990),Action|Drama
1385,Under Siege (1992),Action|Drama|Thriller
1387,Jaws (1975),Action|Horror
1388,Jaws 2 (1978),Horror|Thriller
1389,Jaws 3-D (1983),Action|Horror
1390,My Fellow Americans (1996),Comedy
1391,Mars Attacks! (1996),Action|Comedy|Sci-Fi
1392,Citizen Ruth (1996),Comedy|Drama
1393,Jerry Maguire (1996),Drama|Romance
1394,Raising Arizona (1987),Comedy
1395,Tin Men (1987),Comedy|Drama
1396,Sneakers (1992),Action|Comedy|Crime|Drama|Sci-Fi
1397,Bastard Out of Carolina (1996),Drama
1398,In Love and War (1996),Romance|War
1399,Marvin's Room (1996),Drama
1401,Ghosts of Mississippi (1996),Drama
1405,Beavis and Butt-Head Do America (1996),Adventure|Animation|Comedy|Crime
1406,La Cérémonie (1995),Crime|Drama|Mystery|Thriller
1407,Scream (1996),Comedy|Horror|Mystery|Thriller
1408,"Last of the Mohicans, The (1992)",Action|Romance|War|Western
1409,Michael (1996),Comedy|Drama|Fantasy|Romance
1411,Hamlet (1996),Crime|Drama|Romance
1412,Some Mother's Son (1996),Drama
1413,"Whole Wide World, The (1996)",Drama
1414,Mother (1996),Comedy
1415,"Thieves (Voleurs, Les) (1996)",Crime|Drama|Romance
1416,Evita (1996),Drama|Musical
1417,"Portrait of a Lady, The (1996)",Drama
1419,Walkabout (1971),Adventure|Drama
1422,Murder at 1600 (1997),Crime|Drama|Mystery|Thriller
1423,Hearts and Minds (1996),Drama
1425,Fierce Creatures (1997),Comedy
1426,Zeus and Roxanne (1997),Children
1427,Turbulence (1997),Action|Thriller
1428,Angel Baby (1995),Drama
1429,First Strike (Police Story 4: First Strike) (Ging chaat goo si 4: Ji gaan daan yam mo) (1996),Action|Adventure|Comedy|Thriller
1430,Underworld (1996),Comedy|Thriller
1431,Beverly Hills Ninja (1997),Action|Comedy
1432,Metro (1997),Action|Comedy|Crime|Drama|Thriller
1437,"Cement Garden, The (1993)",Drama
1438,Dante's Peak (1997),Action|Thriller
1439,Meet Wally Sparks (1997),Comedy
1440,Amos & Andrew (1993),Comedy
1441,Benny & Joon (1993),Comedy|Romance
1442,Prefontaine (1997),Drama
1445,McHale's Navy (1997),Comedy|War
1446,Kolya (Kolja) (1996),Comedy|Drama
1447,Gridlock'd (1997),Crime
1449,Waiting for Guffman (1996),Comedy
1453,"Beautician and the Beast, The (1997)",Comedy|Romance
1454,SubUrbia (1997),Comedy|Drama
1456,"Pest, The (1997)",Comedy
1457,Fools Rush In (1997),Comedy|Drama|Romance
1458,Touch (1997),Drama|Fantasy|Romance
1459,Absolute Power (1997),Mystery|Thriller
1460,That Darn Cat (1997),Children|Comedy|Mystery
1461,Vegas Vacation (National Lampoon's Las Vegas Vacation) (1997),Comedy
1464,Lost Highway (1997),Crime|Drama|Fantasy|Film-Noir|Mystery|Romance
1465,Rosewood (1997),Action|Drama
1466,Donnie Brasco (1997),Crime|Drama
1468,Booty Call (1997),Comedy|Romance
1473,Best Men (1997),Action|Comedy|Crime|Drama
1474,Jungle2Jungle (a.k.a. Jungle 2 Jungle) (1997),Children|Comedy
1475,Kama Sutra: A Tale of Love (1996),Romance
1476,Private Parts (1997),Comedy|Drama
1477,Love Jones (1997),Romance
1479,"Saint, The (1997)",Action|Romance|Sci-Fi|Thriller
1480,Smilla's Sense of Snow (1997),Drama|Thriller
1483,Crash (1996),Drama|Thriller
1484,"Daytrippers, The (1996)",Comedy|Drama|Mystery|Romance
1485,Liar Liar (1997),Comedy
1487,Selena (1997),Drama|Musical
1488,"Devil's Own, The (1997)",Action|Drama|Thriller
1489,Cats Don't Dance (1997),Animation|Children|Musical
1490,B*A*P*S (1997),Comedy
1493,Love and Other Catastrophes (1996),Romance
1495,Turbo: A Power Rangers Movie (1997),Action|Adventure|Children
1496,Anna Karenina (1997),Drama|Romance
1497,Double Team (1997),Action
1498,Inventing the Abbotts (1997),Drama|Romance
1499,Anaconda (1997),Action|Adventure|Thriller
1500,Grosse Pointe Blank (1997),Comedy|Crime|Romance
1502,Kissed (1996),Drama|Romance
1503,8 Heads in a Duffel Bag (1997),Comedy
1507,Paradise Road (1997),Drama|War
1513,Romy and Michele's High School Reunion (1997),Comedy
1514,Temptress Moon (Feng Yue) (1996),Romance
1515,Volcano (1997),Action|Drama|Thriller
1516,Children of the Revolution (1996),Comedy
1517,Austin Powers: International Man of Mystery (1997),Action|Adventure|Comedy
1518,Breakdown (1997),Action|Thriller
1519,Broken English (1996),Drama
1526,Fathers' Day (1997),Comedy
1527,"Fifth Element, The (1997)",Action|Adventure|Comedy|Sci-Fi
1529,Nowhere (1997),Comedy|Drama
1533,"Promise, The (La promesse) (1996)",Drama
1537,Shall We Dance? (Shall We Dansu?) (1996),Comedy|Drama|Romance
1541,Addicted to Love (1997),Comedy|Romance
1542,Brassed Off (1996),Comedy|Drama|Romance
1544,"Lost World: Jurassic Park, The (1997)",Action|Adventure|Sci-Fi|Thriller
1545,Ponette (1996),Drama
1546,Schizopolis (1996),Comedy
1547,Shiloh (1997),Children|Drama
1549,Rough Magic (1995),Drama|Romance
1550,Trial and Error (1997),Comedy|Romance
1551,Buddy (1997),Adventure|Children|Drama
1552,Con Air (1997),Action|Adventure|Thriller
1554,"Pillow Book, The (1996)",Drama|Romance
1556,Speed 2: Cruise Control (1997),Action|Romance|Thriller
1562,Batman & Robin (1997),Action|Adventure|Fantasy|Thriller
1564,For Roseanna (Roseanna's Grave) (1997),Comedy|Drama|Romance
1565,Head Above Water (1996),Comedy|Thriller
1566,Hercules (1997),Adventure|Animation|Children|Comedy|Musical
1569,My Best Friend's Wedding (1997),Comedy|Romance
1571,When the Cat's Away (Chacun cherche son chat) (1996),Comedy|Romance
1572,"Contempt (Mépris, Le) (1963)",Drama
1573,Face/Off (1997),Action|Crime|Drama|Thriller
1574,Fall (1997),Romance
1580,Men in Black (a.k.a. MIB) (1997),Action|Comedy|Sci-Fi
1581,Out to Sea (1997),Comedy
1582,Wild America (1997),Adventure|Children
1583,"Simple Wish, A (1997)",Children|Fantasy
1584,Contact (1997),Drama|Sci-Fi
1585,Love Serenade (1996),Comedy
1586,G.I. Jane (1997),Action|Drama
1587,Conan the Barbarian (1982),Action|Adventure|Fantasy
1588,George of the Jungle (1997),Children|Comedy
1589,Cop Land (1997),Action|Crime|Drama|Thriller
1590,Event Horizon (1997),Horror|Sci-Fi|Thriller
1591,Spawn (1997),Action|Adventure|Sci-Fi|Thriller
1592,Air Bud (1997),Children|Comedy
1593,Picture Perfect (1997),Comedy|Romance
1594,In the Company of Men (1997),Comedy|Drama
1596,Career Girls (1997),Drama
1597,Conspiracy Theory (1997),Drama|Mystery|Romance|Thriller
1598,Desperate Measures (1998),Crime|Drama|Thriller
1599,Steel (1997),Action
1600,She's So Lovely (1997),Drama|Romance
1601,Hoodlum (1997),Crime|Drama|Film-Noir
1602,Leave It to Beaver (1997),Comedy
1603,Mimic (1997),Horror|Sci-Fi|Thriller
1604,Money Talks (1997),Action|Comedy
1605,Excess Baggage (1997),Adventure|Romance
1606,Kull the Conqueror (1997),Action|Adventure
1608,Air Force One (1997),Action|Thriller
1609,187 (One Eight Seven) (1997),Drama|Thriller
1610,"Hunt for Red October, The (1990)",Action|Adventure|Thriller
1611,My Own Private Idaho (1991),Drama|Romance
1612,"Kiss Me, Guido (1997)",Comedy
1613,Star Maps (1997),Drama
1614,In & Out (1997),Comedy
1615,"Edge, The (1997)",Adventure|Drama
1616,"Peacemaker, The (1997)",Action|Thriller|War
1617,L.A. Confidential (1997),Crime|Film-Noir|Mystery|Thriller
1619,Seven Years in Tibet (1997),Adventure|Drama|War
1620,Kiss the Girls (1997),Crime|Drama|Mystery|Thriller
1621,Soul Food (1997),Drama
1623,Wishmaster (1997),Horror
1624,"Thousand Acres, A (1997)",Drama
1625,"Game, The (1997)",Drama|Mystery|Thriller
1626,Fire Down Below (1997),Action|Drama|Thriller
1627,U Turn (1997),Crime|Drama|Mystery
1629,"MatchMaker, The (1997)",Comedy|Romance
1631,"Assignment, The (1997)",Action|Thriller
1633,Ulee's Gold (1997),Drama
1635,"Ice Storm, The (1997)",Drama
1639,Chasing Amy (1997),Comedy|Drama|Romance
1641,"Full Monty, The (1997)",Comedy|Drama
1642,Indian Summer (a.k.a. Alive & Kicking) (1996),Comedy|Drama
1644,I Know What You Did Last Summer (1997),Horror|Mystery|Thriller
1645,The Devil's Advocate (1997),Drama|Mystery|Thriller
1647,Playing God (1997),Crime|Drama|Thriller
1650,Washington Square (1997),Drama
1653,Gattaca (1997),Drama|Sci-Fi|Thriller
1654,FairyTale: A True Story (1997),Children|Drama|Fantasy
1655,Phantoms (1998),Drama|Horror|Thriller
1660,Eve's Bayou (1997),Drama
1661,Switchback (1997),Crime|Mystery|Thriller
1662,Gang Related (1997),Crime
1663,Stripes (1981),Comedy|War
1665,Bean (1997),Comedy
1667,Mad City (1997),Action|Drama
1670,Welcome to Sarajevo (1997),Drama|War
1671,Deceiver (1997),Crime|Drama|Thriller
1673,Boogie Nights (1997),Drama
1674,Witness (1985),Drama|Romance|Thriller
1675,Incognito (1997),Crime|Thriller
1676,Starship Troopers (1997),Action|Sci-Fi
1679,Chairman of the Board (1998),Comedy
1680,Sliding Doors (1998),Drama|Romance
1681,Mortal Kombat: Annihilation (1997),Action|Adventure|Fantasy
1686,Red Corner (1997),Crime|Thriller
1688,Anastasia (1997),Adventure|Animation|Children|Drama|Musical
1690,Alien: Resurrection (1997),Action|Horror|Sci-Fi
1693,Amistad (1997),Drama|Mystery
1695,Artemisia (1997),Drama
1696,Bent (1997),Drama|War
1701,Deconstructing Harry (1997),Comedy|Drama
1702,Flubber (1997),Children|Comedy|Fantasy
1703,For Richer or Poorer (1997),Comedy
1704,Good Will Hunting (1997),Drama|Romance
1707,Home Alone 3 (1997),Children|Comedy
1717,Scream 2 (1997),Comedy|Horror|Mystery|Thriller
1721,Titanic (1997),Drama|Romance
1722,Tomorrow Never Dies (1997),Action|Adventure|Thriller
1729,Jackie Brown (1997),Crime|Drama|Thriller
1730,Kundun (1997),Drama
1731,Mr. Magoo (1997),Comedy
1733,Afterglow (1997),Drama|Romance
1735,Great Expectations (1998),Drama|Romance
1746,Senseless (1998),Comedy
1747,Wag the Dog (1997),Comedy
1748,Dark City (1998),Adventure|Film-Noir|Sci-Fi|Thriller
1752,Hard Rain (1998),Action|Crime|Thriller
1753,Half Baked (1998),Comedy
1754,Fallen (1998),Crime|Drama|Fantasy|Thriller
1755,Shooting Fish (1997),Comedy|Romance
1762,Deep Rising (1998),Action|Horror|Sci-Fi
1767,Music From Another Room (1998),Drama|Romance
1770,B. Monkey (1998),Crime|Romance|Thriller
1772,Blues Brothers 2000 (1998),Action|Comedy|Musical
1779,Sphere (1998),Sci-Fi|Thriller
1783,Palmetto (1998),Crime|Drama|Mystery|Romance|Thriller
1784,As Good as It Gets (1997),Comedy|Drama|Romance
1785,King of New York (1990),Crime|Thriller
1791,Twilight (1998),Crime|Drama|Thriller
1792,U.S. Marshals (1998),Action|Crime|Thriller
1794,Love and Death on Long Island (1997),Comedy|Drama
1798,Hush (1998),Thriller
1805,Wild Things (1998),Crime|Drama|Mystery|Thriller
1806,Paulie (1998),Adventure|Children|Comedy
1810,Primary Colors (1998),Comedy|Drama
1812,Wide Awake (1998),Children|Comedy|Drama
1824,Homegrown (1998),Comedy|Thriller
1825,The Players Club (1998),Comedy|Drama
1826,Barney's Great Adventure (1998),Adventure|Children
1829,Chinese Box (1997),Drama|Romance
1831,Lost in Space (1998),Action|Adventure|Sci-Fi
1833,Mercury Rising (1998),Action|Drama|Thriller
1835,City of Angels (1998),Drama|Fantasy|Romance
1839,My Giant (1998),Comedy
1840,He Got Game (1998),Drama
1845,Zero Effect (1998),Comedy|Mystery|Thriller
1855,Krippendorf's Tribe (1998),Comedy
1856,Kurt & Courtney (1998),Documentary
1862,Species II (1998),Horror|Sci-Fi
1863,Major League: Back to the Minors (1998),Comedy
1867,Tarzan and the Lost City (1998),Action|Adventure
1870,"Dancer, Texas Pop. 81 (1998)",Comedy|Drama
1875,Clockwatchers (1997),Comedy
1876,Deep Impact (1998),Drama|Sci-Fi|Thriller
1881,Quest for Camelot (1998),Adventure|Animation|Children|Fantasy|Musical
1882,Godzilla (1998),Action|Sci-Fi|Thriller
1883,Bulworth (1998),Comedy|Drama|Romance
1884,Fear and Loathing in Las Vegas (1998),Adventure|Comedy|Drama
1887,Almost Heroes (1998),Adventure|Comedy|Western
1888,Hope Floats (1998),Comedy|Drama|Romance
1889,Insomnia (1997),Drama|Mystery|Thriller
1894,Six Days Seven Nights (1998),Adventure|Comedy|Romance
1895,Can't Hardly Wait (1998),Comedy|Drama|Romance
1897,High Art (1998),Drama|Romance
1904,Henry Fool (1997),Comedy|Drama
1906,Mr. Jealousy (1997),Comedy|Romance
1907,Mulan (1998),Adventure|Animation|Children|Comedy|Drama|Musical|Romance
1910,I Went Down (1997),Comedy|Crime|Drama
1911,Dr. Dolittle (1998),Comedy
1912,Out of Sight (1998),Comedy|Crime|Drama|Romance|Thriller
1913,Picnic at Hanging Rock (1975),Drama|Mystery
1914,Smoke Signals (1998),Comedy|Drama
1917,Armageddon (1998),Action|Romance|Sci-Fi|Thriller
1918,Lethal Weapon 4 (1998),Action|Comedy|Crime|Thriller
1919,Madeline (1998),Children|Comedy
1920,Small Soldiers (1998),Animation|Children|Fantasy|War
1921,Pi (1998),Drama|Sci-Fi|Thriller
1923,There's Something About Mary (1998),Comedy|Romance
1927,All Quiet on the Western Front (1930),Action|Drama|War
1928,Cimarron (1931),Drama|Western
1929,Grand Hotel (1932),Drama|Romance
1931,Mutiny on the Bounty (1935),Adventure|Drama
1934,You Can't Take It with You (1938),Comedy|Romance
1936,Mrs. Miniver (1942),Drama|War
1937,Going My Way (1944),Comedy|Drama|Musical
1940,Gentleman's Agreement (1947),Drama
1941,Hamlet (1948),Drama
1944,From Here to Eternity (1953),Drama|Romance|War
1945,On the Waterfront (1954),Crime|Drama
1947,West Side Story (1961),Drama|Musical|Romance
1948,Tom Jones (1963),Adventure|Comedy|Romance
1950,In the Heat of the Night (1967),Drama|Mystery
1951,Oliver! (1968),Drama|Musical
1952,Midnight Cowboy (1969),Drama
1954,Rocky (1976),Drama
1955,Kramer vs. Kramer (1979),Drama
1956,Ordinary People (1980),Drama
1957,Chariots of Fire (1981),Drama
1958,Terms of Endearment (1983),Comedy|Drama
1959,Out of Africa (1985),Drama|Romance
1961,Rain Man (1988),Drama
1962,Driving Miss Daisy (1989),Drama
1963,Take the Money and Run (1969),Comedy|Crime
1964,Klute (1971),Drama|Mystery
1965,Repo Man (1984),Comedy|Sci-Fi
1967,Labyrinth (1986),Adventure|Fantasy|Musical
1974,Friday the 13th (1980),Horror|Mystery|Thriller
1975,Friday the 13th Part 2 (1981),Horror
1976,Friday the 13th Part 3: 3D (1982),Horror
1979,Friday the 13th Part VI: Jason Lives (1986),Horror
1980,Friday the 13th Part VII: The New Blood (1988),Horror
1981,Friday the 13th Part VIII: Jason Takes Manhattan (1989),Horror
1982,Halloween (1978),Horror
1983,Halloween II (1981),Horror
1984,Halloween III: Season of the Witch (1982),Horror
1985,Halloween 4: The Return of Michael Myers (1988),Horror
1986,Halloween 5: The Revenge of Michael Myers (1989),Horror
1987,Prom Night (1980),Horror
1990,Prom Night IV: Deliver Us From Evil (1992),Horror
1991,Child's Play (1988),Horror|Thriller
1992,Child's Play 2 (1990),Horror|Thriller
1993,Child's Play 3 (1991),Comedy|Horror|Thriller
1994,Poltergeist (1982),Horror|Thriller
1995,Poltergeist II: The Other Side (1986),Horror|Thriller
1996,Poltergeist III (1988),Horror|Thriller
1998,Exorcist II: The Heretic (1977),Horror
2000,Lethal Weapon (1987),Action|Comedy|Crime|Drama
2001,Lethal Weapon 2 (1989),Action|Comedy|Crime|Drama
2002,Lethal Weapon 3 (1992),Action|Comedy|Crime|Drama
2003,Gremlins (1984),Comedy|Horror
2004,Gremlins 2: The New Batch (1990),Comedy|Horror
2007,Polish Wedding (1998),Comedy
2009,Soylent Green (1973),Drama|Mystery|Sci-Fi|Thriller
2010,Metropolis (1927),Drama|Sci-Fi
2011,Back to the Future Part II (1989),Adventure|Comedy|Sci-Fi
2012,Back to the Future Part III (1990),Adventure|Comedy|Sci-Fi|Western
2017,Babes in Toyland (1961),Children|Fantasy|Musical
2018,Bambi (1942),Animation|Children|Drama
2020,Dangerous Liaisons (1988),Drama|Romance
2021,Dune (1984),Adventure|Sci-Fi
2025,Lolita (1997),Drama|Romance
2026,Disturbing Behavior (1998),Horror|Thriller
2027,Jane Austen's Mafia! (1998),Comedy|Crime
2028,Saving Private Ryan (1998),Action|Drama|War
2035,Blackbeard's Ghost (1968),Children|Comedy
2037,Candleshoe (1977),Adventure|Children|Comedy
2041,Condorman (1981),Action|Adventure|Children|Comedy
2042,D2: The Mighty Ducks (1994),Children|Comedy
2043,Darby O'Gill and the Little People (1959),Adventure|Children|Fantasy
2046,Flight of the Navigator (1986),Adventure|Children|Sci-Fi
2050,Herbie Goes Bananas (1980),Adventure|Children|Comedy
2051,Herbie Goes to Monte Carlo (1977),Adventure|Children|Comedy
2052,Hocus Pocus (1993),Children|Comedy|Fantasy|Horror
2053,"Honey, I Blew Up the Kid (1992)",Children|Comedy|Sci-Fi
2055,Hot Lead and Cold Feet (1978),Action|Comedy|Western
2056,In Search of the Castaways (1962),Adventure|Children
2060,BASEketball (1998),Comedy
2064,Roger & Me (1989),Documentary
2066,Out of the Past (1947),Film-Noir
2067,Doctor Zhivago (1965),Drama|Romance|War
2070,Tender Mercies (1983),Drama|Romance|Western
2071,And the Band Played On (1993),Drama
2073,Fandango (1985),Comedy
2076,Blue Velvet (1986),Drama|Mystery|Thriller
2080,Lady and the Tramp (1955),Animation|Children|Comedy|Romance
2084,Newsies (1992),Children|Musical
2087,Peter Pan (1953),Animation|Children|Fantasy|Musical
2088,Popeye (1980),Adventure|Comedy|Musical
2091,Return from Witch Mountain (1978),Children|Sci-Fi
2093,Return to Oz (1985),Adventure|Children|Fantasy
2096,Sleeping Beauty (1959),Animation|Children|Musical
2097,Something Wicked This Way Comes (1983),Children|Drama|Fantasy|Mystery|Thriller
2098,Son of Flubber (1963),Children|Comedy
2099,Song of the South (1946),Adventure|Animation|Children|Musical
2100,Splash (1984),Comedy|Fantasy|Romance
2102,Steamboat Willie (1928),Animation|Children|Comedy|Musical
2103,Tall Tale (1995),Adventure|Children|Fantasy|Western
2104,Tex (1982),Drama
2105,Tron (1982),Action|Adventure|Sci-Fi
2106,Swing Kids (1993),Drama|War
2110,Dead Men Don't Wear Plaid (1982),Comedy|Crime|Thriller
2112,Grand Canyon (1991),Crime|Drama
2115,Indiana Jones and the Temple of Doom (1984),Action|Adventure|Fantasy
2119,Maximum Overdrive (1986),Horror
2120,Needful Things (1993),Drama|Horror
2121,Cujo (1983),Horror|Thriller
2122,Children of the Corn (1984),Horror|Thriller
2123,All Dogs Go to Heaven (1989),Animation|Children|Comedy|Drama|Fantasy
2126,Snake Eyes (1998),Action|Crime|Mystery|Thriller
2130,Atlantic City (1980),Crime|Drama|Romance
2132,Who's Afraid of Virginia Woolf? (1966),Drama
2133,Adventures in Babysitting (1987),Adventure|Comedy
2134,Weird Science (1985),Comedy|Fantasy|Sci-Fi
2135,Doctor Dolittle (1967),Adventure|Children|Musical
2137,Charlotte's Web (1973),Animation|Children
2138,Watership Down (1978),Adventure|Animation|Children|Drama|Fantasy
2143,Legend (1985),Adventure|Fantasy|Romance
2144,Sixteen Candles (1984),Comedy|Romance
2145,Pretty in Pink (1986),Comedy|Drama|Romance
2146,St. Elmo's Fire (1985),Drama|Romance
2148,House (1986),Comedy|Fantasy|Horror
2149,House II: The Second Story (1987),Comedy|Fantasy|Horror
2152,Air Bud: Golden Receiver (1998),Children|Comedy
2154,How Stella Got Her Groove Back (1998),Drama|Romance
2159,Henry: Portrait of a Serial Killer (1986),Crime|Horror|Thriller
2160,Rosemary's Baby (1968),Drama|Horror|Thriller
2164,Surf Nazis Must Die (1987),Action|Comedy|Drama|Horror
2166,Return to Paradise (1998),Crime|Drama|Romance|Thriller
2167,Blade (1998),Action|Horror|Thriller
2169,Dead Man on Campus (1998),Comedy
2170,Wrongfully Accused (1998),Action|Comedy
2171,Next Stop Wonderland (1998),Comedy|Drama|Romance
2174,Beetlejuice (1988),Comedy|Fantasy
2175,Déjà Vu (1997),Drama|Romance
2176,Rope (1948),Crime|Drama|Thriller
2177,Family Plot (1976),Comedy|Thriller
2178,Frenzy (1972),Thriller
2179,Topaz (1969),Thriller
2180,Torn Curtain (1966),Thriller
2181,Marnie (1964),Drama|Mystery|Romance|Thriller
2185,I Confess (1953),Thriller
2186,Strangers on a Train (1951),Crime|Drama|Film-Noir|Thriller
2187,Stage Fright (1950),Mystery|Romance|Thriller
2188,54 (1998),Drama
2193,Willow (1988),Action|Adventure|Fantasy
2195,Dirty Work (1998),Comedy
2196,Knock Off (1998),Action
2202,Lifeboat (1944),Drama|War
2203,Shadow of a Doubt (1943),Crime|Drama|Thriller
2204,Saboteur (1942),Mystery|Thriller
2205,Mr. & Mrs. Smith (1941),Comedy|Romance
2206,Suspicion (1941),Film-Noir|Mystery|Thriller
2207,Jamaica Inn (1939),Drama
2210,Sabotage (1936),Thriller
2211,Secret Agent (1936),Thriller
2231,Rounders (1998),Drama
2232,Cube (1997),Horror|Mystery|Sci-Fi|Thriller
2240,My Bodyguard (1980),Drama
2241,Class (1983),Comedy
2243,Broadcast News (1987),Comedy|Drama|Romance
2245,Working Girl (1988),Comedy|Drama|Romance
2247,Married to the Mob (1988),Comedy
2248,Say Anything... (1989),Comedy|Drama|Romance
2249,My Blue Heaven (1990),Comedy
2252,Hero (1992),Comedy|Drama
2253,Toys (1992),Comedy|Fantasy
2259,Blame It on Rio (1984),Comedy|Romance
2260,Wisdom (1986),Crime|Drama
2261,One Crazy Summer (1986),Comedy
2264,We're No Angels (1989),Comedy|Crime
2265,Nothing But Trouble (1991),Adventure|Comedy
2267,Mortal Thoughts (1991),Mystery|Thriller
2269,Indecent Proposal (1993),Drama|Romance
2271,Permanent Midnight (1998),Drama
2273,Rush Hour (1998),Action|Comedy|Crime|Thriller
2275,Six-String Samurai (1998),Action|Adventure|Sci-Fi
2278,Ronin (1998),Action|Crime|Thriller
2279,Urban Legend (1998),Horror|Thriller
2280,Clay Pigeons (1998),Crime
2282,Pecker (1998),Comedy|Drama
2287,Them! (1954),Horror|Sci-Fi|Thriller
2290,Stardust Memories (1980),Comedy|Drama
2291,Edward Scissorhands (1990),Drama|Fantasy|Romance
2292,Overnight Delivery (1998),Comedy|Romance
2294,Antz (1998),Adventure|Animation|Children|Comedy|Fantasy
2297,What Dreams May Come (1998),Adventure|Drama|Fantasy|Romance
2298,Strangeland (1998),Thriller
2302,My Cousin Vinny (1992),Comedy
2303,Nashville (1975),Drama|Musical
2306,Holy Man (1998),Comedy
2307,One Tough Cop (1998),Action|Crime
2311,2010: The Year We Make Contact (1984),Sci-Fi
2312,Children of a Lesser God (1986),Drama
2314,Beloved (1998),Drama
2316,Practical Magic (1998),Drama|Fantasy|Mystery|Romance
2318,Happiness (1998),Comedy|Drama
2320,Apt Pupil (1998),Drama|Thriller
2321,Pleasantville (1998),Comedy|Drama|Fantasy
2322,Soldier (1998),Action|Sci-Fi|War
2325,Orgazmo (1997),Comedy
2327,Tales from the Darkside: The Movie (1990),Fantasy|Horror|Thriller
2328,Vampires (1998),Horror|Western
2329,American History X (1998),Crime|Drama
2331,Living Out Loud (1998),Comedy|Drama|Romance
2332,Belly (1998),Crime|Drama
2333,Gods and Monsters (1998),Drama
2336,Elizabeth (1998),Drama
2337,Velvet Goldmine (1998),Drama
2338,I Still Know What You Did Last Summer (1998),Horror|Mystery|Thriller
2339,I'll Be Home For Christmas (1998),Comedy|Romance
2340,Meet Joe Black (1998),Romance
2342,Hard Core Logo (1996),Comedy|Drama
2344,Runaway Train (1985),Action|Adventure|Drama|Thriller
2348,Sid and Nancy (1986),Drama
2349,Mona Lisa (1986),Comedy|Thriller
2350,Heart Condition (1990),Comedy
2353,Enemy of the State (1998),Action|Thriller
2356,Celebrity (1998),Comedy
2358,Savior (1998),Drama|War
2361,Pink Flamingos (1972),Comedy
2366,King Kong (1933),Action|Adventure|Fantasy|Horror
2367,King Kong (1976),Adventure|Fantasy|Romance|Sci-Fi|Thriller
2368,King Kong Lives (1986),Adventure|Sci-Fi
2369,Desperately Seeking Susan (1985),Comedy|Drama|Romance
2371,Fletch (1985),Comedy|Crime|Mystery
2372,Fletch Lives (1989),Comedy
2373,Red Sonja (1985),Action|Adventure|Fantasy
2374,Gung Ho (1986),Comedy|Drama
2377,Lifeforce (1985),Horror|Sci-Fi
2378,Police Academy (1984),Comedy|Crime
2379,Police Academy 2: Their First Assignment (1985),Comedy|Crime
2380,Police Academy 3: Back in Training (1986),Comedy|Crime
2381,Police Academy 4: Citizens on Patrol (1987),Comedy|Crime
2383,Police Academy 6: City Under Siege (1989),Comedy|Crime
2384,Babe: Pig in the City (1998),Adventure|Children|Drama
2385,Home Fries (1998),Comedy|Romance
2387,Very Bad Things (1998),Comedy|Crime
2389,Psycho (1998),Crime|Horror|Thriller
2390,Little Voice (1998),Comedy
2392,Jack Frost (1998),Children|Comedy|Drama
2393,Star Trek: Insurrection (1998),Action|Drama|Romance|Sci-Fi
2395,Rushmore (1998),Comedy|Drama
2396,Shakespeare in Love (1998),Comedy|Drama|Romance
2398,Miracle on 34th Street (1947),Comedy|Drama
2399,Santa Claus: The Movie (1985),Adventure|Children|Fantasy
2400,Prancer (1989),Children|Drama|Fantasy
2401,Pale Rider (1985),Western
2402,Rambo: First Blood Part II (1985),Action|Adventure|Thriller
2404,Rambo III (1988),Action|Adventure|Thriller|War
2406,Romancing the Stone (1984),Action|Adventure|Comedy|Romance
2407,Cocoon (1985),Comedy|Sci-Fi
2408,Cocoon: The Return (1988),Comedy|Sci-Fi
2409,Rocky II (1979),Action|Drama
2410,Rocky III (1982),Action|Drama
2411,Rocky IV (1985),Action|Drama
2412,Rocky V (1990),Action|Drama
2413,Clue (1985),Comedy|Crime|Mystery|Thriller
2414,Young Sherlock Holmes (1985),Action|Adventure|Children|Fantasy|Mystery|Thriller
2416,Back to School (1986),Comedy
2417,Heartburn (1986),Comedy|Drama
2418,Nothing in Common (1986),Comedy
2419,Extremities (1986),Drama|Thriller
2424,You've Got Mail (1998),Comedy|Romance
2429,Mighty Joe Young (1998),Action|Adventure|Drama|Fantasy|Thriller
2430,Mighty Joe Young (1949),Adventure|Children|Drama
2431,Patch Adams (1998),Comedy|Drama
2432,Stepmom (1998),Drama
2435,Hurlyburly (1998),Drama
2436,Tea with Mussolini (1999),Comedy|Drama|War
2443,Playing by Heart (1998),Drama|Romance
2445,At First Sight (1999),Drama
2446,In Dreams (1999),Horror|Thriller
2447,Varsity Blues (1999),Comedy|Drama
2448,Virus (1999),Horror|Sci-Fi
2450,Howard the Duck (1986),Adventure|Comedy|Sci-Fi
2457,Running Scared (1986),Action|Comedy
2458,Armed and Dangerous (1986),Comedy|Crime
2463,Ruthless People (1986),Comedy
2465,Deadly Friend (1986),Horror
2468,Jumpin' Jack Flash (1986),Action|Comedy|Romance|Thriller
2469,Peggy Sue Got Married (1986),Comedy|Drama
2470,Crocodile Dundee (1986),Adventure|Comedy
2471,Crocodile Dundee II (1988),Action|Adventure|Comedy
2472,Tough Guys (1986),Comedy
2473,Soul Man (1986),Comedy
2475,52 Pick-Up (1986),Action|Mystery|Thriller
2476,Heartbreak Ridge (1986),Action|War
2477,Firewalker (1986),Adventure
2478,¡Three Amigos! (1986),Comedy|Western
2481,My Name Is Joe (1998),Drama|Romance
2482,Still Crazy (1998),Comedy|Romance
2485,She's All That (1999),Comedy|Romance
2488,Peeping Tom (1960),Drama|Horror|Thriller
2490,Payback (1999),Action|Thriller
2491,Simply Irresistible (1999),Comedy|Romance
2496,Blast from the Past (1999),Comedy|Romance
2497,Message in a Bottle (1999),Romance
2498,My Favorite Martian (1999),Comedy|Sci-Fi
2500,Jawbreaker (1999),Comedy
2501,October Sky (1999),Drama
2502,Office Space (1999),Comedy|Crime
2504,200 Cigarettes (1999),Comedy|Drama
2505,8MM (1999),Drama|Mystery|Thriller
2513,Pet Sematary (1989),Horror
2514,Pet Sematary II (1992),Comedy|Horror
2517,Christine (1983),Horror
2518,Night Shift (1982),Comedy
2520,Airport (1970),Drama
2521,Airport 1975 (1974),Action|Drama|Thriller
2522,Airport '77 (1977),Drama
2523,Rollercoaster (1977),Drama|Thriller
2525,Alligator (1980),Action|Horror|Sci-Fi
2526,Meteor (1979),Sci-Fi
2527,Westworld (1973),Action|Sci-Fi|Thriller|Western
2528,Logan's Run (1976),Action|Adventure|Sci-Fi
2529,Planet of the Apes (1968),Action|Drama|Sci-Fi
2530,Beneath the Planet of the Apes (1970),Action|Sci-Fi
2531,Battle for the Planet of the Apes (1973),Action|Sci-Fi
2532,Conquest of the Planet of the Apes (1972),Action|Sci-Fi
2533,Escape from the Planet of the Apes (1971),Action|Sci-Fi
2535,Earthquake (1974),Action|Drama|Thriller
2537,Beyond the Poseidon Adventure (1979),Adventure
2539,Analyze This (1999),Comedy
2541,Cruel Intentions (1999),Drama
2549,Wing Commander (1999),Action|Sci-Fi
2551,Dead Ringers (1988),Drama|Horror|Thriller
2553,Village of the Damned (1960),Horror|Sci-Fi|Thriller
2555,Baby Geniuses (1999),Comedy
2558,Forces of Nature (1999),Comedy|Romance
2560,Ravenous (1999),Horror|Thriller
2561,True Crime (1999),Crime|Thriller
2563,Dangerous Beauty (1998),Drama
2566,Doug's 1st Movie (1999),Animation|Children
2567,EDtv (1999),Comedy
2572,10 Things I Hate About You (1999),Comedy|Romance
2573,Tango (1998),Drama|Musical
2577,Metroland (1997),Comedy|Drama
2580,Go (1999),Comedy|Crime
2581,Never Been Kissed (1999),Comedy|Romance
2583,Cookie's Fortune (1999),Comedy|Drama
2587,Life (1999),Comedy|Crime|Drama
2590,Hideous Kinky (1998),Drama
2596,SLC Punk! (1998),Comedy|Drama
2597,Lost & Found (1999),Comedy|Romance
2598,Pushing Tin (1999),Comedy
2599,Election (1999),Comedy
2600,eXistenZ (1999),Action|Sci-Fi|Thriller
2605,Entrapment (1999),Crime|Thriller
2606,Idle Hands (1999),Comedy|Horror
2607,Get Real (1998),Drama|Romance
2612,Mildred Pierce (1945),Drama|Film-Noir
2613,Night of the Comet (1984),Comedy|Horror|Sci-Fi
2615,My Science Project (1985),Adventure|Sci-Fi
2616,Dick Tracy (1990),Action|Crime
2620,This Is My Father (1998),Drama|Romance
2623,Trippin' (1999),Comedy
2639,Mommie Dearest (1981),Drama
2640,Superman (1978),Action|Adventure|Sci-Fi
2642,Superman III (1983),Action|Adventure|Sci-Fi
2643,Superman IV: The Quest for Peace (1987),Action|Adventure|Sci-Fi
2644,Dracula (1931),Horror
2648,Frankenstein (1931),Drama|Horror|Sci-Fi
2651,Frankenstein Meets the Wolf Man (1943),Horror
2656,Tarantula (1955),Horror|Sci-Fi
2661,It Came from Outer Space (1953),Sci-Fi
2664,Invasion of the Body Snatchers (1956),Horror|Sci-Fi|Thriller
2665,Earth vs. the Flying Saucers (1956),Sci-Fi
2668,Swamp Thing (1982),Horror|Sci-Fi
2669,Pork Chop Hill (1959),War
2671,Notting Hill (1999),Comedy|Romance
2676,Instinct (1999),Drama|Thriller
2677,Buena Vista Social Club (1999),Documentary|Musical
2681,Free Enterprise (1998),Comedy|Romance|Sci-Fi
2682,Limbo (1999),Drama
2683,Austin Powers: The Spy Who Shagged Me (1999),Action|Adventure|Comedy
2687,Tarzan (1999),Adventure|Animation|Children|Drama
2694,Big Daddy (1999),Comedy
2697,My Son the Fanatic (1997),Comedy|Drama|Romance
2699,Arachnophobia (1990),Comedy|Horror
2701,Wild Wild West (1999),Action|Comedy|Sci-Fi|Western
2702,Summer of Sam (1999),Drama
2706,American Pie (1999),Comedy|Romance
2707,Arlington Road (1999),Thriller
2709,Muppets From Space (1999),Children|Comedy
2712,Eyes Wide Shut (1999),Drama|Mystery|Thriller
2713,Lake Placid (1999),Horror|Thriller
2717,Ghostbusters II (1989),Comedy|Fantasy|Sci-Fi
2718,Drop Dead Gorgeous (1999),Comedy
2720,Inspector Gadget (1999),Action|Adventure|Children|Comedy
2722,Deep Blue Sea (1999),Action|Horror|Sci-Fi|Thriller
2723,Mystery Men (1999),Action|Comedy|Fantasy
2724,Runaway Bride (1999),Comedy|Romance
2725,Twin Falls Idaho (1999),Drama
2727,Killer's Kiss (1955),Crime|Film-Noir
2728,Spartacus (1960),Action|Drama|Romance|War
2729,Lolita (1962),Drama|Romance
2730,Barry Lyndon (1975),Drama|Romance|War
2733,Vibes (1988),Adventure|Comedy|Romance
2737,Assassination (1987),Action|Drama|Thriller
2738,Crimes of the Heart (1986),Comedy|Drama
2741,No Mercy (1986),Action|Crime|Thriller
2744,Otello (1986),Drama
2746,Little Shop of Horrors (1986),Comedy|Horror|Musical
2748,Allan Quatermain and the Lost City of Gold (1987),Action|Adventure|Comedy
2750,Radio Days (1987),Comedy|Drama
2751,From the Hip (1987),Comedy|Drama
2752,Outrageous Fortune (1987),Comedy|Mystery
2757,Frances (1982),Drama
2759,Dick (1999),Comedy
2770,Bowfinger (1999),Comedy
2771,Brokedown Palace (1999),Drama
2774,Better Than Chocolate (1999),Comedy|Romance
2779,Heaven Can Wait (1978),Comedy
2786,Haunted Honeymoon (1986),Comedy
2787,Cat's Eye (1985),Horror
2789,Damien: Omen II (1978),Horror
2791,Airplane! (1980),Comedy
2792,Airplane II: The Sequel (1982),Comedy
2796,Funny Farm (1988),Comedy
2797,Big (1988),Comedy|Drama|Fantasy|Romance
2798,Problem Child (1990),Children|Comedy
2799,Problem Child 2 (1991),Comedy
2802,Tequila Sunrise (1988),Action|Drama|Romance|Thriller
2806,Teaching Mrs. Tingle (1999),Comedy|Thriller
2807,Universal Soldier: The Return (1999),Action|Sci-Fi
2808,Universal Soldier (1992),Action|Sci-Fi
2810,Perfect Blue (1997),Animation|Horror|Mystery|Thriller
2812,In Too Deep (1999),Action|Thriller
2815,Iron Eagle (1986),Action|War
2816,Iron Eagle II (1988),Action|War
2817,Aces: Iron Eagle III (1992),Action
2818,Iron Eagle IV (1995),Action|War
2822,Medicine Man (1992),Adventure|Romance
2828,Dudley Do-Right (1999),Children|Comedy
2835,Chill Factor (1999),Action|Adventure|Comedy|Thriller
2836,Outside Providence (1999),Comedy
2840,Stigmata (1999),Drama|Thriller
2841,Stir of Echoes (1999),Horror|Mystery|Thriller
2847,Only Angels Have Wings (1939),Adventure|Drama|Romance
2851,Saturn 3 (1980),Adventure|Sci-Fi|Thriller
2857,Yellow Submarine (1968),Adventure|Animation|Comedy|Fantasy|Musical
2858,American Beauty (1999),Drama|Romance
2860,Blue Streak (1999),Comedy
2861,For Love of the Game (1999),Comedy|Drama
2862,Caligula (1979),Drama
2865,Sugar Town (1999),Comedy
2867,Fright Night (1985),Comedy|Horror|Thriller
2870,Barefoot in the Park (1967),Comedy
2871,Deliverance (1972),Adventure|Drama|Thriller
2872,Excalibur (1981),Adventure|Fantasy
2875,Sommersby (1993),Drama|Mystery|Romance
2876,Thumbelina (1994),Animation|Children|Fantasy
2878,Hell Night (1981),Horror
2881,Double Jeopardy (1999),Action|Crime|Drama|Thriller
2882,Jakob the Liar (1999),Drama
2883,Mumford (1999),Comedy|Drama
2884,Dog Park (1998),Comedy|Romance
2885,Guinevere (1999),Drama|Romance
2888,Drive Me Crazy (1999),Comedy|Romance
2889,"Mystery, Alaska (1999)",Comedy|Drama
2890,Three Kings (1999),Action|Adventure|Comedy|Drama|War
2891,"Happy, Texas (1999)",Comedy
2893,Plunkett & MaCleane (1999),Action|Adventure|Drama
2896,Alvarez Kelly (1966),Western
2899,Gulliver's Travels (1939),Adventure|Animation|Children
2900,Monkey Shines (1988),Horror|Sci-Fi
2901,Phantasm (1979),Horror|Sci-Fi
2902,Psycho II (1983),Horror|Mystery|Thriller
2903,Psycho III (1986),Horror|Thriller
2906,Random Hearts (1999),Drama|Romance
2907,Superstar (1999),Comedy
2908,Boys Don't Cry (1999),Drama
2915,Risky Business (1983),Comedy
2916,Total Recall (1990),Action|Adventure|Sci-Fi|Thriller
2917,Body Heat (1981),Crime|Thriller
2918,Ferris Bueller's Day Off (1986),Comedy
2921,High Plains Drifter (1973),Western
2922,Hang 'Em High (1968),Crime|Drama|Western
2926,Hairspray (1988),Comedy|Drama
2929,Reds (1981),Drama|Romance
2932,Days of Heaven (1978),Drama
2936,Sullivan's Travels (1941),Adventure|Comedy|Romance
2939,Niagara (1953),Drama|Thriller
2940,Gilda (1946),Drama|Film-Noir|Mystery|Romance
2942,Flashdance (1983),Drama|Romance
2943,Indochine (1992),Drama|Romance
2946,Help! (1965),Comedy|Musical
2947,Goldfinger (1964),Action|Adventure|Thriller
2948,From Russia with Love (1963),Action|Adventure|Thriller
2949,Dr. No (1962),Action|Adventure|Thriller
2953,Home Alone 2: Lost in New York (1992),Children|Comedy
2956,Someone to Watch Over Me (1987),Action|Crime|Thriller
2959,Fight Club (1999),Action|Crime|Drama|Thriller
2962,Fever Pitch (1997),Comedy|Romance
2964,Julien Donkey-Boy (1999),Drama
2968,Time Bandits (1981),Adventure|Comedy|Fantasy|Sci-Fi
2970,Fitzcarraldo (1982),Adventure|Drama
2971,All That Jazz (1979),Drama|Fantasy|Musical
2973,Crimes and Misdemeanors (1989),Comedy|Crime|Drama
2974,Bats (1999),Horror|Thriller
2976,Bringing Out the Dead (1999),Drama
2977,Crazy in Alabama (1999),Comedy|Drama
2978,Three to Tango (1999),Comedy|Romance
2985,RoboCop (1987),Action|Crime|Drama|Sci-Fi|Thriller
2986,RoboCop 2 (1990),Action|Crime|Sci-Fi|Thriller
2988,Melvin and Howard (1980),Drama
2989,For Your Eyes Only (1981),Action|Adventure|Thriller
2990,Licence to Kill (1989),Action|Adventure|Thriller
2991,Live and Let Die (1973),Action|Adventure|Thriller
2992,Rawhead Rex (1986),Horror|Thriller
2993,Thunderball (1965),Action|Adventure|Thriller
2995,House on Haunted Hill (1999),Horror|Thriller
2997,Being John Malkovich (1999),Comedy|Drama|Fantasy
3007,American Movie (1999),Documentary
3008,Last Night (1998),Drama|Sci-Fi
3011,"They Shoot Horses, Don't They? (1969)",Drama
3013,Bride of Re-Animator (1990),Comedy|Horror
3014,Bustin' Loose (1981),Comedy
3015,Coma (1978),Thriller
3016,Creepshow (1982),Horror
3017,Creepshow 2 (1987),Horror
3018,Re-Animator (1985),Comedy|Horror|Sci-Fi
3019,Drugstore Cowboy (1989),Crime|Drama
3020,Falling Down (1993),Action|Drama
3024,Piranha (1978),Horror|Sci-Fi
3030,Yojimbo (1961),Action|Adventure
3031,Repossessed (1990),Comedy
3033,Spaceballs (1987),Comedy|Sci-Fi
3034,Robin Hood (1973),Adventure|Animation|Children|Comedy|Musical
3035,Mister Roberts (1955),Comedy|Drama|War
3037,Little Big Man (1970),Western
3039,Trading Places (1983),Comedy
3040,Meatballs (1979),Comedy
3043,Meatballs 4 (1992),Comedy
3044,Dead Again (1991),Mystery|Romance|Thriller
3045,Peter's Friends (1992),Comedy|Drama
3051,Anywhere But Here (1999),Comedy|Drama
3052,Dogma (1999),Adventure|Comedy|Fantasy
3054,Pokémon: The First Movie (1998),Adventure|Animation|Children|Fantasy|Sci-Fi
3055,Felicia's Journey (1999),Thriller
3056,Oxygen (1999),Crime|Drama|Thriller
3061,Holiday Inn (1942),Comedy|Musical
3063,Poison Ivy (1992),Drama|Thriller
3071,Stand and Deliver (1988),Comedy|Drama
3072,Moonstruck (1987),Comedy|Romance
3075,Repulsion (1965),Drama|Horror
3076,Irma la Douce (1963),Comedy
3078,Liberty Heights (1999),Drama
3079,Mansfield Park (1999),Comedy|Drama|Romance
3081,Sleepy Hollow (1999),Fantasy|Horror|Mystery|Romance
3086,Babes in Toyland (1934),Children|Comedy|Fantasy|Musical
3087,Scrooged (1988),Comedy|Fantasy|Romance
3088,Harvey (1950),Comedy|Fantasy
3090,Matewan (1987),Drama
3091,Kagemusha (1980),Drama|War
3093,McCabe & Mrs. Miller (1971),Drama|Western
3094,Maurice (1987),Drama|Romance
3099,Shampoo (1975),Comedy|Drama|Romance
3101,Fatal Attraction (1987),Drama|Thriller
3102,Jagged Edge (1985),Crime|Romance|Thriller
3104,Midnight Run (1988),Action|Comedy|Crime|Thriller
3105,Awakenings (1990),Drama|Mystery
3106,Come See the Paradise (1990),Drama|Romance
3107,Backdraft (1991),Action|Drama
3111,Places in the Heart (1984),Drama
3113,End of Days (1999),Action|Fantasy|Horror|Mystery|Thriller
3114,Toy Story 2 (1999),Adventure|Animation|Children|Comedy|Fantasy
3115,Flawless (1999),Drama
3117,Ride with the Devil (1999),Drama|Romance|War
3129,Sweet and Lowdown (1999),Comedy|Drama
3138,Stealing Home (1988),Drama
3145,Cradle Will Rock (1999),Drama
3146,Deuce Bigalow: Male Gigolo (1999),Comedy
3155,Anna and the King (1999),Drama|Romance
3156,Bicentennial Man (1999),Drama|Romance|Sci-Fi
3157,Stuart Little (1999),Children|Comedy|Fantasy
3160,Magnolia (1999),Drama
3161,Onegin (1999),Drama|Romance
3162,Simpatico (1999),Comedy|Drama
3165,Boiling Point (1993),Action|Drama
3167,Carnal Knowledge (1971),Comedy|Drama
3168,Easy Rider (1969),Adventure|Drama
3171,Room at the Top (1959),Drama
3173,Any Given Sunday (1999),Drama
3174,Man on the Moon (1999),Comedy|Drama
3175,Galaxy Quest (1999),Adventure|Comedy|Sci-Fi
3177,Next Friday (2000),Comedy
3179,Angela's Ashes (1999),Drama
3181,Titus (1999),Drama
3182,"Mr. Death: The Rise and Fall of Fred A. Leuchter, Jr. (1999)",Documentary
3185,Snow Falling on Cedars (1999),Drama
3186,"Girl, Interrupted (1999)",Drama
3190,Supernova (2000),Adventure|Sci-Fi|Thriller
3196,Stalag 17 (1953),Drama|War
3198,Papillon (1973),Crime|Drama
3201,Five Easy Pieces (1970),Drama
3203,Dead Calm (1989),Thriller
3206,Against All Odds (1984),Romance
3210,Fast Times at Ridgemont High (1982),Comedy|Drama|Romance
3213,Batman: Mask of the Phantasm (1993),Animation|Children
3214,American Flyers (1985),Drama
3219,Pacific Heights (1990),Mystery|Thriller
3225,Down to You (2000),Comedy|Romance
3235,Where the Buffalo Roam (1980),Comedy
3243,Encino Man (1992),Comedy
3246,Malcolm X (1992),Drama
3247,Sister Act (1992),Comedy|Crime
3248,Sister Act 2: Back in the Habit (1993),Comedy
3250,Alive (1993),Drama
3251,Agnes of God (1985),Drama|Mystery
3252,Scent of a Woman (1992),Drama
3253,Wayne's World (1992),Comedy
3254,Wayne's World 2 (1993),Comedy
3256,Patriot Games (1992),Action|Crime|Drama|Thriller
3258,Death Becomes Her (1992),Comedy|Fantasy
3259,Far and Away (1992),Adventure|Drama|Romance
3260,Howards End (1992),Drama
3261,Singles (1992),Comedy|Drama|Romance
3262,Twin Peaks: Fire Walk with Me (1992),Crime|Drama|Mystery|Thriller
3263,White Men Can't Jump (1992),Comedy|Drama
3264,Buffy the Vampire Slayer (1992),Action|Comedy|Horror
3269,Forever Young (1992),Drama|Romance|Sci-Fi
3271,Of Mice and Men (1992),Drama
3272,Bad Lieutenant (1992),Crime|Drama
3273,Scream 3 (2000),Comedy|Horror|Mystery|Thriller
3274,Single White Female (1992),Drama|Thriller
3276,Gun Shy (2000),Comedy
3283,Minnie and Moskowitz (1971),Action
3284,They Might Be Giants (1971),Comedy|Mystery|Romance
3286,Snow Day (2000),Comedy
3294,Eaten Alive (1977),Horror
3298,Boiler Room (2000),Crime|Drama|Thriller
3300,Pitch Black (2000),Horror|Sci-Fi|Thriller
3302,Beautiful People (1999),Comedy
3307,City Lights (1931),Comedy|Drama|Romance
3315,Happy Go Lovely (1951),Musical
3316,Reindeer Games (2000),Action|Thriller
3317,Wonder Boys (2000),Comedy|Drama
3323,Chain of Fools (2000),Comedy|Crime
3324,Drowning Mona (2000),Comedy
3326,What Planet Are You From? (2000),Comedy|Sci-Fi
3327,Beyond the Mat (1999),Documentary
3328,Ghost Dog: The Way of the Samurai (1999),Crime|Drama
3329,The Year My Voice Broke (1987),Drama|Romance
3330,Splendor in the Grass (1961),Drama|Romance
3331,My Tutor (1983),Drama
3334,Key Largo (1948),Crime|Drama|Film-Noir|Thriller
3341,Born Yesterday (1950),Comedy
3342,Birdy (1984),Drama|War
3344,Blood Feast (1963),Horror
3345,"Charlie, the Lonesome Cougar (1967)",Adventure|Children
3347,Never Cry Wolf (1983),Adventure|Drama
3358,Defending Your Life (1991),Comedy|Drama|Fantasy|Romance
3359,Breaking Away (1979),Comedy|Drama
3361,Bull Durham (1988),Comedy|Drama|Romance
3362,Dog Day Afternoon (1975),Crime|Drama
3363,American Graffiti (1973),Comedy|Drama
3370,Betrayed (1988),Drama|Thriller
3374,Daughters of the Dust (1991),Drama
3379,On the Beach (1959),Drama
3385,Volunteers (1985),Comedy
3386,JFK (1991),Drama|Mystery|Thriller
3387,Who's Harry Crumb? (1989),Comedy|Mystery
3388,Harry and the Hendersons (1987),Children|Comedy
3389,Let's Get Harry (1986),Action|Adventure
3391,Who's That Girl? (1987),Comedy
3392,She-Devil (1989),Comedy
3394,Blind Date (1987),Comedy|Romance
3400,We're Back! A Dinosaur's Story (1993),Adventure|Animation|Children|Fantasy
3403,Raise the Titanic (1980),Drama|Thriller
3404,Titanic (1953),Action|Drama
3408,Erin Brockovich (2000),Drama
3409,Final Destination (2000),Drama|Thriller
3414,Love Is a Many-Splendored Thing (1955),Drama|Romance|War
3418,Thelma & Louise (1991),Adventure|Crime|Drama
3420,...And Justice for All (1979),Drama|Thriller
3422,She's Gotta Have It (1986),Comedy|Romance
3423,School Daze (1988),Drama
3424,Do the Right Thing (1989),Drama
3425,Mo' Better Blues (1990),Drama|Musical
3426,Jungle Fever (1991),Drama|Romance
3430,Death Wish (1974),Action|Crime|Drama
3432,Death Wish 3 (1985),Action|Drama
3433,Death Wish 4: The Crackdown (1987),Action|Drama
3435,Double Indemnity (1944),Crime|Drama|Film-Noir
3436,Dying Young (1991),Drama|Romance
3438,Teenage Mutant Ninja Turtles (1990),Action|Children|Comedy|Fantasy|Sci-Fi
3439,Teenage Mutant Ninja Turtles II: The Secret of the Ooze (1991),Action|Children|Fantasy
3440,Teenage Mutant Ninja Turtles III (1993),Action|Adventure|Children|Comedy|Fantasy
3441,Red Dawn (1984),Action|Drama|War
3442,Band of the Hand (1986),Action|Crime|Drama
3444,Bloodsport (1988),Action
3445,Eyes of Laura Mars (1978),Mystery|Thriller
3446,Funny Bones (1995),Comedy|Drama
3448,"Good Morning, Vietnam (1987)",Comedy|Drama|War
3450,Grumpy Old Men (1993),Comedy
3452,Romeo Must Die (2000),Action|Crime|Romance|Thriller
3453,Here on Earth (2000),Drama|Romance
3454,Whatever It Takes (2000),Comedy|Romance
3461,Lord of the Flies (1963),Adventure|Drama|Thriller
3462,Modern Times (1936),Comedy|Drama|Romance
3466,Heart and Souls (1993),Comedy|Fantasy
3467,Hud (1963),Drama|Western
3469,Inherit the Wind (1960),Drama
3470,Dersu Uzala (1975),Adventure|Drama
3471,Close Encounters of the Third Kind (1977),Adventure|Drama|Sci-Fi
3476,Jacob's Ladder (1990),Horror|Mystery
3477,Empire Records (1995),Comedy|Drama
3479,Ladyhawke (1985),Adventure|Fantasy|Romance
3480,Lucas (1986),Drama|Romance
3481,High Fidelity (2000),Comedy|Drama|Romance
3489,Hook (1991),Adventure|Comedy|Fantasy
3494,True Grit (1969),Adventure|Drama|Western
3497,Max Dugan Returns (1983),Comedy
3498,Midnight Express (1978),Drama
3499,Misery (1990),Drama|Horror|Thriller
3500,Mr. Saturday Night (1992),Comedy|Drama
3502,My Life (1993),Drama
3504,Network (1976),Comedy|Drama
3505,No Way Out (1987),Drama|Mystery|Thriller
3506,North Dallas Forty (1979),Comedy|Drama
3510,Frequency (2000),Drama|Thriller
3511,Ready to Rumble (2000),Comedy
3513,Rules of Engagement (2000),Drama|Thriller
3514,Joe Gould's Secret (2000),Drama
3516,"Bell, Book and Candle (1958)",Comedy|Fantasy|Romance
3519,Force 10 from Navarone (1978),Action|Drama|War
3521,Mystery Train (1989),Comedy|Drama
3524,Arthur (1981),Comedy|Romance
3525,Bachelor Party (1984),Comedy
3526,Parenthood (1989),Comedy|Drama
3527,Predator (1987),Action|Sci-Fi|Thriller
3531,All the Vermeers in New York (1990),Comedy|Drama|Romance
3534,28 Days (2000),Drama
3535,American Psycho (2000),Crime|Horror|Mystery|Thriller
3536,Keeping the Faith (2000),Comedy|Drama|Romance
3537,Where the Money Is (2000),Comedy|Drama
3538,East is East (1999),Comedy
3543,Diner (1982),Comedy|Drama
3545,Cabaret (1972),Drama|Musical
3546,What Ever Happened to Baby Jane? (1962),Drama|Horror|Thriller
3548,Auntie Mame (1958),Comedy|Drama
3549,Guys and Dolls (1955),Comedy|Musical|Romance
3550,The Hunger (1983),Horror
3551,Marathon Man (1976),Crime|Drama|Thriller
3552,Caddyshack (1980),Comedy
3553,Gossip (2000),Drama|Thriller
3555,U-571 (2000),Action|Thriller|War
3559,Limelight (1952),Comedy|Drama|Romance
3565,Where the Heart Is (2000),Comedy|Drama
3572,Carnosaur (1993),Horror|Sci-Fi
3574,Carnosaur 3: Primal Species (1996),Horror|Sci-Fi
3577,Two Moon Junction (1988),Drama|Romance
3578,Gladiator (2000),Action|Adventure|Drama
3581,Human Traffic (1999),Comedy
3584,Breathless (1983),Action|Drama|Romance|Thriller
3586,The Idolmaker (1980),Drama|Romance
3587,Inferno (1980),Horror
3591,Mr. Mom (1983),Comedy|Drama
3593,Battlefield Earth (2000),Action|Sci-Fi
3594,Center Stage (2000),Drama|Musical
3596,Screwed (2000),Comedy
3597,Whipped (2000),Comedy
3599,Anchors Aweigh (1945),Comedy|Musical
3604,Gypsy (1962),Musical
3606,On the Town (1949),Comedy|Musical|Romance
3608,Pee-wee's Big Adventure (1985),Adventure|Comedy
3614,Honeymoon in Vegas (1992),Comedy|Romance
3615,Dinosaur (2000),Adventure|Animation|Children
3616,Loser (2000),Comedy|Romance
3617,Road Trip (2000),Comedy
3618,Small Time Crooks (2000),Comedy|Crime
3623,Mission: Impossible II (2000),Action|Adventure|Thriller
3624,Shanghai Noon (2000),Action|Adventure|Comedy|Western
3627,Carnival of Souls (1962),Horror|Thriller
3628,Flying Tigers (1942),Action|Drama|Romance|War
3632,Monsieur Verdoux (1947),Comedy|Crime
3633,On Her Majesty's Secret Service (1969),Action|Adventure|Romance|Thriller
3638,Moonraker (1979),Action|Adventure|Sci-Fi|Thriller
3649,American Gigolo (1980),Drama
3658,Quatermass and the Pit (1967),Horror|Sci-Fi
3660,Puppet Master (1989),Horror|Sci-Fi|Thriller
3661,Puppet Master II (1991),Horror|Sci-Fi|Thriller
3662,Puppet Master III: Toulon's Revenge (1991),Horror|Sci-Fi|Thriller
3663,Puppet Master 4 (1993),Horror|Sci-Fi|Thriller
3664,Puppet Master 5: The Final Chapter (1994),Horror|Sci-Fi|Thriller
3668,Romeo and Juliet (1968),Drama|Romance
3669,Stay Tuned (1992),Comedy
3671,Blazing Saddles (1974),Comedy|Western
3672,Benji (1974),Adventure|Children
3673,Benji the Hunted (1987),Adventure|Children
3675,White Christmas (1954),Comedy|Musical|Romance
3676,Eraserhead (1977),Drama|Horror
3682,Magnum Force (1973),Action|Crime|Drama|Thriller
3683,Blood Simple (1984),Crime|Drama|Film-Noir
3685,Prizzi's Honor (1985),Comedy|Drama|Romance
3686,Flatliners (1990),Horror|Sci-Fi|Thriller
3688,Porky's (1982),Comedy
3689,Porky's II: The Next Day (1983),Comedy
3690,Porky's Revenge (1985),Comedy
3691,Private School (1983),Comedy
3696,Night of the Creeps (1986),Comedy|Horror|Sci-Fi|Thriller
3697,Predator 2 (1990),Action|Sci-Fi|Thriller
3699,Starman (1984),Adventure|Drama|Romance|Sci-Fi
3701,Alien Nation (1988),Crime|Drama|Sci-Fi|Thriller
3702,Mad Max (1979),Action|Adventure|Sci-Fi
3704,Mad Max Beyond Thunderdome (1985),Action|Adventure|Sci-Fi
3705,Bird on a Wire (1990),Action|Comedy|Romance
3706,Angel Heart (1987),Film-Noir|Horror|Mystery|Thriller
3708,Firestarter (1984),Horror|Thriller
3709,Sleepwalkers (1992),Horror
3710,Action Jackson (1988),Action|Comedy|Crime|Thriller
3711,Sarafina! (1992),Drama
3712,Soapdish (1991),Comedy
3714,Clara's Heart (1988),Drama
3715,Burglar (1987),Comedy|Crime
3716,Fatal Beauty (1987),Action|Comedy|Crime|Drama
3719,Love's Labour's Lost (2000),Comedy|Romance
3720,Sunshine (1999),Drama
3724,Coming Home (1978),Drama|War
3726,Assault on Precinct 13 (1976),Action|Thriller
3727,Near Dark (1987),Horror|Western
3729,Shaft (1971),Action|Crime|Drama|Thriller
3731,Cutter's Way (1981),Drama|Thriller
3735,Serpico (1973),Crime|Drama
3737,Lonely Are the Brave (1962),Drama|Western
3739,Trouble in Paradise (1932),Comedy|Romance
3740,Big Trouble in Little China (1986),Action|Adventure|Comedy|Fantasy
3741,Badlands (1973),Crime|Drama|Thriller
3743,Boys and Girls (2000),Comedy|Romance
3744,Shaft (2000),Action|Crime|Thriller
3745,Titan A.E. (2000),Action|Adventure|Animation|Children|Sci-Fi
3751,Chicken Run (2000),Animation|Children|Comedy
3752,"Me, Myself & Irene (2000)",Adventure|Comedy
3766,Missing in Action (1984),Action|War
3767,Missing in Action 2: The Beginning (1985),Action|War
3768,Braddock: Missing in Action III (1988),Action|War
3769,Thunderbolt and Lightfoot (1974),Action
3770,Dreamscape (1984),Horror|Sci-Fi|Thriller
3773,House Party (1990),Comedy
3774,House Party 2 (1991),Comedy|Drama|Romance
3785,Scary Movie (2000),Comedy|Horror
3786,But I'm a Cheerleader (1999),Comedy
3790,Groove (2000),Drama
3791,Footloose (1984),Drama
3792,Duel in the Sun (1946),Drama|Romance|Western
3793,X-Men (2000),Action|Adventure|Sci-Fi
3794,Chuck & Buck (2000),Comedy|Drama
3798,What Lies Beneath (2000),Drama|Horror|Mystery
3801,Anatomy of a Murder (1959),Drama|Mystery
3802,Freejack (1992),Action|Sci-Fi
3806,Mackenna's Gold (1969),Western
3807,Sinbad and the Eye of the Tiger (1977),Adventure|Fantasy
3809,What About Bob? (1991),Comedy
3810,White Sands (1992),Drama|Thriller
3811,Breaker Morant (1980),Drama|War
3813,Interiors (1978),Drama
3814,Love and Death (1975),Comedy
3819,Tampopo (1985),Comedy
3821,Nutty Professor II: The Klumps (2000),Comedy
3823,Wonderland (1999),Drama
3824,Autumn in New York (2000),Drama|Romance
3825,Coyote Ugly (2000),Comedy|Drama|Romance
3826,Hollow Man (2000),Horror|Sci-Fi|Thriller
3827,Space Cowboys (2000),Action|Adventure|Comedy|Sci-Fi
3830,Psycho Beach Party (2000),Comedy|Horror|Thriller
3831,Saving Grace (2000),Comedy
3834,Bronco Billy (1980),Adventure|Drama|Romance
3836,Kelly's Heroes (1970),Action|Comedy|War
3837,Phantasm II (1988),Action|Fantasy|Horror|Sci-Fi|Thriller
3838,Phantasm III: Lord of the Dead (1994),Horror
3839,Phantasm IV: Oblivion (1998),Horror
3841,Air America (1990),Action|Comedy
3843,Sleepaway Camp (1983),Horror
3844,Steel Magnolias (1989),Drama
3846,Easy Money (1983),Comedy
3857,Bless the Child (2000),Thriller
3858,Cecil B. DeMented (2000),Comedy
3871,Shane (1953),Drama|Western
3872,"Suddenly, Last Summer (1959)",Drama
3873,Cat Ballou (1965),Comedy|Western
3877,Supergirl (1984),Action|Adventure|Fantasy
3882,Bring It On (2000),Comedy
3893,Nurse Betty (2000),Comedy|Crime|Drama|Romance|Thriller
3897,Almost Famous (2000),Drama
3898,Bait (2000),Action|Comedy
3899,Circus (2000),Crime|Drama|Thriller
3900,Crime and Punishment in Suburbia (2000),Comedy|Drama
3901,Duets (2000),Comedy|Drama
3906,Under Suspicion (2000),Crime|Thriller
3908,Urban Legends: Final Cut (2000),Horror
3909,Woman on Top (2000),Comedy|Romance
3910,Dancer in the Dark (2000),Drama|Musical
3911,Best in Show (2000),Comedy
3916,Remember the Titans (2000),Drama
3917,Hellraiser (1987),Horror
3919,Hellraiser III: Hell on Earth (1992),Horror
3922,Bikini Beach (1964),Comedy
3925,Stranger Than Paradise (1984),Comedy|Drama
3926,Voyage to the Bottom of the Sea (1961),Adventure|Sci-Fi
3927,Fantastic Voyage (1966),Adventure|Sci-Fi
3928,Abbott and Costello Meet Frankenstein (1948),Comedy|Horror
3937,Runaway (1984),Sci-Fi|Thriller
3941,Sorority House Massacre (1986),Horror
3943,Bamboozled (2000),Comedy
3945,Digimon: The Movie (2000),Adventure|Animation|Children
3946,Get Carter (2000),Action|Drama|Thriller
3947,Get Carter (1971),Action|Crime|Drama|Thriller
3948,Meet the Parents (2000),Comedy
3949,Requiem for a Dream (2000),Drama
3950,Tigerland (2000),Drama
3957,Billy Jack (1971),Action|Drama
3958,Billy Jack Goes to Washington (1977),Drama
3966,Detour (1945),Crime|Film-Noir
3967,Billy Elliot (2000),Drama
3968,Bedazzled (2000),Comedy
3969,Pay It Forward (2000),Drama
3973,Book of Shadows: Blair Witch 2 (2000),Crime|Horror|Mystery|Thriller
3977,Charlie's Angels (2000),Action|Comedy
3979,Little Nicky (2000),Comedy
3980,Men of Honor (2000),Drama
3981,Red Planet (2000),Action|Sci-Fi|Thriller
3983,You Can Count on Me (2000),Drama|Romance
3984,Diamonds Are Forever (1971),Action|Adventure|Thriller
3987,Bounce (2000),Drama|Romance
3990,Rugrats in Paris: The Movie (2000),Animation|Children|Comedy
3991,102 Dalmatians (2000),Children|Comedy
3992,Malèna (2000),Drama|Romance|War
3993,Quills (2000),Drama|Romance
3994,Unbreakable (2000),Drama|Sci-Fi
3997,Dungeons & Dragons (2000),Action|Adventure|Comedy|Fantasy
3998,Proof of Life (2000),Drama
3999,Vertical Limit (2000),Action|Adventure
4003,She's Having a Baby (1988),Comedy
4007,Wall Street (1987),Drama
4008,Born on the Fourth of July (1989),Drama|War
4009,Talk Radio (1988),Drama
4010,Brewster's Millions (1985),Comedy
4011,Snatch (2000),Comedy|Crime|Thriller
4012,Punchline (1988),Comedy|Drama
4014,Chocolat (2000),Drama|Romance
4015,"Dude, Where's My Car? (2000)",Comedy|Sci-Fi
4018,What Women Want (2000),Comedy|Romance
4019,Finding Forrester (2000),Drama
4022,Cast Away (2000),Drama
4025,Miss Congeniality (2000),Comedy|Crime
4027,"O Brother, Where Art Thou? (2000)",Adventure|Comedy|Crime
4029,State and Main (2000),Comedy|Drama
4030,Dracula 2000 (2000),Horror
4031,All the Pretty Horses (2000),Drama|Romance|Western
4033,Thirteen Days (2000),Drama|Thriller|War
4036,Shadow of the Vampire (2000),Drama|Horror
4037,House of Games (1987),Crime|Film-Noir|Mystery|Thriller
4039,Annie (1982),Children|Musical
4040,Don't Tell Mom the Babysitter's Dead (1991),Comedy
4043,At Close Range (1986),Crime|Drama
4046,Friendly Persuasion (1956),Drama
4047,Gettysburg (1993),Drama|War
4052,Antitrust (2001),Crime|Drama|Thriller
4053,Double Take (2001),Action|Comedy
4054,Save the Last Dance (2001),Drama|Romance
4055,Panic (2000),Drama
4061,The Man in the Moon (1991),Drama|Romance
4062,Mystic Pizza (1988),Comedy|Drama|Romance
4063,Prelude to a Kiss (1992),Comedy|Drama|Romance
4064,Coffy (1973),Action|Crime|Thriller
4065,Foxy Brown (1974),Action|Crime|Drama
4066,I'm Gonna Git You Sucka (1988),Action|Comedy
4067,Untamed Heart (1993),Drama|Romance
4068,Sugar & Spice (2001),Comedy
4078,Amazing Grace and Chuck (1987),Drama
4079,Amazon Women on the Moon (1987),Comedy|Sci-Fi
4080,Baby Boom (1987),Comedy
4081,Back to the Beach (1987),Comedy
4082,Barfly (1987),Comedy|Drama|Romance
4083,Best Seller (1987),Thriller
4084,Beverly Hills Cop II (1987),Action|Comedy|Crime|Thriller
4085,Beverly Hills Cop (1984),Action|Comedy|Crime|Drama
4089,Born in East L.A. (1987),Comedy
4091,Can't Buy Me Love (1987),Comedy|Romance
4092,Cherry 2000 (1987),Romance|Sci-Fi
4093,Cop (1988),Thriller
4103,Empire of the Sun (1987),Action|Adventure|Drama|War
4104,Ernest Goes to Camp (1987),Comedy
4109,Flowers in the Attic (1987),Drama|Thriller
4111,Gardens of Stone (1987),Drama|War
4115,Hiding Out (1987),Comedy
4116,Hollywood Shuffle (1987),Comedy
4117,Hope and Glory (1987),Drama
4121,Innerspace (1987),Action|Adventure|Comedy|Sci-Fi
4123,Ishtar (1987),Comedy
4124,Jaws: The Revenge (1987),Horror|Thriller
4125,Leonard Part 6 (1987),Comedy|Sci-Fi
4126,Less Than Zero (1987),Drama
4129,Made in Heaven (1987),Fantasy|Romance
4130,Maid to Order (1987),Comedy|Fantasy
4131,Making Mr. Right (1987),Comedy|Romance|Sci-Fi
4132,Mannequin (1987),Comedy|Romance
4133,Masters of the Universe (1987),Action|Adventure|Fantasy|Sci-Fi
4139,No Man's Land (1987),Crime|Drama
4141,Head Over Heels (2001),Comedy|Romance
4143,Valentine (2001),Horror|Mystery
4148,Hannibal (2001),Horror|Thriller
4152,Vatel (2000),Drama
4153,Down to Earth (2001),Comedy|Fantasy|Romance
4154,Recess: School's Out (2001),Animation|Children
4155,Sweet November (2001),Drama|Romance
4156,Company Man (2000),Comedy
4158,Monkeybone (2001),Animation|Comedy|Fantasy
4166,Series 7: The Contenders (2001),Action|Drama
4167,15 Minutes (2001),Thriller
4168,Get Over It (2001),Comedy|Romance
4174,Avalon (1990),Drama
4178,Of Mice and Men (1939),Drama
4180,Reform School Girls (1986),Action|Drama
4181,Tapeheads (1988),Comedy
4187,Lilies of the Field (1963),Drama
4190,Elmer Gantry (1960),Drama
4191,Alfie (1966),Comedy|Drama|Romance
4194,I Know Where I'm Going! (1945),Drama|Romance|War
4197,Real Life (1979),Comedy
4198,Battle Beyond the Stars (1980),Sci-Fi
4200,Double Impact (1991),Action
4202,Fuzz (1972),Drama
4203,Harley Davidson and the Marlboro Man (1991),Action|Crime|Drama
4204,Losin' It (1983),Comedy
4205,Mermaids (1990),Comedy|Drama|Romance
4207,Navy Seals (1990),Action|Adventure|War
4210,Manhunter (1986),Action|Crime|Drama|Horror|Thriller
4211,Reversal of Fortune (1990),Drama
4212,Death on the Nile (1978),Crime|Mystery
4214,Revenge of the Nerds (1984),Comedy
4215,Revenge of the Nerds II: Nerds in Paradise (1987),Comedy
4218,River's Edge (1986),Crime|Drama
4219,Girls Just Want to Have Fun (1985),Comedy
4221,Necessary Roughness (1991),Comedy
4223,Enemy at the Gates (2001),Drama|War
4224,Exit Wounds (2001),Action|Thriller
4226,Memento (2000),Mystery|Thriller
4228,Heartbreakers (2001),Comedy|Crime|Romance
4229,Say It Isn't So (2001),Comedy|Romance
4231,Someone Like You (2001),Comedy|Romance
4232,Spy Kids (2001),Action|Adventure|Children|Comedy
4233,Tomcats (2001),Comedy
4238,Along Came a Spider (2001),Action|Crime|Mystery|Thriller
4239,Blow (2001),Crime|Drama
4243,Brigham City (2001),Crime|Drama|Mystery
4246,Bridget Jones's Diary (2001),Comedy|Drama|Romance
4247,Joe Dirt (2001),Adventure|Comedy|Mystery|Romance
4248,Josie and the Pussycats (2001),Comedy
4251,Chopper (2000),Drama|Thriller
4254,Crocodile Dundee in Los Angeles (2001),Comedy|Drama
4255,Freddy Got Fingered (2001),Comedy
4262,Scarface (1983),Action|Crime|Drama
4263,Days of Wine and Roses (1962),Drama
4265,Driven (2001),Action|Thriller
4267,One Night at McCool's (2001),Comedy
4273,Under the Sand (2000),Drama
4275,Krull (1983),Action|Adventure|Fantasy|Sci-Fi
4276,Lost in America (1985),Comedy
4284,Frankie and Johnny (1966),Comedy
4290,For the Boys (1991),Comedy|Drama|Musical
4292,Norma Rae (1979),Drama
4293,Summer Rental (1985),Comedy
4296,Love Story (1970),Drama|Romance
4305,Angel Eyes (2001),Romance|Thriller
4306,Shrek (2001),Adventure|Animation|Children|Comedy|Fantasy|Romance
4310,Pearl Harbor (2001),Action|Drama|Romance|War
4316,Ice Castles (1978),Drama
4321,City Slickers (1991),Comedy|Western
4322,Eight Men Out (1988),Drama
4326,Mississippi Burning (1988),Crime|Drama|Thriller
4329,Rio Bravo (1959),Western
4333,Throw Momma from the Train (1987),Comedy|Crime
4338,Twelve O'Clock High (1949),Drama|War
4339,Von Ryan's Express (1965),Action|Adventure|Drama|War
4342,Big Eden (2000),Drama|Romance
4343,Evolution (2001),Comedy|Sci-Fi
4349,Catch-22 (1970),Comedy|War
4351,Point Break (1991),Action|Crime|Thriller
4353,Uncommon Valor (1983),Action|War
4354,Unlawful Entry (1992),Crime|Thriller
4356,Gentlemen Prefer Blondes (1953),Comedy|Musical|Romance
4357,How to Marry a Millionaire (1953),Comedy|Drama|Romance
4361,Tootsie (1982),Comedy|Romance
4366,Atlantis: The Lost Empire (2001),Adventure|Animation|Children|Fantasy
4367,Lara Croft: Tomb Raider (2001),Action|Adventure
4368,Dr. Dolittle 2 (2001),Comedy
4370,A.I. Artificial Intelligence (2001),Adventure|Drama|Sci-Fi
4371,Baby Boy (2001),Crime|Drama
4372,Crazy/Beautiful (2001),Drama|Romance
4373,Pootie Tang (2001),Comedy
4378,Sexy Beast (2000),Crime|Drama
4384,Lumumba (2000),Drama
4386,Cats & Dogs (2001),Children|Comedy
4387,Kiss of the Dragon (2001),Action
4388,Scary Movie 2 (2001),Comedy
4389,Lost and Delirious (2001),Drama
4392,Alice (1990),Comedy|Drama|Fantasy|Romance
4393,Another Woman (1988),Drama
4394,Beach Blanket Bingo (1965),Comedy|Musical
4397,Cannonball Run II (1984),Action|Comedy
4402,Dr. Goldfoot and the Bikini Machine (1965),Comedy
4407,Salvador (1986),Drama|Thriller|War
4408,September (1987),Drama
4410,Something Wild (1986),Comedy|Crime|Drama
4419,All That Heaven Allows (1955),Drama|Romance
4426,Kiss Me Deadly (1955),Film-Noir
4429,Moby Dick (1956),Drama
4432,Sweet Smell of Success (1957),Drama|Film-Noir
4433,Written on the Wind (1956),Drama
4436,Obsession (1976),Mystery|Thriller
4437,Suspiria (1977),Horror
4443,Outland (1981),Action|Sci-Fi|Thriller
4445,T-Rex: Back to the Cretaceous (1998),Adventure|Documentary|IMAX
4446,Final Fantasy: The Spirits Within (2001),Adventure|Animation|Fantasy|Sci-Fi
4447,Legally Blonde (2001),Comedy|Romance
4450,Bully (2001),Crime|Drama|Thriller
4451,Jump Tomorrow (2001),Comedy|Drama|Romance
4452,Made (2001),Comedy
4454,More (1998),Animation|Drama|Sci-Fi|IMAX
4462,18 Again! (1988),Comedy|Fantasy
4463,1969 (1988),Drama|War
4466,Above the Law (1988),Action|Crime|Drama
4471,Arthur 2: On the Rocks (1988),Comedy|Romance
4473,Bat*21 (1988),Drama|War
4474,Beaches (1988),Comedy|Drama|Musical
4476,Big Business (1988),Comedy
4477,Big Top Pee-Wee (1988),Adventure|Children|Comedy
4478,Biloxi Blues (1988),Comedy|Drama
4482,"Bright Lights, Big City (1988)",Drama
4483,Caddyshack II (1988),Comedy
4484,Camille Claudel (1988),Drama
4487,Cocktail (1988),Drama|Romance
4488,Colors (1988),Action|Crime|Drama
4489,Coming to America (1988),Comedy|Romance
4492,Critters (1986),Comedy|Sci-Fi
4495,Crossing Delancey (1988),Comedy|Romance
4496,D.O.A. (1988),Film-Noir|Mystery|Thriller
4497,Dead Heat (1988),Action|Comedy|Horror|Sci-Fi
4499,Dirty Rotten Scoundrels (1988),Comedy
4500,Drowning by Numbers (1988),Comedy|Drama
4502,Ernest Saves Christmas (1988),Children|Comedy
4506,Frantic (1988),Crime|Mystery|Thriller
4511,High Spirits (1988),Comedy
4516,Johnny Be Good (1988),Comedy
4520,License to Drive (1988),Comedy
4521,Little Nikita (1988),Drama
4522,Masquerade (1988),Mystery|Romance|Thriller
4524,Moon Over Parador (1988),Comedy
4526,My Stepmother Is an Alien (1988),Comedy|Romance|Sci-Fi
4531,Red Heat (1988),Action
4537,Running on Empty (1988),Drama
4544,Short Circuit 2 (1988),Comedy|Sci-Fi
4545,Short Circuit (1986),Comedy|Sci-Fi
4553,They Live (1988),Action|Sci-Fi|Thriller
4557,Tucker: The Man and His Dream (1988),Drama
4558,Twins (1988),Comedy
4562,Without a Clue (1988),Comedy|Mystery
4564,Always (1989),Drama|Fantasy|Romance
4565,American Ninja (1985),Action|Adventure
4568,Best of the Best (1989),Action
4571,Bill & Ted's Excellent Adventure (1989),Adventure|Comedy|Sci-Fi
4572,Black Rain (1989),Action|Crime|Drama
4573,Blaze (1989),Comedy|Drama
4577,Casualties of War (1989),Drama|War
4578,Chances Are (1989),Comedy|Romance
4580,Cyborg (1989),Action|Sci-Fi
4581,Dad (1989),Drama
4583,Disorganized Crime (1989),Action|Comedy
4584,Dream a Little Dream (1989),Comedy|Drama|Romance
4587,Earth Girls Are Easy (1988),Comedy|Musical|Sci-Fi
4589,Eddie and the Cruisers (1983),Drama|Musical|Mystery
4593,Family Business (1989),Comedy
4594,Farewell to the King (1989),Action|War
4595,Fat Man and Little Boy (1989),Drama
4597,Gleaming the Cube (1989),Action|Drama|Mystery
4599,Great Balls of Fire! (1989),Drama
4602,Harlem Nights (1989),Comedy|Crime|Romance
4603,Her Alibi (1989),Comedy|Romance
4605,How to Get Ahead in Advertising (1989),Comedy|Fantasy
4611,Johnny Handsome (1989),Crime|Drama
4613,K-9 (1989),Action|Comedy|Crime
4614,Kickboxer (1989),Action
4615,Last Exit to Brooklyn (1989),Drama
4616,Lean on Me (1989),Drama
4617,Let It Ride (1989),Comedy
4619,Little Monsters (1989),Comedy
4621,Look Who's Talking (1989),Comedy|Romance
4622,Loverboy (1989),Comedy
4623,Major League (1989),Comedy
4624,Meet the Feebles (1989),Animation|Comedy|Musical
4625,Millennium (1989),Drama|Sci-Fi|Thriller
4628,New York Stories (1989),Comedy|Drama
4629,Next of Kin (1989),Action|Crime|Thriller
4630,No Holds Barred (1989),Action
4634,Penn & Teller Get Killed (1989),Adventure|Comedy
4635,Pink Cadillac (1989),Action|Comedy|Drama
4638,Jurassic Park III (2001),Action|Adventure|Sci-Fi|Thriller
4639,America's Sweethearts (2001),Comedy|Romance
4640,Brother (2000),Action|Crime|Thriller
4641,Ghost World (2001),Comedy|Drama
4643,Planet of the Apes (2001),Action|Adventure|Drama|Sci-Fi
4645,Cure (1997),Crime|Horror|Thriller
4649,Wet Hot American Summer (2001),Comedy
4654,Road House (1989),Action|Drama
4658,Santa Sangre (1989),Drama|Horror|Mystery|Thriller
4660,Scenes from the Class Struggle in Beverly Hills (1989),Comedy
4661,Sea of Love (1989),Crime|Drama|Thriller
4662,"See No Evil, Hear No Evil (1989)",Comedy|Crime
4663,She's Out of Control (1989),Comedy
4666,Skin Deep (1989),Comedy
4671,Sweetie (1989),Drama
4673,Tango & Cash (1989),Action|Comedy|Crime|Thriller
4675,Three Fugitives (1989),Action|Comedy
4676,Troop Beverly Hills (1989),Comedy
4677,Turner & Hooch (1989),Comedy|Crime
4678,UHF (1989),Comedy
4679,Uncle Buck (1989),Comedy
4686,Weekend at Bernie's II (1993),Adventure|Comedy
4688,Black Robe (1991),Adventure|Drama
4695,Who'll Stop the Rain (1978),Crime|Drama
4697,Basket Case (1982),Comedy|Horror
4699,Original Sin (2001),Drama|Romance|Thriller
4701,Rush Hour 2 (2001),Action|Comedy
4703,Chocolat (1988),Drama
4704,Hatari! (1962),Adventure|Comedy
4709,Paint Your Wagon (1969),Comedy|Musical|Western
4713,Altered States (1980),Drama|Sci-Fi
4714,Any Which Way You Can (1980),Comedy
4718,American Pie 2 (2001),Comedy
4719,Osmosis Jones (2001),Action|Animation|Comedy|Crime|Drama|Romance|Thriller
4721,American Outlaws (2001),Action|Comedy|Western
4722,All Over the Guy (2001),Comedy
4725,Session 9 (2001),Horror|Thriller
4727,Captain Corelli's Mandolin (2001),Drama|Romance|War
4728,Rat Race (2001),Comedy
4732,Bubble Boy (2001),Comedy
4734,Jay and Silent Bob Strike Back (2001),Adventure|Comedy
4735,Ghosts of Mars (2001),Horror|Sci-Fi|Thriller
4736,Summer Catch (2001),Comedy|Drama|Romance
4738,Happy Accidents (2000),Romance|Sci-Fi
4740,Maybe Baby (2000),Comedy|Romance
4743,Tortilla Soup (2001),Comedy|Romance
4744,Jeepers Creepers (2001),Horror
4745,O (2001),Drama
4748,3 Ninjas (1992),Action|Children|Comedy
4749,3 Ninjas Kick Back (1994),Action|Children|Comedy
4757,Rock Star (2001),Comedy|Drama|Musical
4759,Two Can Play That Game (2001),Comedy|Drama
4765,L.I.E. (2001),Drama
4771,Hardball (2001),Drama
4773,Haiku Tunnel (2001),Comedy
4774,Big Trouble (2002),Comedy|Crime
4775,Glitter (2001),Drama|Musical|Romance
4776,Training Day (2001),Crime|Drama|Thriller
4780,Liam (2000),Drama
4787,Little Man Tate (1991),Drama
4789,Phantom of the Paradise (1974),Comedy|Fantasy|Horror|Musical|Thriller
4792,13 Ghosts (1960),Horror
4794,Opera (1987),Crime|Horror|Mystery
4795,Father Goose (1964),Adventure|Comedy|Romance|War
4798,Indiscreet (1958),Comedy|Romance
4799,"It's a Mad, Mad, Mad, Mad World (1963)",Action|Adventure|Comedy|Crime
4800,King Solomon's Mines (1937),Action|Adventure|Drama|Romance|Thriller
4802,Operation Petticoat (1959),Action|Comedy|Romance|War
4803,Play Misty for Me (1971),Drama|Thriller
4804,Pocketful of Miracles (1961),Comedy|Drama
4809,Silkwood (1983),Drama
4811,Quadrophenia (1979),Drama|Musical
4812,SpaceCamp (1986),Adventure|Sci-Fi
4813,When Worlds Collide (1951),Sci-Fi
4814,Don't Say a Word (2001),Thriller
4815,Hearts in Atlantis (2001),Drama
4816,Zoolander (2001),Comedy
4818,Extreme Days (2001),Action|Adventure|Comedy|Drama
4821,Joy Ride (2001),Adventure|Thriller
4822,Max Keeble's Big Move (2001),Children|Comedy
4823,Serendipity (2001),Comedy|Romance
4830,Brubaker (1980),Crime|Drama
4831,Can't Stop the Music (1980),Comedy|Musical
4844,Bandits (2001),Comedy|Crime|Romance
4845,Corky Romano (2001),Comedy|Crime
4848,Mulholland Drive (2001),Crime|Drama|Film-Noir|Mystery|Thriller
4849,My First Mister (2001),Comedy|Drama
4852,Bones (2001),Horror
4855,Dirty Harry (1971),Action|Crime|Thriller
4857,Fiddler on the Roof (1971),Drama|Musical
4860,Making the Grade (1984),Comedy
4862,Not Without My Daughter (1991),Drama
4865,From Hell (2001),Crime|Horror|Mystery|Thriller
4867,Riding in Cars with Boys (2001),Comedy|Drama
4873,Waking Life (2001),Animation|Drama|Fantasy
4874,K-PAX (2001),Drama|Fantasy|Mystery|Sci-Fi
4877,Better Than Sex (2000),Comedy|Romance
4878,Donnie Darko (2001),Drama|Mystery|Sci-Fi|Thriller
4879,High Heels and Low Lifes (2001),Action|Comedy|Crime|Drama
4880,Life as a House (2001),Drama
4885,Domestic Disturbance (2001),Thriller
4886,"Monsters, Inc. (2001)",Adventure|Animation|Children|Comedy|Fantasy
4888,Tape (2001),Drama
4889,Heist (2001),Crime|Drama
4890,Shallow Hal (2001),Comedy|Fantasy|Romance
4893,When a Stranger Calls (1979),Horror|Thriller
4898,Novocaine (2001),Comedy|Crime|Mystery|Thriller
4899,Black Knight (2001),Adventure|Comedy|Fantasy
4900,Out Cold (2001),Comedy
4901,Spy Game (2001),Action|Crime|Drama|Thriller
4903,In the Bedroom (2001),Drama
4912,Funny Girl (1968),Drama|Musical|Romance
4916,Midway (1976),Drama|War
4917,MacArthur (1977),Drama
4919,Subway (1985),Crime|Drama|Romance|Thriller
4920,"Now, Voyager (1942)",Drama|Romance
4921,Little Women (1933),Drama|Romance
4932,Dressed to Kill (1980),Mystery|Thriller
4936,Fame (1980),Drama|Musical
4941,Flash Gordon (1980),Action|Adventure|Sci-Fi
4951,Lord of the Flies (1990),Adventure|Drama|Thriller
4952,Morons From Outer Space (1985),Comedy|Sci-Fi
4957,Sudden Impact (1983),Crime|Thriller
4958,Behind Enemy Lines (2001),Action|Drama|War
4962,Texas Rangers (2001),Adventure|Western
4963,Ocean's Eleven (2001),Crime|Thriller
4964,Baran (2001),Adventure|Drama|Romance
4967,No Man's Land (2001),Drama|War
4969,And Then There Were None (1945),Crime|Mystery
4971,Moscow on the Hudson (1984),Comedy|Drama
4974,Not Another Teen Movie (2001),Comedy
4975,Vanilla Sky (2001),Mystery|Romance|Sci-Fi|Thriller
4976,Iris (2001),Drama
4978,Lantana (2001),Drama|Mystery|Thriller
4980,Bill & Ted's Bogus Journey (1991),Adventure|Comedy|Fantasy|Sci-Fi
4981,Clockwise (1986),Comedy
4985,Sheena (1984),Action|Adventure|Fantasy
4987,Spacehunter: Adventures in the Forbidden Zone (1983),Action|Adventure|Sci-Fi
4988,White Water Summer (1987),Adventure
4989,How High (2001),Comedy
4990,Jimmy Neutron: Boy Genius (2001),Adventure|Animation|Children|Comedy
4991,Joe Somebody (2001),Comedy|Drama|Romance
4992,Kate & Leopold (2001),Comedy|Romance
5007,Topkapi (1964),Adventure|Comedy|Thriller
5009,Ali (2001),Drama
5010,Black Hawk Down (2001),Action|Drama|War
5011,Charlotte Gray (2001),Drama|Romance
5012,Yentl (1983),Drama|Musical|Romance
5013,Gosford Park (2001),Comedy|Drama|Mystery
5014,I Am Sam (2001),Drama
5015,Monster's Ball (2001),Drama|Romance
5021,Murder by Death (1976),Comedy|Crime|Mystery|Thriller
5025,Orange County (2002),Comedy
5027,Another 48 Hrs. (1990),Action|Comedy|Crime|Drama|Thriller
5034,"Truly, Madly, Deeply (1991)",Drama|Romance
5039,Dragonslayer (1981),Action|Adventure|Fantasy
5040,Conan the Destroyer (1984),Action|Adventure|Fantasy
5041,Fire and Ice (1983),Animation|Fantasy
5048,Snow Dogs (2002),Adventure|Children|Comedy
5049,48 Hrs. (1982),Action|Comedy|Crime|Drama
5053,Blankman (1994),Comedy
5054,Brainstorm (1983),Sci-Fi|Thriller
5055,Dragon: The Bruce Lee Story (1993),Action|Drama
5062,Seconds (1966),Mystery|Sci-Fi|Thriller
5063,One-Eyed Jacks (1961),Western
5064,The Count of Monte Cristo (2002),Action|Adventure|Drama|Thriller
5071,Maelström (2000),Drama|Romance
5072,Metropolis (2001),Animation|Sci-Fi
5074,Storytelling (2001),Comedy|Drama
5075,Waydowntown (2000),Comedy
5077,Cousins (1989),Comedy|Romance
5080,Slackers (2002),Comedy
5083,Rare Birds (2001),Comedy|Drama
5092,Big Fat Liar (2002),Children|Comedy
5093,Collateral Damage (2002),Action|Thriller
5094,Rollerball (2002),Action|Sci-Fi
5095,"Scotland, Pa. (2001)",Comedy|Crime
5096,Baby's Day Out (1994),Comedy
5099,Heidi (1937),Children|Drama
5102,Rookie of the Year (1993),Comedy|Fantasy
5105,Don't Look Now (1973),Drama|Horror|Thriller
5106,Crossroads (2002),Comedy|Musical|Romance
5107,Hart's War (2002),Drama|War
5108,John Q (2002),Crime|Drama|Thriller
5109,Return to Never Land (2002),Adventure|Animation|Children
5110,Super Troopers (2001),Comedy|Crime|Mystery
5112,Last Orders (2001),Drama
5116,Designing Woman (1957),Comedy
5120,Sleuth (1972),Comedy|Mystery|Thriller
5121,Stroszek (1977),Comedy|Drama
5127,Dragonfly (2002),Drama|Fantasy|Mystery|Romance|Thriller
5128,Queen of the Damned (2002),Fantasy|Horror
5134,Mean Machine (2001),Comedy|Drama
5135,Monsoon Wedding (2001),Comedy|Romance
5136,Wendigo (2001),Drama|Horror
5151,40 Days and 40 Nights (2002),Comedy|Romance
5152,We Were Soldiers (2002),Action|Drama|War
5159,Ferngully: The Last Rainforest (1992),Animation|Children|Comedy|Musical
5168,Royal Wedding (1951),Comedy|Musical|Romance
5170,All About the Benjamins (2002),Action|Comedy|Crime
5178,Fun (1994),Crime|Drama
5181,Hangar 18 (1980),Action|Sci-Fi|Thriller
5187,Hopscotch (1980),Comedy
5189,Humanoids from the Deep (1980),Horror|Sci-Fi
5197,Little Darlings (1980),Drama
5202,Mon oncle d'Amérique (1980),Drama
5205,Motel Hell (1980),Comedy|Horror
5213,"Oh, God! Book II (1980)",Comedy
5214,"Oh, God! (1977)",Comedy|Fantasy
5218,Ice Age (2002),Adventure|Animation|Children|Comedy
5220,Showtime (2002),Action|Comedy
5226,All the Right Moves (1983),Drama|Romance
5231,Road to Morocco (1942),Comedy
5237,Taps (1981),Drama
5241,Seems Like Old Times (1980),Comedy|Romance
5246,Smokey and the Bandit II (1980),Action|Comedy
5247,Smokey and the Bandit (1977),Action|Comedy
5250,Stir Crazy (1980),Comedy
5254,Blade II (2002),Action|Horror|Thriller
5255,Sorority Boys (2002),Comedy
5258,George Washington (2000),Drama
5264,Clockstoppers (2002),Action|Adventure|Sci-Fi|Thriller
5265,Death to Smoochy (2002),Comedy|Crime|Drama
5266,Panic Room (2002),Thriller
5275,Boxcar Bertha (1972),Drama
5279,Impromptu (1991),Comedy|Romance
5282,High Crimes (2002),Thriller
5283,National Lampoon's Van Wilder (2002),Comedy
5284,Crush (2001),Comedy|Romance
5285,Lucky Break (2001),Comedy|Crime
5292,Slap Shot (1977),Comedy
5293,Changing Lanes (2002),Drama|Thriller
5294,Frailty (2001),Crime|Drama|Thriller
5298,Human Nature (2001),Comedy|Romance
5299,My Big Fat Greek Wedding (2002),Comedy|Romance
5300,3:10 to Yuma (1957),Action|Adventure|Drama|Thriller|Western
5303,Joe Versus the Volcano (1990),Comedy|Romance
5307,Taking Care of Business (1990),Comedy
5308,Three Men and a Baby (1987),Comedy
5312,Murder by Numbers (2002),Crime|Thriller
5313,The Scorpion King (2002),Action|Adventure|Fantasy|Thriller
5316,Enigma (2001),Romance|Thriller
5324,Life or Something Like It (2002),Comedy|Romance
5328,Rain (2001),Drama|Romance
5334,Cadillac Man (1990),Comedy|Crime
5337,Delirious (1991),Comedy
5339,Husbands and Wives (1992),Comedy|Drama
5341,Lenny (1974),Drama
5345,Triumph of the Spirit (1989),Drama
5346,Wild Orchid (1990),Drama|Romance
5347,Deuces Wild (2002),Drama
5348,Hollywood Ending (2002),Comedy|Drama
5349,Spider-Man (2002),Action|Adventure|Sci-Fi|Thriller
5353,Butterflies Are Free (1972),Comedy|Drama
5357,Iron Will (1994),Adventure
5364,Unfaithful (2002),Drama|Thriller
5372,Calamity Jane (1953),Musical|Western
5377,About a Boy (2002),Comedy|Drama|Romance
5382,Every Which Way But Loose (1978),Comedy
5384,I Want to Live! (1958),Crime|Drama
5387,Enough (2002),Drama|Thriller
5388,Insomnia (2002),Action|Crime|Drama|Mystery|Thriller
5389,Spirit: Stallion of the Cimarron (2002),Adventure|Animation|Children|Western
5390,CQ (2001),Drama
5397,Monkey Business (1952),Comedy|Sci-Fi
5401,Undercover Brother (2002),Comedy
5404,84 Charing Cross Road (1987),Drama|Romance
5409,Rapid Fire (1992),Action
5410,Silent Running (1972),Drama|Sci-Fi
5414,Bad Company (2002),Action|Comedy|Crime
5415,Divine Secrets of the Ya-Ya Sisterhood (2002),Comedy|Drama
5416,Cherish (2002),Comedy|Drama|Thriller
5419,Scooby-Doo (2002),Adventure|Children|Comedy|Fantasy|Mystery
5420,Windtalkers (2002),Action|Drama|War
5423,Gangster No. 1 (2000),Action|Crime|Thriller
5427,Caveman (1981),Comedy
5428,Cheech & Chong's The Corsican Brothers (1984),Comedy
5434,"Sorry, Wrong Number (1948)",Drama|Film-Noir|Thriller
5435,Hombre (1967),Western
5438,Men at Work (1990),Action|Comedy
5440,She Wore a Yellow Ribbon (1949),Western
5443,Juwanna Mann (2002),Comedy
5444,Lilo & Stitch (2002),Adventure|Animation|Children|Sci-Fi
5445,Minority Report (2002),Action|Crime|Mystery|Sci-Fi|Thriller
5446,Rabbit-Proof Fence (2002),Adventure|Drama
5447,Sunshine State (2002),Drama
5450,Lovely & Amazing (2001),Comedy|Drama|Romance
5451,Pumpkin (2002),Comedy|Drama|Romance
5452,Look Who's Talking Now (1993),Children|Comedy|Romance
5454,Mo' Money (1992),Comedy|Romance
5456,Wagons East (1994),Comedy|Western
5458,Like Mike (2002),Children|Comedy|Fantasy
5461,Me Without You (2001),Comedy|Drama
5463,Reign of Fire (2002),Action|Adventure|Fantasy
5464,Road to Perdition (2002),Crime|Drama
5468,20 Million Miles to Earth (1957),Sci-Fi
5471,Perfect (1985),Drama|Romance
5472,1776 (1972),Children|Drama|Musical
5475,Z (1969),Drama|Mystery|Thriller
5478,Eight Legged Freaks (2002),Action|Comedy|Horror|Sci-Fi
5479,K-19: The Widowmaker (2002),Action|Adventure|Drama|Thriller
5480,Stuart Little 2 (2002),Children|Comedy
5485,Tadpole (2002),Comedy|Drama|Romance
5486,Who Is Cletis Tout? (2001),Comedy
5490,The Big Bus (1976),Action|Comedy
5493,In Like Flint (1967),Action|Adventure|Comedy
5499,Robin and Marian (1976),Adventure|Drama|Romance
5500,Top Secret! (1984),Comedy
5502,Signs (2002),Horror|Sci-Fi|Thriller
5506,Blood Work (2002),Crime|Drama|Mystery|Thriller
5507,xXx (2002),Action|Crime|Thriller
5508,24 Hour Party People (2002),Comedy|Drama|Musical
5522,Rollerball (1975),Action|Drama|Sci-Fi
5524,Blue Crush (2002),Adventure|Drama|Romance
5527,Possession (2002),Drama|Romance
5528,One Hour Photo (2002),Drama|Thriller
5529,Serving Sara (2002),Comedy|Romance
5531,Undisputed (2002),Drama
5539,Care Bears Movie II: A New Generation (1986),Animation|Children
5540,Clash of the Titans (1981),Action|Adventure|Fantasy|Romance
5541,Hot Shots! (1991),Action|Comedy|Romance|War
5544,Time After Time (1979),Sci-Fi|Thriller
5548,Down and Out in Beverly Hills (1986),Comedy
5550,Love Me Tender (1956),Musical|Western
5553,Stakeout (1987),Comedy|Crime|Romance|Thriller
5563,City by the Sea (2002),Crime|Drama
5564,Swimfan (2002),Thriller
5568,Johnny Dangerously (1984),Comedy
5572,Barbershop (2002),Comedy
5573,Stealing Harvard (2002),Comedy|Crime
5577,Igby Goes Down (2002),Comedy|Drama
5581,Betsy's Wedding (1990),Comedy
5582,Captain Ron (1992),Adventure|Comedy
5584,Ernest Goes to Jail (1990),Comedy
5585,Ernest Scared Stupid (1991),Comedy
5589,Indian Summer (1993),Comedy|Drama
5591,Monkey Trouble (1994),Children|Comedy
5596,Spaced Invaders (1990),Adventure|Comedy|Sci-Fi
5597,Suburban Commando (1991),Comedy|Sci-Fi
5609,Ballistic: Ecks vs. Sever (2002),Action|Thriller
5612,Trapped (2002),Action|Thriller
5613,8 Women (2002),Comedy|Crime|Musical|Mystery
5615,Invincible (2001),Drama
5617,Secretary (2002),Comedy|Drama|Romance
5620,Sweet Home Alabama (2002),Comedy|Romance
5625,Moonlight Mile (2002),Drama|Romance
5628,Wasabi (2001),Action|Comedy|Crime|Drama|Thriller
5629,Jonah: A VeggieTales Movie (2002),Animation|Children|Musical
5630,Red Dragon (2002),Crime|Mystery|Thriller
5633,Heaven (2002),Drama
5636,Welcome to Collinwood (2002),Comedy|Crime
5637,Flirting (1991),Drama
5643,Powaqqatsi (1988),Documentary
5646,Valmont (1989),Drama|Romance
5650,Strange Brew (1983),Comedy
5657,Flashback (1990),Action|Adventure|Comedy|Crime|Drama
5663,Below (2002),Horror
5664,Brown Sugar (2002),Romance
5665,Knockaround Guys (2002),Action|Comedy|Crime
5667,Tuck Everlasting (2002),Drama|Fantasy
5668,White Oleander (2002),Drama
5673,Punch-Drunk Love (2002),Comedy|Drama|Romance
5675,Swept Away (2002),Comedy|Romance
5680,Auto Focus (2002),Crime|Drama
5684,Naqoyqatsi (2002),Documentary
5689,Billy Bathgate (1991),Crime|Drama
5693,Saturday Night Fever (1977),Comedy|Drama|Romance
5694,Staying Alive (1983),Comedy|Drama|Musical
5696,Urban Cowboy (1980),Drama
5699,Tom Horn (1980),Western
5707,Absence of Malice (1981),Drama|Romance
5712,Blow Out (1981),Mystery|Thriller
5723,Continental Divide (1981),Comedy|Romance
5742,First Monday in October (1981),Comedy|Drama
5747,Gallipoli (1981),Drama|War
5749,Ghost Story (1981),Drama|Horror
5755,Happy Birthday to Me (1981),Horror|Mystery
5764,Looker (1981),Drama|Horror|Sci-Fi|Thriller
5768,Modern Problems (1981),Comedy|Fantasy
5771,My Bloody Valentine (1981),Drama|Horror|Thriller
5773,Neighbors (1981),Comedy
5779,Piranha II: The Spawning (1981),Horror|Sci-Fi
5780,Polyester (1981),Comedy
5784,Ghost Ship (2002),Horror
5786,Paid in Full (2002),Action|Drama
5788,All or Nothing (2002),Drama
5791,Frida (2002),Drama|Romance
5792,Roger Dodger (2002),Comedy|Drama
5796,Casino Royale (1967),Action|Adventure|Comedy
5799,Exodus (1960),Drama|Romance|War
5803,I Spy (2002),Action|Adventure|Comedy|Crime
5809,Femme Fatale (2002),Crime|Thriller
5810,8 Mile (2002),Drama
5812,Far from Heaven (2002),Drama|Romance
5816,Harry Potter and the Chamber of Secrets (2002),Adventure|Fantasy
5826,Rio Grande (1950),Romance|Western
5828,Blackrock (1997),Drama|Thriller
5829,Men with Brooms (2002),Comedy|Drama|Romance
5833,Dog Soldiers (2002),Action|Horror
5836,Houseboat (1958),Comedy|Romance
5841,Return to the Blue Lagoon (1991),Adventure|Romance
5843,Toy Soldiers (1991),Action|Drama
5847,Ragtime (1981),Drama
5853,Scanners (1981),Horror|Sci-Fi|Thriller
5863,Take This Job and Shove It (1981),Comedy
5867,Thief (1981),Crime|Drama|Thriller
5872,Die Another Day (2002),Action|Adventure|Thriller
5873,The Emperor's Club (2002),Drama
5874,Friday After Next (2002),Comedy
5881,Solaris (2002),Drama|Romance|Sci-Fi
5882,Treasure Planet (2002),Adventure|Animation|Children|Sci-Fi|IMAX
5883,They (2002),Horror|Thriller
5890,Elling (2001),Comedy|Drama
5900,Analyze That (2002),Comedy|Crime
5901,Empire (2002),Crime|Drama
5902,Adaptation (2002),Comedy|Drama|Romance
5903,Equilibrium (2002),Action|Sci-Fi|Thriller
5919,Android (1982),Sci-Fi
5938,Deathtrap (1982),Comedy|Crime|Mystery|Thriller
5941,Drumline (2002),Comedy|Drama|Musical|Romance
5943,Maid in Manhattan (2002),Comedy|Romance
5945,About Schmidt (2002),Comedy|Drama
5947,Evelyn (2002),Drama
5954,25th Hour (2002),Crime|Drama
5955,Antwone Fisher (2002),Drama
5956,Gangs of New York (2002),Crime|Drama
5957,Two Weeks Notice (2002),Comedy|Romance
5959,Narc (2002),Crime|Drama|Thriller
5961,Blue Steel (1990),Action|Thriller
5962,Body of Evidence (1993),Drama|Thriller
5968,Miami Blues (1990),Comedy|Crime|Drama
5969,My Girl 2 (1994),Comedy|Drama|Romance
5970,My Girl (1991),Comedy|Drama|Romance
5979,Attack of the Crab Monsters (1957),Horror|Sci-Fi
5980,Black Christmas (1974),Horror|Mystery|Thriller
5986,Fat City (1972),Drama
5988,Quicksilver (1986),Drama
5989,Catch Me If You Can (2002),Crime|Drama
5990,Pinocchio (2002),Children|Comedy|Fantasy
5991,Chicago (2002),Comedy|Crime|Drama|Musical
5993,Max (2002),Drama
5994,Nicholas Nickleby (2002),Drama|Romance
5999,Heavy Metal 2000 (2000),Action|Adventure|Animation|Fantasy|Sci-Fi
6002,Love Liza (2002),Drama
6003,Confessions of a Dangerous Mind (2002),Comedy|Crime|Drama|Thriller
6005,Blue Collar Comedy Tour: The Movie (2003),Comedy|Documentary
6006,Just Married (2003),Comedy|Romance
6013,Kangaroo Jack (2003),Action|Comedy
6014,National Security (2003),Action|Comedy
6020,Alice Adams (1935),Comedy|Drama
6022,American Me (1992),Drama
6027,Dogfight (1991),Drama|Romance
6030,Girls! Girls! Girls! (1962),Comedy|Musical
6031,Imitation of Life (1959),Drama|Romance
6036,Secret Admirer (1985),Comedy|Romance
6040,Darkness Falls (2003),Horror|Thriller
6041,Amen. (2002),Drama
6044,Blind Date (1984),Horror|Thriller
6055,Sugar Hill (1994),Drama
6057,Biker Boyz (2003),Action|Crime|Drama
6058,Final Destination 2 (2003),Horror|Thriller
6063,May (2002),Drama|Horror
6067,Ordinary Decent Criminal (2000),Comedy|Crime
6078,Firefox (1982),Action|Sci-Fi|Thriller
6101,Missing (1982),Drama|Mystery|Thriller
6111,Paradise (1982),Adventure|Romance
6124,Savannah Smiles (1982),Comedy
6143,Trail of the Pink Panther (1982),Comedy|Crime
6145,Venom (1982),Horror|Thriller
6153,Zapped! (1982),Comedy|Sci-Fi
6155,How to Lose a Guy in 10 Days (2003),Comedy|Romance
6156,Shanghai Knights (2003),Action|Adventure|Comedy
6157,Daredevil (2003),Action|Crime
6159,All the Real Girls (2003),Drama|Romance
6166,Dennis the Menace (1993),Comedy
6183,Pillow Talk (1959),Comedy|Musical|Romance
6186,Gods and Generals (2003),Action|Drama|War
6188,Old School (2003),Comedy
6193,Poolhall Junkies (2002),Comedy|Drama|Thriller
6196,Cradle 2 the Grave (2003),Action|Crime|Drama|Thriller
6197,Spider (2002),Drama|Mystery
6201,Lady Jane (1986),Drama|Romance
6203,Life Stinks (1991),Comedy
6212,Bringing Down the House (2003),Comedy
6213,Tears of the Sun (2003),Action|Drama|Thriller
6215,Laurel Canyon (2002),Drama
6218,Bend It Like Beckham (2002),Comedy|Drama|Romance
6220,Willard (2003),Drama|Horror|Thriller
6222,Prozac Nation (2001),Drama
6225,King of Kings (1961),Drama
6234,Equus (1977),Drama|Mystery
6238,Green Card (1990),Comedy|Drama|Romance
6239,Journey to the Center of the Earth (1959),Adventure|Children|Sci-Fi
6244,Salaam Bombay! (1988),Drama
6245,Sweet Charity (1969),Comedy|Drama|Musical|Romance
6246,Talent for the Game (1991),Drama
6249,Boat Trip (2003),Comedy
6250,Dreamcatcher (2003),Drama|Horror|Sci-Fi|Thriller
6251,Piglet's Big Movie (2003),Animation|Children
6252,View from the Top (2003),Comedy|Romance
6263,Basic (2003),Drama|Thriller|War
6265,Head of State (2003),Comedy
6266,What a Girl Wants (2003),Comedy|Drama|Romance
6268,Raising Victor Vargas (2002),Comedy|Drama|Romance
6273,In a Lonely Place (1950),Drama|Film-Noir|Mystery|Romance
6285,Levity (2003),Drama
6287,Anger Management (2003),Comedy
6290,House of 1000 Corpses (2003),Horror
6294,Bulletproof Monk (2003),Action|Adventure|Sci-Fi
6297,Holes (2003),Adventure|Children|Comedy|Mystery
6298,Malibu's Most Wanted (2003),Comedy|Crime
6301,Straw Dogs (1971),Drama|Thriller
6302,Beginning of the End (1957),Sci-Fi
6308,Legal Eagles (1986),Comedy|Crime|Romance
6310,Memories of Me (1988),Comedy|Drama
6313,Sibling Rivalry (1990),Comedy
6314,Undercover Blues (1993),Comedy|Crime
6315,Wildcats (1986),Comedy
6322,Confidence (2003),Crime|Thriller
6323,Identity (2003),Crime|Horror|Mystery|Thriller
6324,It Runs in the Family (2003),Comedy|Drama
6329,Manic (2001),Drama
6330,People I Know (2002),Crime|Drama
6337,Owning Mahowny (2003),Crime|Drama|Thriller
6338,Daddy Day Care (2003),Children|Comedy
6347,Beat Street (1984),Drama|Musical
6348,Breakin' 2: Electric Boogaloo (1984),Musical
6349,Breakin' (1984),Drama|Musical
6357,High Society (1956),Comedy|Musical|Romance
6367,Down with Love (2003),Comedy|Romance
6371,Pokémon Heroes (2003),Animation|Children
6373,Bruce Almighty (2003),Comedy|Drama|Fantasy|Romance
6377,Finding Nemo (2003),Adventure|Animation|Children|Comedy
6379,Wrong Turn (2003),Horror|Thriller
6380,Capturing the Friedmans (2003),Documentary
6385,Whale Rider (2002),Drama
6386,Nevada Smith (1966),Western
6390,Silk Stockings (1957),Musical
6402,Siam Sunset (1999),Comedy
6405,Treasure Island (1950),Adventure|Children
6412,Destry Rides Again (1939),Comedy|Western
6415,Intervista (1987),Comedy|Drama
6417,Live Wire (1992),Action
6422,Shenandoah (1965),Drama|War|Western
6424,Oscar (1991),Comedy|Crime|Mystery|Romance
6428,Two Mules for Sister Sara (1970),Comedy|War|Western
6429,Winchester '73 (1950),Western
6434,"Objective, Burma! (1945)",War
6436,This Boy's Life (1993),Drama
6440,Barton Fink (1991),Drama|Thriller
6442,Belle époque (1992),Comedy|Romance
6449,From the Terrace (1960),Drama
6454,Music Box (1989),Drama
6464,Good Burger (1997),Children|Comedy
6465,Jubilee (1977),Drama
6466,Mississippi Masala (1991),Drama|Romance
6476,Shattered (1991),Mystery|Thriller
6480,Thoroughly Modern Millie (1967),Comedy|Musical
6483,From Justin to Kelly (2003),Musical|Romance
6484,Hollywood Homicide (2003),Action|Crime|Drama
6502,28 Days Later (2002),Action|Horror|Sci-Fi
6503,Charlie's Angels: Full Throttle (2003),Action|Adventure|Comedy|Crime|Thriller
6515,You Only Live Once (1937),Crime|Film-Noir
6516,Anastasia (1956),Drama
6523,Mr. Baseball (1992),Comedy|Romance
6527,Scaramouche (1952),Adventure|Romance
6528,Start the Revolution Without Me (1970),Comedy
6533,"What's Up, Doc? (1972)",Comedy
6534,Hulk (2003),Action|Adventure|Sci-Fi
6535,"Legally Blonde 2: Red, White & Blonde (2003)",Comedy
6536,Sinbad: Legend of the Seven Seas (2003),Adventure|Animation|Children|Fantasy
6537,Terminator 3: Rise of the Machines (2003),Action|Adventure|Sci-Fi
6538,Swimming Pool (2003),Drama|Mystery|Thriller
6539,Pirates of the Caribbean: The Curse of the Black Pearl (2003),Action|Adventure|Comedy|Fantasy
6545,I Capture the Castle (2003),Drama|Romance
6547,Northfork (2003),Drama|Fantasy
6549,How to Deal (2003),Comedy|Drama|Romance
6550,Johnny English (2003),Action|Comedy|Thriller
6552,Dirty Pretty Things (2002),Crime|Drama|Thriller
6554,Garage Days (2002),Comedy|Musical
6557,Born to Be Wild (1995),Adventure|Children|Comedy|Drama
6558,Curly Sue (1991),Comedy|Drama
6559,Little Giants (1994),Children|Comedy
6564,Lara Croft Tomb Raider: The Cradle of Life (2003),Action|Adventure|Comedy|Romance|Thriller
6565,Seabiscuit (2003),Drama
6566,Spy Kids 3-D: Game Over (2003),Action|Adventure|Children
6567,Buffalo Soldiers (2001),Comedy|Crime|Drama|War
6568,Camp (2003),Comedy|Musical
6572,Scorched (2003),Comedy|Crime
6573,Avanti! (1972),Comedy|Drama
6574,Eve of Destruction (1991),Action|Sci-Fi|Thriller
6578,"Kiss Me, Stupid (1964)",Comedy
6579,"One, Two, Three (1961)",Comedy
6582,Remo Williams: The Adventure Begins (1985),Action|Comedy|Crime|Thriller
6584,"What's Up, Tiger Lily? (1966)",Adventure|Comedy|Crime|Thriller
6587,Gigli (2003),Comedy|Crime|Romance
6593,Freaky Friday (2003),Children|Comedy|Fantasy
6595,S.W.A.T. (2003),Action|Thriller
6614,I Love You to Death (1990),Comedy|Crime
6615,Freddy vs. Jason (2003),Action|Horror|Thriller
6616,Grind (2003),Action|Comedy
6617,Open Range (2003),Western
6619,Uptown Girls (2003),Comedy
6624,Agent Cody Banks (2003),Action|Adventure|Children|Fantasy
6625,Camp Nowhere (1994),Adventure|Children|Comedy
6629,House of Wax (1953),Crime|Horror|Mystery|Thriller
6631,Man's Best Friend (1993),Horror|Sci-Fi|Thriller
6638,Valley Girl (1983),Comedy|Romance
6639,Wait Until Dark (1967),Drama|Thriller
6645,THX 1138 (1971),Action|Adventure|Drama|Sci-Fi
6650,Kind Hearts and Coronets (1949),Comedy|Drama
6656,Attack of the Puppet People (1958),Horror|Sci-Fi
6658,10 (1979),Comedy|Romance
6659,Tremors (1990),Comedy|Horror|Sci-Fi
6664,Commando (1985),Action|Adventure
6665,Dracula (1979),Horror|Romance
6669,Ikiru (1952),Drama
6670,Comic Book Villains (2002),Comedy
6679,Revolution OS (2001),Documentary
6687,My Boss's Daughter (2003),Comedy|Romance
6691,Dust (2001),Drama|Western
6696,Bollywood/Hollywood (2002),Comedy|Drama|Musical|Romance
6699,Once Upon a Time in the Midlands (2002),Drama
6702,Dickie Roberts: Former Child Star (2003),Comedy
6705,Party Monster (2003),Comedy|Crime|Drama|Thriller
6706,Taking Sides (2001),Drama
6707,Cabin Fever (2002),Horror|Thriller
6708,Matchstick Men (2003),Comedy|Crime|Drama
6709,Once Upon a Time in Mexico (2003),Action|Adventure|Crime|Thriller
6711,Lost in Translation (2003),Comedy|Drama|Romance
6715,Children of the Night (1991),Horror
6720,Kuffs (1992),Action|Comedy|Crime
6724,Paper Moon (1973),Comedy|Crime|Drama
6731,Day of the Dead (1985),Horror|Sci-Fi|Thriller
6734,Memoirs of an Invisible Man (1992),Comedy|Romance|Sci-Fi|Thriller
6744,Once Bitten (1985),Comedy|Horror
6746,Squirm (1976),Horror|Romance
6750,Anything Else (2003),Comedy|Drama|Romance
6751,Cold Creek Manor (2003),Drama|Thriller
6753,Secondhand Lions (2003),Children|Comedy|Drama
6754,Underworld (2003),Action|Fantasy|Horror
6755,Bubba Ho-tep (2002),Comedy|Horror
6760,In This World (2002),Adventure|Drama
6763,Duplex (2003),Comedy|Crime
6765,Under the Tuscan Sun (2003),Comedy|Drama|Romance
6768,Luther (2003),Drama
6769,Mambo Italiano (2003),Comedy
6770,My Life Without Me (2003),Drama|Romance
6774,Videodrome (1983),Fantasy|Horror|Sci-Fi|Thriller
6776,Lagaan: Once Upon a Time in India (2001),Comedy|Drama|Musical|Romance
6777,Judgment at Nuremberg (1961),Drama
6782,Leningrad Cowboys Go America (1989),Comedy|Musical
6785,Seven Brides for Seven Brothers (1954),Comedy|Musical|Romance|Western
6786,Kiss of the Spider Woman (1985),Drama
6787,All the President's Men (1976),Drama|Thriller
6788,Angie (1994),Comedy|Drama|Romance
6790,Avalon (2001),Drama|Fantasy|Sci-Fi
6793,Beethoven (1992),Children|Comedy|Drama
6794,Beethoven's 2nd (1993),Children|Comedy
6796,Boyz N the Hood (1991),Crime|Drama
6797,Bugsy (1991),Crime|Drama
6798,Bugsy Malone (1976),Children|Comedy|Crime|Musical
6800,Cobra (1986),Action|Crime
6804,Crimewave (1985),Comedy|Crime
6807,Monty Python's The Meaning of Life (1983),Comedy
6808,Where Eagles Dare (1968),Action|Adventure|War
6809,Tightrope (1984),Thriller
6810,Sleeping with the Enemy (1991),Drama|Thriller
6811,PCU (1994),Comedy
6814,City Heat (1984),Action|Comedy
6816,Three O'Clock High (1987),Comedy
6817,"White Hunter, Black Heart (1990)",Adventure|Drama
6820,Ginger Snaps (2000),Drama|Horror|Thriller
6821,More American Graffiti (1979),Comedy
6832,Regarding Henry (1991),Drama
6835,Alien Contamination (1980),Action|Horror|Sci-Fi
6837,Love Affair (1939),Comedy|Drama|Romance
6850,Leap of Faith (1992),Comedy|Drama
6852,In Cold Blood (1967),Crime|Drama
6856,Yankee Doodle Dandy (1942),Drama|Musical
6862,Out of Time (2003),Crime|Drama|Thriller
6863,School of Rock (2003),Comedy|Musical
6868,Wonderland (2003),Crime|Drama|Mystery|Thriller
6870,Mystic River (2003),Crime|Drama|Mystery
6873,Intolerable Cruelty (2003),Comedy|Romance
6879,Runaway Jury (2003),Drama|Thriller
6881,Pieces of April (2003),Comedy|Drama
6883,Sylvia (2003),Drama|Romance
6884,Veronica Guerin (2003),Crime|Drama|Thriller
6885,In the Cut (2003),Crime|Drama|Mystery|Romance|Thriller
6887,Radio (2003),Drama
6888,Scary Movie 3 (2003),Comedy|Horror
6889,Brother Bear (2003),Adventure|Animation|Children
6890,Elephant (2003),Drama
6898,Sweet Sixteen (2002),Drama
6899,Alien from L.A. (1988),Sci-Fi
6902,Interstate 60 (2002),Adventure|Comedy|Drama|Fantasy|Mystery|Sci-Fi|Thriller
6912,You'll Never Get Rich (1941),Comedy|Musical|Romance
6932,Shattered Glass (2003),Crime|Drama
6936,Elf (2003),Children|Comedy|Fantasy
6942,Love Actually (2003),Comedy|Drama|Romance
6944,Father of the Bride (1991),Comedy
6946,Looney Tunes: Back in Action (2003),Action|Animation|Children|Fantasy
6947,Master and Commander: The Far Side of the World (2003),Adventure|Drama|War
6952,Gothika (2003),Horror|Thriller
6953,21 Grams (2003),Crime|Drama|Mystery|Romance|Thriller
6957,Bad Santa (2003),Comedy|Crime
6966,Darkman (1990),Action|Crime|Fantasy|Sci-Fi|Thriller
6967,Dead of Night (1945),Horror|Mystery
6970,Desk Set (1957),Comedy|Romance
6973,Final Analysis (1992),Drama|Romance|Thriller
6975,Funny Games (1997),Drama|Horror|Thriller
6978,Slacker (1991),Comedy|Drama
6979,WarGames (1983),Drama|Sci-Fi|Thriller
6983,Jane Eyre (1944),Drama|Romance
6989,Gorky Park (1983),Crime|Drama|Thriller
6992,Guarding Tess (1994),Comedy|Drama
6993,Hannah and Her Sisters (1986),Comedy|Drama|Romance
6996,Highlander II: The Quickening (1991),Action|Sci-Fi
6997,Hoffa (1992),Crime|Drama
6998,House of Cards (1993),Drama
6999,Housesitter (1992),Comedy|Romance
7000,Hudson Hawk (1991),Action|Adventure|Comedy
7001,Invasion of the Body Snatchers (1978),Horror|Mystery|Sci-Fi|Thriller
7004,Kindergarten Cop (1990),Action|Comedy|Crime|Thriller
7005,King Ralph (1991),Comedy
7009,Lorenzo's Oil (1992),Drama
7012,Mr. Destiny (1990),Comedy|Fantasy
7015,Only the Lonely (1991),Comedy|Romance
7016,Over the Top (1987),Action|Drama
7017,Passenger 57 (1992),Action|Thriller
7018,Presumed Innocent (1990),Crime|Drama|Thriller
7019,Project X (1987),Comedy|Drama
7020,Proof (1991),Comedy|Drama|Romance
7026,Summer School (1987),Comedy
7027,Silverado (1985),Action|Western
7028,Quick Change (1990),Comedy|Crime
7030,Radio Flyer (1992),Drama
7032,Revenge (1990),Drama|Romance|Thriller
7036,Teen Wolf (1985),Comedy|Fantasy
7038,Things You Can Tell Just by Looking at Her (2000),Drama|Romance
7040,To Live and Die in L.A. (1985),Action|Crime|Drama|Thriller
7041,Trapped in Paradise (1994),Comedy|Crime
7044,Wild at Heart (1990),Crime|Drama|Mystery|Romance|Thriller
7047,Year of the Dragon (1985),Action|Crime|Drama
7048,Nothing to Lose (1997),Action|Adventure|Comedy|Crime
7049,Flying Down to Rio (1933),Comedy|Musical|Romance
7050,Follow the Fleet (1936),Comedy|Musical|Romance
7053,Roberta (1935),Comedy|Musical|Romance
7055,Swing Time (1936),Comedy|Musical|Romance
7060,Jesus Christ Superstar (1973),Drama|Musical
7061,Dark Victory (1939),Drama|Romance
7062,Birdman of Alcatraz (1962),Drama
7070,Red River (1948),Action|Adventure|Western
7072,Stagecoach (1939),Action|Drama|Romance|Western
7076,Bullitt (1968),Action|Crime|Drama|Thriller
7078,Jezebel (1938),Drama
7080,42nd Street (1933),Drama|Musical|Romance
7082,That Touch of Mink (1962),Comedy|Romance
7083,Sweet Dreams (1985),Drama
7084,"Play It Again, Sam (1972)",Comedy|Romance
7085,Send Me No Flowers (1964),Comedy|Romance
7089,Amarcord (1973),Comedy|Drama
7091,Horse Feathers (1932),Comedy
7092,Anna Karenina (1935),Drama|Romance
7101,Doc Hollywood (1991),Comedy|Romance
7102,Dragnet (1987),Comedy|Crime|Drama
7103,Madhouse (1990),Comedy
7104,1941 (1979),Comedy|War
7107,Foul Play (1978),Comedy|Thriller
7117,Leprechaun (1993),Comedy|Horror
7121,Adam's Rib (1949),Comedy|Romance
7122,King of Hearts (1966),Comedy|Drama|War
7123,Naked Lunch (1991),Drama|Fantasy|Mystery|Sci-Fi
7127,Run (1991),Action|Drama|Thriller
7141,My Flesh and Blood (2003),Documentary
7142,Honey (2003),Drama|Romance
7147,Big Fish (2003),Drama|Fantasy|Romance
7149,Something's Gotta Give (2003),Comedy|Drama|Romance
7150,Stuck on You (2003),Comedy
7151,Girl with a Pearl Earring (2003),Drama|Romance
7154,Mona Lisa Smile (2003),Drama|Romance
7155,Calendar Girls (2003),Comedy
7158,House of Sand and Fog (2003),Drama
7160,Monster (2003),Crime|Drama
7161,Cheaper by the Dozen (2003),Children|Comedy
7162,Cold Mountain (2003),Drama|Romance|War
7163,Paycheck (2003),Action|Sci-Fi|Thriller
7164,Peter Pan (2003),Action|Adventure|Children|Fantasy
7167,Japanese Story (2003),Drama
7169,Chasing Liberty (2004),Comedy|Romance
7173,Along Came Polly (2004),Comedy|Romance
7175,Torque (2004),Action|Crime
7177,Osama (2003),Drama
7181,Ship of Fools (1965),Drama
7184,This Property is Condemned (1966),Drama|Romance
7190,Jane Eyre (1970),Drama
7191,Blame It on the Bellboy (1992),Comedy
7192,Only the Strong (1993),Action
7202,Beyond Re-Animator (2003),Horror
7208,Dr. Jekyll and Mr. Hyde (1941),Drama|Horror
7211,People Will Talk (1951),Comedy|Romance
7212,I Was a Male War Bride (1949),Comedy|Romance
7215,To Have and Have Not (1944),Adventure|Drama|Romance|Thriller|War
7216,High Sierra (1941),Crime|Drama|Film-Noir|Thriller
7217,Dark Passage (1947),Crime|Drama|Film-Noir|Romance|Thriller
7219,They Drive by Night (1940),Drama
7223,D.O.A. (1950),Drama|Film-Noir|Mystery
7225,Pumping Iron (1977),Documentary
7228,Cool World (1992),Animation|Comedy|Fantasy
7245,Tormented (1960),Horror|Thriller
7247,Chitty Chitty Bang Bang (1968),Adventure|Children|Comedy|Fantasy|Musical
7251,Where the Day Takes You (1992),Drama
7254,The Butterfly Effect (2004),Drama|Sci-Fi|Thriller
7255,Win a Date with Tad Hamilton! (2004),Comedy|Romance
7259,You Got Served (2004),Drama|Musical
7260,Latter Days (2003),Comedy|Drama|Romance
7261,Barbershop 2: Back in Business (2004),Comedy
7262,Catch That Kid (2004),Action|Adventure|Children|Comedy|Crime
7263,Miracle (2004),Drama
7285,Thirteen (2003),Drama
7292,Best Defense (1984),Comedy|War
7293,50 First Dates (2004),Comedy|Romance
7294,Welcome to Mooseport (2004),Comedy
7303,The Diary of Anne Frank (1959),Drama|War
7305,Black Widow (1987),Crime|Drama|Mystery|Thriller
7307,Flesh & Blood (1985),Action|Adventure|Drama|War
7308,King Solomon's Mines (1985),Adventure|Comedy
7310,Raw Deal (1986),Action
7311,"Goodbye, Mr. Chips (1939)",Drama|Romance
7312,"Follow Me, Boys! (1966)",Comedy|Drama
7316,Confessions of a Teenage Drama Queen (2004),Comedy
7317,EuroTrip (2004),Adventure|Comedy
7320,Dirty Dancing: Havana Nights (2004),Romance
7321,Twisted (2004),Thriller
7323,"Good bye, Lenin! (2003)",Comedy|Drama
7324,Hidalgo (2004),Adventure|Drama
7325,Starsky & Hutch (2004),Action|Comedy|Crime|Thriller
7327,Persona (1966),Drama
7335,Pickup on South Street (1953),Film-Noir
7340,Just One of the Guys (1985),Comedy
7345,Agent Cody Banks 2: Destination London (2004),Action|Adventure|Children|Comedy
7347,Secret Window (2004),Mystery|Thriller
7348,Spartan (2004),Thriller
7354,Mad Dog and Glory (1993),Comedy|Drama|Romance
7357,Peyton Place (1957),Drama|Romance
7360,Dawn of the Dead (2004),Action|Drama|Horror|Thriller
7361,Eternal Sunshine of the Spotless Mind (2004),Drama|Romance|Sci-Fi
7362,Taking Lives (2004),Crime|Drama|Thriller
7364,Intermission (2003),Comedy|Crime|Drama
7366,Jersey Girl (2004),Comedy|Drama|Romance
7368,Never Die Alone (2004),Crime|Drama|Thriller
7369,Scooby-Doo 2: Monsters Unleashed (2004),Action|Adventure|Children|Comedy|Mystery
7372,Ned Kelly (2003),Drama
7373,Hellboy (2004),Action|Adventure|Fantasy|Horror
7376,Walking Tall (2004),Action
7379,The Alamo (2004),Drama|War|Western
7380,Ella Enchanted (2004),Comedy|Fantasy|Romance
7387,Dawn of the Dead (1978),Action|Drama|Horror
7390,Prey for Rock & Roll (2003),Drama|Musical
7394,Those Magnificent Men in Their Flying Machines (1965),Action|Adventure|Comedy
7411,Munchies (1987),Comedy|Horror
7419,After Hours (1985),Comedy|Thriller
7444,13 Going on 30 (2004),Comedy|Fantasy|Romance
7445,Man on Fire (2004),Action|Crime|Drama|Mystery|Thriller
7448,Envy (2004),Comedy
7450,Laws of Attraction (2004),Comedy|Romance
7451,Mean Girls (2004),Comedy
7454,Van Helsing (2004),Action|Adventure|Fantasy|Horror
7457,Breakin' All the Rules (2004),Comedy|Romance
7458,Troy (2004),Action|Adventure|Drama|War
7459,Carandiru (2003),Crime|Drama
7479,Watch on the Rhine (1943),Drama
7481,Enemy Mine (1985),Adventure|Drama|Sci-Fi
7482,Enter the Dragon (1973),Action|Crime
7487,Henry & June (1990),Drama
7560,Fail-Safe (1964),Drama|Thriller|War
7562,Dobermann (1997),Action|Crime
7569,You Only Live Twice (1967),Action|Adventure|Sci-Fi|Thriller
7570,Octopussy (1983),Action|Adventure|Thriller
7572,Wit (2001),Drama
7573,Never Say Never Again (1983),Action|Adventure|Thriller
7579,Pride and Prejudice (1940),Comedy|Drama|Romance
7584,Woman of the Year (1942),Comedy|Romance
7615,Desert Hearts (1985),Drama
7616,Body Double (1984),Mystery|Thriller
7618,Chaplin (1992),Drama
7624,School Ties (1992),Drama
7636,Raising Cain (1992),Horror|Thriller
7646,Rose Red (2002),Horror|Mystery|Thriller
7647,Noises Off... (1992),Comedy
7649,Babylon 5: In the Beginning (1998),Adventure|Sci-Fi
7657,Versus (2000),Action|Comedy|Fantasy|Horror
7701,Look Who's Talking Too (1990),Comedy|Romance
7705,Pat and Mike (1952),Comedy|Romance
7706,Animal Crackers (1930),Comedy|Musical
7707,"He Said, She Said (1991)",Comedy|Drama|Romance
7708,Bedazzled (1967),Comedy|Fantasy
7713,Cat People (1942),Drama|Horror|Romance|Thriller
7714,Camelot (1967),Drama|Musical|Romance
7727,Protocol (1984),Comedy
7730,Matinee (1993),Comedy|Drama
7742,Baxter (1989),Drama|Horror
7743,Explorers (1985),Adventure|Children|Sci-Fi
7748,Pierrot le fou (1965),Crime|Drama
7757,Jason and the Argonauts (1963),Action|Adventure|Fantasy
7772,Undercurrent (1946),Film-Noir|Thriller
7782,Sniper (1993),Action|Drama
7786,Genghis Blues (1999),Documentary
7815,True Stories (1986),Comedy|Musical
7822,Mogambo (1953),Adventure|Drama|Romance
7831,Another Thin Man (1939),Comedy|Crime|Drama|Mystery|Romance
7833,Shadow of the Thin Man (1941),Comedy|Crime|Mystery
7834,After the Thin Man (1936),Comedy|Crime|Mystery|Romance
7835,Song of the Thin Man (1947),Comedy|Crime|Drama|Musical|Mystery|Romance
7839,Love Crazy (1941),Comedy
7840,Gunga Din (1939),Adventure|Comedy|War
7843,Lammbock (2001),Comedy
7846,Tremors 3: Back to Perfection (2001),Comedy|Horror|Sci-Fi
7882,The Plague of the Zombies (1966),Horror
7883,I Walked with a Zombie (1943),Drama|Horror
7884,Highway 61 (1991),Comedy
7888,How to Succeed in Business Without Really Trying (1967),Comedy|Musical
7889,Pat Garrett and Billy the Kid (1973),Western
7895,Bring Me the Head of Alfredo Garcia (1974),Crime|Drama|Thriller
7896,Ride the High Country (1962),Adventure|Drama|Western
7900,Frankenstein Must Be Destroyed (1969),Drama|Horror|Sci-Fi
7916,Gidget (1959),Comedy
7920,Desperate Living (1977),Comedy|Crime
7951,Nightbreed (1990),Fantasy|Horror
7976,Ken Park (2002),Drama
7983,Broadway Danny Rose (1984),Comedy
7984,From Beyond (1986),Horror|Sci-Fi
7986,Robot Jox (1990),Sci-Fi
7987,Dolls (1987),Horror
7988,Space Truckers (1996),Comedy|Sci-Fi
7991,Death Race 2000 (1975),Action|Sci-Fi
8008,Brigadoon (1954),Fantasy|Musical|Romance
8025,The Thief (1997),Drama
8033,How to Steal a Million (1966),Comedy|Crime|Romance
8042,Mean Streets (1973),Crime|Drama
8043,Jack the Bear (1993),Comedy|Drama
8044,I Am a Fugitive from a Chain Gang (1932),Crime|Drama|Film-Noir
8045,Hamburger Hill (1987),Action|Drama|War
8092,Frankenstein Unbound (1990),Drama|Horror|Sci-Fi
8094,Bad Day at Black Rock (1955),Drama|Thriller|Western
8119,Crossroads (1986),Drama
8125,Sunrise: A Song of Two Humans (1927),Drama|Romance
8126,Shock Corridor (1963),Drama
8132,Gladiator (1992),Action|Drama
8136,Indestructible Man (1956),Crime|Horror|Sci-Fi
8138,Attack of the Giant Leeches (1959),Horror|Sci-Fi
8143,Lola Montès (1955),Drama
8147,Charly (1968),Drama|Sci-Fi
8153,Lust for Life (1956),Drama
8158,Rush (1991),Crime|Drama
8167,Captain Blood (1935),Action|Adventure|Romance
8169,*batteries not included (1987),Children|Comedy|Fantasy|Sci-Fi
8189,Zazie dans le métro (1960),Comedy
8191,Anne of the Thousand Days (1969),Drama
8196,Beyond the Valley of the Dolls (1970),Comedy|Horror
8197,Hiroshima Mon Amour (1959),Drama|Romance|War
8225,Night of the Living Dead (1990),Horror
8232,I Love You Again (1940),Comedy|Drama
8235,Safety Last! (1923),Action|Comedy|Romance
8236,While the City Sleeps (1956),Drama|Film-Noir
8238,Little Murders (1971),Comedy|Crime
8239,Viridiana (1961),Comedy|Drama
8254,Arizona Dream (1993),Comedy|Drama|Fantasy|Romance
8266,Purple Rain (1984),Drama|Musical
8268,Point of No Return (1993),Action|Thriller
8275,College (1927),Comedy
8290,Mitchell (1975),Action|Crime
8327,Dolls (2002),Drama|Romance
8335,Make Way for Tomorrow (1937),Drama
8338,Black Narcissus (1947),Drama
8340,Escape from Alcatraz (1979),Drama|Thriller
8341,Oliver Twist (1948),Adventure|Crime|Drama
8360,Shrek 2 (2004),Adventure|Animation|Children|Comedy|Musical|Romance
8362,Raising Helen (2004),Comedy|Drama|Romance
8366,Saved! (2004),Comedy|Drama
8368,Harry Potter and the Prisoner of Azkaban (2004),Adventure|Fantasy|IMAX
8369,Mindhunters (2004),Action|Crime|Horror|Mystery|Thriller
8372,Garfield: The Movie (2004),Animation|Children|Comedy
8376,Napoleon Dynamite (2004),Comedy
8380,Father Hood (1993),Comedy
8382,Hello Again (1987),Comedy
8383,Hope Springs (2003),Comedy|Romance
8385,Lover Come Back (1961),Comedy|Romance
8387,Police Academy: Mission to Moscow (1994),Comedy|Crime
8391,Big Wednesday (1978),Comedy|Drama
8402,Book of Love (1990),Comedy|Romance
8410,Suddenly (1954),Crime|Drama|Film-Noir
8446,Sands of Iwo Jima (1949),Action|Drama|Romance|War
8447,This Island Earth (1955),Sci-Fi
8450,Anthony Adverse (1936),Adventure|Romance
8451,Blackboard Jungle (1955),Drama
8458,To Each His Own (1946),Drama
8462,Executive Suite (1954),Drama
8463,Johnny Belinda (1948),Drama
8481,Northwest Passage (1940),Action|Adventure|Drama|Romance|Thriller|Western
8491,White Heat (1949),Crime|Drama|Film-Noir
8493,Memphis Belle (1990),Action|Drama|War
8495,Animal Factory (2000),Crime|Drama
8506,Fear X (2003),Mystery|Thriller
8507,Freaks (1932),Crime|Drama|Horror
8512,Silent Movie (1976),Comedy
8521,Dr. Jekyll and Mr. Hyde (1931),Drama|Horror
8526,Around the World in 80 Days (2004),Adventure|Children|Comedy
8528,Dodgeball: A True Underdog Story (2004),Comedy
8530,Dear Frankie (2004),Drama|Romance
8531,White Chicks (2004),Action|Comedy|Crime
8535,De-Lovely (2004),Drama|Musical
8571,Bob & Carol & Ted & Alice (1969),Comedy|Drama
8578,Undead (2003),Action|Comedy|Horror|Sci-Fi
8581,Pirates of Silicon Valley (1999),Documentary|Drama
8588,Killing Me Softly (2002),Drama|Mystery|Romance|Thriller
8593,Juice (1992),Action|Crime|Drama|Thriller
8596,Revenge of the Pink Panther (1978),Comedy|Crime
8600,Angels with Dirty Faces (1938),Crime|Drama|Film-Noir|Thriller
8604,Taxi (1998),Action|Comedy
8605,Taxi 3 (2003),Action|Comedy
8607,Tokyo Godfathers (2003),Adventure|Animation|Drama
8609,Our Hospitality (1923),Comedy
8610,All of Me (1984),Comedy|Fantasy
8614,Overboard (1987),Comedy|Romance
8617,Butterfield 8 (1960),Drama
8622,Fahrenheit 9/11 (2004),Documentary
8623,Roxanne (1987),Comedy|Romance
8626,Dr. Terror's House of Horrors (1965),Horror|Sci-Fi
8636,Spider-Man 2 (2004),Action|Adventure|Sci-Fi|IMAX
8638,Before Sunset (2004),Drama|Romance
8640,King Arthur (2004),Action|Adventure|Drama|War
8641,Anchorman: The Legend of Ron Burgundy (2004),Comedy
8644,"I, Robot (2004)",Action|Adventure|Sci-Fi|Thriller
8666,Catwoman (2004),Action|Crime|Fantasy
8677,Flash Gordon Conquers the Universe (1940),Action|Sci-Fi
8690,Slaughterhouse-Five (1972),Comedy|Drama|Sci-Fi|War
8711,Mr. Blandings Builds His Dream House (1948),Comedy
8753,Unprecedented: The 2000 Presidential Election (2002),Documentary
8765,This Gun for Hire (1942),Crime|Film-Noir|Thriller
8782,Thunderbirds (2004),Action|Adventure|Fantasy|Sci-Fi
8784,Garden State (2004),Comedy|Drama|Romance
8798,Collateral (2004),Action|Crime|Drama|Thriller
8799,Little Black Book (2004),Comedy|Romance
8809,Danny Deckchair (2003),Comedy|Romance
8810,AVP: Alien vs. Predator (2004),Action|Horror|Sci-Fi|Thriller
8815,Exorcist: The Beginning (2004),Horror|Thriller
8830,Anacondas: The Hunt for the Blood Orchid (2004),Adventure|Drama|Horror|Sci-Fi|Thriller
8831,Suspect Zero (2004),Crime|Thriller
8833,Vanity Fair (2004),Drama|Romance
8835,Paparazzi (2004),Drama|Thriller
8836,Wicker Park (2004),Drama|Romance|Thriller
8838,Alice Doesn't Live Here Anymore (1974),Drama|Romance
8860,Cellular (2004),Action|Crime|Drama|Mystery|Thriller
8861,Resident Evil: Apocalypse (2004),Action|Horror|Sci-Fi|Thriller
8864,Mr. 3000 (2004),Comedy|Drama
8865,Sky Captain and the World of Tomorrow (2004),Action|Adventure|Sci-Fi
8866,Wimbledon (2004),Comedy|Romance
8869,First Daughter (2004),Comedy|Romance
8874,Shaun of the Dead (2004),Comedy|Horror
8875,"Come Back, Little Sheba (1952)",Drama
8879,Murder on the Orient Express (1974),Crime|Mystery|Thriller
8880,Mask (1985),Drama
8906,Cannibal Holocaust (1980),Horror
8907,Shark Tale (2004),Animation|Children|Comedy
8908,Ladder 49 (2004),Action|Drama|Thriller
8911,Raise Your Voice (2004),Romance
8912,Taxi (2004),Action|Comedy
8914,Primer (2004),Drama|Sci-Fi
8915,Stage Beauty (2004),Drama
8916,Shall We Dance? (2004),Comedy|Romance
8917,Team America: World Police (2004),Action|Adventure|Animation|Comedy
8918,Eulogy (2004),Comedy|Crime|Drama
8937,Friday Night Lights (2004),Action|Drama
8943,Being Julia (2004),Comedy|Drama
8946,Surviving Christmas (2004),Comedy
8948,Alfie (2004),Comedy|Drama|Romance
8949,Sideways (2004),Comedy|Drama|Romance
8950,The Machinist (2004),Drama|Mystery|Thriller
8951,Vera Drake (2004),Drama
8952,Falling Angels (2003),Drama
8955,Undertow (2004),Crime|Drama|Thriller
8957,Saw (2004),Horror|Mystery|Thriller
8958,Ray (2004),Drama
8959,Birth (2004),Drama|Mystery
8964,Callas Forever (2002),Drama
8966,Kinsey (2004),Drama
8968,After the Sunset (2004),Action|Adventure|Comedy|Crime|Thriller
8969,Bridget Jones: The Edge of Reason (2004),Comedy|Drama|Romance
8970,Finding Neverland (2004),Drama
8972,National Treasure (2004),Action|Adventure|Drama|Mystery|Thriller
8977,Alexander (2004),Action|Adventure|Drama|War
8978,Christmas with the Kranks (2004),Children|Comedy
8981,Closer (2004),Drama|Romance
8982,I Am David (2003),Drama
8984,Ocean's Twelve (2004),Action|Comedy|Crime|Thriller
8985,Blade: Trinity (2004),Action|Fantasy|Horror|Thriller
9004,D.A.R.Y.L. (1985),Adventure|Children|Sci-Fi
9005,Fire in the Sky (1993),Drama|Mystery|Sci-Fi
25753,Greed (1924),Drama
25773,Little Caesar (1931),Crime|Drama
25788,Scarface (1932),Crime|Drama
25795,Dinner at Eight (1933),Comedy|Drama|Romance
25797,Gold Diggers of 1933 (1933),Musical
25825,Fury (1936),Drama|Film-Noir
25826,Libeled Lady (1936),Comedy|Romance
25827,Mr. Deeds Goes to Town (1936),Comedy|Romance
25833,Camille (1936),Drama|Romance
25834,Captains Courageous (1937),Adventure|Drama
25841,Stage Door (1937),Drama
25850,Holiday (1938),Comedy|Drama|Romance
25856,Wuthering Heights (1939),Drama|Romance
25870,Here Comes Mr. Jordan (1941),Comedy|Fantasy|Romance
25886,Random Harvest (1942),Drama|Romance
25887,Tales of Manhattan (1942),Comedy|Drama
25906,Mr. Skeffington (1944),Drama|Romance
25923,Great Expectations (1946),Drama
25937,Easter Parade (1948),Musical|Romance
25947,Unfaithfully Yours (1948),Comedy
25962,King Solomon's Mines (1950),Action|Adventure|Romance
25999,The Wild One (1953),Drama
26038,Teacher's Pet (1958),Comedy|Romance
26052,Pickpocket (1959),Crime|Drama
26078,Advise and Consent (1962),Drama
26085,Mutiny on the Bounty (1962),Adventure|Drama|Romance
26122,Onibaba (1964),Drama|Horror|War
26124,Robinson Crusoe on Mars (1964),Sci-Fi
26142,Major Dundee (1965),Adventure|War|Western
26151,Au Hasard Balthazar (1966),Crime|Drama
26152,Batman (1966),Action|Adventure|Comedy
26172,Point Blank (1967),Action|Crime|Drama|Thriller
26176,Titicut Follies (1967),Documentary|Drama
26195,Sympathy for the Devil (1968),Documentary|Musical
26198,"Yours, Mine and Ours (1968)",Children|Comedy
26231,Performance (1970),Crime|Drama|Thriller
26237,Zabriskie Point (1970),Drama|Romance
26242,Duel (1971),Action|Mystery|Thriller
26249,They Call Me Trinity (1971),Comedy|Western
26265,Dr. Phibes Rises Again (1972),Adventure|Comedy|Horror|Romance
26283,Charley Varrick (1973),Crime|Drama|Thriller
26285,Dark Star (1974),Comedy|Sci-Fi|Thriller
26303,Sisters (1973),Horror|Thriller
26313,California Split (1974),Comedy|Drama
26317,Emmanuelle (1974),Drama|Romance
26322,Gone in 60 Seconds (1974),Action|Crime|Drama
26344,French Connection II (1975),Action|Crime|Drama|Thriller
26357,Trilogy of Terror (1975),Horror|Thriller
26365,Futureworld (1976),Sci-Fi|Thriller
26375,Silver Streak (1976),Action|Comedy|Crime
26386,High Anxiety (1977),Comedy|Thriller
26391,"New York, New York (1977)",Drama|Musical|Romance
26399,Five Deadly Venoms (1978),Action
26422,Hair (1979),Comedy|Drama|Musical
26429,Love at First Bite (1979),Comedy|Horror|Romance
26464,Blue Thunder (1983),Action|Crime|Drama
26492,Twilight Zone: The Movie (1983),Fantasy|Horror|Sci-Fi|Thriller
26504,Cloak & Dagger (1984),Action|Adventure|Children|Crime|Mystery|Thriller
26523,"Silent Night, Deadly Night (1984)",Horror|Thriller
26528,Anne of Green Gables (1985),Children|Drama
26539,Death of a Salesman (1985),Drama
26542,Ewoks: The Battle for Endor (1985),Adventure|Children|Fantasy|Sci-Fi
26555,Spies Like Us (1985),Comedy
26562,White Nights (1985),Drama
26567,Club Paradise (1986),Comedy
26590,G.I. Joe: The Movie (1987),Action|Adventure|Animation|Children|Fantasy|Sci-Fi
26603,Prince of Darkness (1987),Fantasy|Horror|Sci-Fi|Thriller
26622,Dominick and Eugene (1988),Drama
26629,Killer Klowns from Outer Space (1988),Comedy|Horror|Sci-Fi
26649,Lonesome Dove (1989),Adventure|Drama|Western
26676,Almost an Angel (1990),Comedy
26680,Cry-Baby (1990),Comedy|Musical|Romance
26681,Bullet in the Head (1990),Action|Drama|War
26686,Ghost Dad (1990),Comedy|Fantasy
26693,It (1990),Drama|Fantasy|Horror|Mystery|Thriller
26694,Ju Dou (1990),Drama
26700,Nuns on the Run (1990),Comedy|Crime
26704,State of Grace (1990),Crime|Drama|Thriller
26726,Dutch (1991),Comedy
26732,Johnny Stecchino (1991),Comedy
26745,Other People's Money (1991),Comedy|Drama|Romance
26750,Quigley Down Under (1990),Adventure|Drama|Western
26764,Captain America (1990),Action|Fantasy|Sci-Fi|Thriller|War
26778,Ladybugs (1992),Comedy
26791,Shining Through (1992),Drama|Romance|Thriller|War
26792,Sidekicks (1992),Action|Adventure|Children|Comedy
26810,Bad Boy Bubby (1993),Drama
26812,Barbarians at the Gate (1993),Drama
26828,Mr. Nanny (1993),Action|Children|Comedy
26861,Freaked (1993),Comedy|Sci-Fi
26870,Major League II (1994),Comedy
26871,My Father the Hero (1994),Comedy|Romance
26901,Last of the Dogmen (1995),Adventure|Western
26947,Pusher (1996),Crime|Thriller
26958,Emma (1996),Romance
26974,Gummo (1997),Drama
26985,Nirvana (1997),Action|Sci-Fi
27020,Gia (1998),Drama|Romance
27022,Thursday (1998),Action|Crime|Thriller
27036,Merlin (1998),Action|Adventure|Drama|Fantasy|Romance
27074,Brave New World (1998),Sci-Fi
27075,Addams Family Reunion (1998),Children|Comedy|Fantasy
27105,Purgatory (1999),Fantasy|Western
27124,Bleeder (1999),Drama|Thriller
27140,Candyman 3: Day of the Dead (1999),Horror
27193,Taxi 2 (2000),Action|Comedy
27246,If These Walls Could Talk 2 (2000),Drama|Romance
27266,2046 (2004),Drama|Fantasy|Romance|Sci-Fi
27311,Batman Beyond: Return of the Joker (2000),Action|Animation|Crime|Sci-Fi|Thriller
27370,Late Night Shopping (2001),Comedy
27373,61* (2001),Drama
27416,Jalla! Jalla! (2000),Comedy|Drama|Romance
27420,Teknolust (2002),Comedy|Drama|Romance|Sci-Fi
27434,Darkness (2002),Horror|Mystery
27441,Blood: The Last Vampire (2000),Action|Animation|Horror
27450,Blueberry (2004),Adventure|Western
27478,Ali G Indahouse (2002),Comedy
27482,Cube 2: Hypercube (2002),Horror|Mystery|Sci-Fi
27555,Fubar (2002),Comedy
27584,Dead End (2003),Comedy|Horror|Mystery|Thriller
27627,Oasis (2002),Drama|Romance
27674,11:14 (2003),Comedy|Crime|Drama|Mystery|Thriller
27683,Tremors 4: The Legend Begins (2004),Action|Comedy|Horror|Sci-Fi|Thriller|Western
27685,Bring It On Again (2004),Comedy
27692,And Starring Pancho Villa as Himself (2003),Action|Comedy|Drama|War
27705,In Hell (2003),Action|Drama|Thriller
27706,Lemony Snicket's A Series of Unfortunate Events (2004),Adventure|Children|Comedy|Fantasy
27708,Helen of Troy (2003),Action|Adventure|Drama|Romance
27751,'Salem's Lot (2004),Drama|Horror|Mystery|Thriller
27762,Comic Book: The Movie (2004),Comedy
27772,Ju-on: The Grudge (2002),Horror
27793,Starship Troopers 2: Hero of the Federation (2004),Action|Horror|Sci-Fi|War
27808,Spanglish (2004),Comedy|Drama|Romance
27816,Saints and Soldiers (2003),Action|Adventure|Drama|War
27822,Open Water (2003),Drama|Thriller
27826,Touch of Pink (2004),Comedy|Drama|Romance
27831,Layer Cake (2004),Crime|Drama|Thriller
27837,Flight of the Phoenix (2004),Action|Adventure
27838,Mean Creek (2004),Drama|Thriller
27865,Azumi (2003),Action|Adventure|Drama|Thriller
27866,In My Father's Den (2004),Drama
27882,Riding Giants (2004),Documentary
27905,Casshern (2004),Action|Drama|Fantasy|Sci-Fi
30707,Million Dollar Baby (2004),Drama
30749,Hotel Rwanda (2004),Drama|War
30793,Charlie and the Chocolate Factory (2005),Adventure|Children|Comedy|Fantasy|IMAX
30818,Beyond the Sea (2004),Drama|Musical
30825,Meet the Fockers (2004),Comedy
30883,Fat Albert (2004),Comedy|Fantasy
30894,White Noise (2005),Drama|Horror|Mystery|Sci-Fi|Thriller
30994,Little Miss Marker (1980),Comedy|Drama
31000,Sweet Liberty (1986),Comedy
31038,Smooth Talk (1985),Drama|Romance
31083,Man Trouble (1992),Comedy|Romance
31101,Stander (2003),Action|Crime|Drama
31114,Imaginary Heroes (2004),Comedy|Drama
31116,Sergeant York (1941),Drama|War
31150,Wizards (1977),Animation|Fantasy|Sci-Fi|War
31221,Elektra (2005),Action|Adventure|Crime|Drama
31223,Racing Stripes (2005),Children|Comedy
31225,Coach Carter (2005),Drama
31260,Boys Town (1938),Drama
31297,Gold Diggers of 1935 (1935),Comedy|Musical
31420,Assault on Precinct 13 (2005),Action|Crime|Drama|Thriller
31427,Hide and Seek (2005),Horror|Mystery|Thriller
31431,Boogeyman (2005),Drama|Horror|Mystery|Thriller
31445,Employee of the Month (2004),Comedy|Drama
31553,Double Dragon (1994),Action|Adventure|Sci-Fi
31617,El Cid (1961),Action|Adventure|Drama|Romance|War
31685,Hitch (2005),Comedy|Romance
31692,Uncle Nino (2003),Comedy
31696,Constantine (2005),Action|Fantasy|Horror|Thriller
31698,Son of the Mask (2005),Adventure|Children|Comedy|Fantasy
31700,Because of Winn-Dixie (2005),Children|Comedy|Drama
31737,Bunny Lake Is Missing (1965),Mystery|Thriller
31851,Sons of the Desert (1933),Comedy
31867,Man of the House (2005),Action|Comedy
31909,Dr. Giggles (1992),Comedy|Horror
31925,Royal Flash (1975),Adventure|Comedy|Romance
32019,Be Cool (2005),Comedy|Crime|Musical
32029,Hostage (2005),Action|Crime|Drama|Thriller
32031,Robots (2005),Adventure|Animation|Children|Comedy|Fantasy|Sci-Fi|IMAX
32058,Class Action (1991),Drama
32116,"Oh, God! You Devil (1984)",Comedy
32160,Twentieth Century (1934),Comedy
32213,Cube Zero (2004),Horror|Mystery|Sci-Fi|Thriller
32234,Julia (1977),Drama
32289,Ice Princess (2005),Children|Comedy|Drama
32296,Miss Congeniality 2: Armed and Fabulous (2005),Adventure|Comedy|Crime
32298,Guess Who (2005),Comedy|Romance
32314,Incident at Loch Ness (2004),Adventure|Comedy|Documentary
32371,Call Northside 777 (1948),Crime|Drama|Film-Noir
32442,Greedy (1994),Comedy
32469,We're No Angels (1955),Comedy|Crime|Drama
32515,Walker (1987),Adventure|Drama|War|Western
32587,Sin City (2005),Action|Crime|Film-Noir|Mystery|Thriller
32589,Beauty Shop (2005),Comedy
32596,Sahara (2005),Action|Adventure|Comedy
32598,Fever Pitch (2005),Comedy|Romance
32632,Electra Glide in Blue (1973),Action|Crime
32659,Tanguy (2001),Comedy
32914,Carrie (2002),Drama|Horror|Thriller
32917,Boccaccio '70 (1962),Comedy|Fantasy|Romance
33148,King's Ransom (2005),Comedy|Crime
33154,Enron: The Smartest Guys in the Room (2005),Documentary
33162,Kingdom of Heaven (2005),Action|Drama|Romance|War
33164,House of Wax (2005),Horror|Thriller
33166,Crash (2004),Crime|Drama
33171,Mysterious Skin (2004),Drama|Mystery
33188,Mischief (1985),Comedy|Romance
33237,San Francisco (1936),Drama|Musical|Romance
33294,Vampire Hunter D (1985),Animation|Fantasy|Horror
33421,Dear Wendy (2005),Drama
33495,Kicking & Screaming (2005),Comedy
33499,Monster-in-Law (2005),Comedy|Romance
33615,Madagascar (2005),Adventure|Animation|Children|Comedy
33629,Airborne (1993),Adventure|Comedy
33639,Mad Hot Ballroom (2005),Children|Documentary
33644,Dominion: Prequel to the Exorcist (2005),Horror|Thriller
33649,Saving Face (2004),Comedy|Drama|Romance
33660,Cinderella Man (2005),Drama|Romance
33672,Lords of Dogtown (2005),Action|Comedy|Drama
33677,Rock School (2005),Documentary
33679,Mr. & Mrs. Smith (2005),Action|Adventure|Comedy|Romance
33781,Quo Vadis (1951),Drama|Romance
33794,Batman Begins (2005),Action|Crime|IMAX
33826,Saint Ralph (2004),Comedy|Drama
33830,Herbie: Fully Loaded (2005),Adventure|Comedy|Romance
33834,Land of the Dead (2005),Action|Horror|Thriller
33836,Bewitched (2005),Comedy|Fantasy|Romance
33838,Rize (2005),Documentary
33880,Me and You and Everyone We Know (2005),Comedy|Drama
34018,At the Circus (1939),Comedy|Musical
34048,War of the Worlds (2005),Action|Adventure|Sci-Fi|Thriller
34129,Rebound (2005),Comedy
34143,Dark Water (2005),Drama|Horror|Thriller
34150,Fantastic Four (2005),Action|Adventure|Sci-Fi
34162,Wedding Crashers (2005),Comedy|Romance
34164,Happy Endings (2005),Comedy|Drama
34271,Hustle & Flow (2005),Crime|Drama
34292,Hardware (1990),Action|Horror|Sci-Fi
34321,Bad News Bears (2005),Children|Comedy
34326,Last Days (2005),Drama
34330,November (2004),Drama|Mystery
34332,Sky High (2005),Action|Adventure|Children|Comedy
34334,Stealth (2005),Action|Adventure|Sci-Fi|Thriller
34336,Must Love Dogs (2005),Comedy|Romance
34359,Georgy Girl (1966),Comedy
34405,Serenity (2005),Action|Adventure|Sci-Fi
34437,Broken Flowers (2005),Comedy|Drama
34523,The Chumscrubber (2005),Comedy|Drama
34528,Junebug (2005),Comedy|Drama
34530,Deuce Bigalow: European Gigolo (2005),Comedy
34534,Four Brothers (2005),Action|Crime|Drama
34536,The Great Raid (2005),Action|Drama|War
34540,Pretty Persuasion (2005),Comedy|Drama
34542,Grizzly Man (2005),Documentary
34800,Private Resort (1985),Comedy
35015,Duma (2005),Adventure|Drama
35347,Animal Farm (1954),Animation|Drama
35957,Red Eye (2005),Horror|Thriller
36397,Valiant (2005),Adventure|Animation|Children|Comedy|Fantasy|War
36519,Transporter 2 (2005),Action|Crime|Thriller
36525,Just Like Heaven (2005),Comedy|Fantasy|Romance
36527,Proof (2005),Drama
36535,Everything Is Illuminated (2005),Comedy|Drama
36537,Thumbsucker (2005),Comedy|Drama
37211,Go West (1940),Comedy|Musical|Western
37240,Why We Fight (2005),Documentary
37380,Doom (2005),Action|Horror|Sci-Fi
37384,Waiting... (2005),Comedy
37495,Survive Style 5+ (2004),Fantasy|Mystery|Romance|Thriller
37545,Woyzeck (1979),Drama
37727,Flightplan (2005),Action|Drama|Thriller
37729,Corpse Bride (2005),Animation|Comedy|Fantasy|Musical|Romance
37736,Oliver Twist (2005),Drama
37741,Capote (2005),Crime|Drama
37844,Roll Bounce (2005),Comedy|Drama|Romance
37853,Into the Blue (2005),Action|Adventure|Crime|Thriller
37857,MirrorMask (2005),Adventure|Children|Drama|Fantasy
38061,Kiss Kiss Bang Bang (2005),Comedy|Crime|Mystery|Thriller
38294,Beowulf & Grendel (2005),Action|Adventure|Drama|Fantasy
38798,In Her Shoes (2005),Comedy|Drama
38992,Two for the Money (2005),Drama
39183,Brokeback Mountain (2005),Drama|Romance
39231,Elizabethtown (2005),Comedy|Drama|Romance
39234,North Country (2005),Drama
39292,"Good Night, and Good Luck. (2005)",Crime|Drama
39414,Shopgirl (2005),Comedy|Drama|Romance
39427,Stay (2005),Thriller
39446,Saw II (2005),Horror|Thriller
39449,Prime (2005),Comedy|Drama|Romance
39869,Manderlay (2005),Drama
40148,Revolver (2005),Crime|Drama|Thriller
40278,Jarhead (2005),Action|Drama|War
40339,Chicken Little (2005),Action|Adventure|Animation|Children|Comedy|Sci-Fi
40412,Dead Man's Shoes (2004),Crime|Thriller
40478,Night of the Lepus (1972),Horror|Sci-Fi|Thriller
40581,Just Friends (2005),Comedy|Romance
40583,Syriana (2005),Drama|Thriller
40614,Derailed (2005),Drama|Thriller
40617,Creep (2004),Horror|Thriller
40629,Pride & Prejudice (2005),Drama|Romance
40723,Wolf Creek (2005),Crime|Horror|Thriller
40815,Harry Potter and the Goblet of Fire (2005),Adventure|Fantasy|Thriller|IMAX
40819,Walk the Line (2005),Drama|Musical|Romance
40826,Rent (2005),Drama|Musical|Romance
40851,Zathura (2005),Action|Adventure|Children|Fantasy
40870,C.R.A.Z.Y. (2005),Drama
40955,Breakfast on Pluto (2005),Comedy|Drama
40962,"Yours, Mine and Ours (2005)",Comedy|Romance
41285,Match Point (2005),Crime|Drama|Romance
41527,Paradise Now (2005),Crime|Drama|Thriller|War
41569,King Kong (2005),Action|Adventure|Drama|Fantasy|Thriller
41571,Memoirs of a Geisha (2005),Drama|Romance
41617,Havoc (2005),Crime|Drama|Romance
41724,Wal-Mart: The High Cost of Low Price (2005),Documentary
41769,Mozart and the Whale (2005),Comedy|Drama|Romance
41997,Munich (2005),Action|Crime|Drama|Thriller
42004,Transamerica (2005),Adventure|Comedy|Drama
42007,Rumor Has It... (2005),Comedy|Drama|Romance
42009,Cheaper by the Dozen 2 (2005),Adventure|Comedy
42011,Fun with Dick and Jane (2005),Comedy|Crime
42015,Casanova (2005),Action|Adventure|Comedy|Drama|Romance
42018,Mrs. Henderson Presents (2005),Comedy|Drama
42191,Luxo Jr. (1986),Animation|Children
42556,7 Faces of Dr. Lao (1964),Fantasy|Mystery|Western
42638,Grand Theft Parsons (2003),Comedy|Drama
42723,Hostel (2005),Horror
42725,Grandma's Boy (2006),Comedy
42728,Tristan & Isolde (2006),Drama|Romance
42730,Glory Road (2006),Drama
42732,Last Holiday (2006),Comedy
42738,Underworld: Evolution (2006),Action|Fantasy|Horror
42761,Casper Meets Wendy (1998),Adventure|Children|Comedy|Fantasy
42943,Revolution (1985),Adventure|Drama|War
43333,Water (2005),Drama|Romance
43419,Bandidas (2006),Action|Comedy|Crime|Western
43558,Big Momma's House 2 (2006),Action|Comedy|Crime
43560,Nanny McPhee (2005),Children|Comedy|Fantasy
43679,Final Destination 3 (2006),Horror|Mystery|Thriller
43684,Something New (2006),Comedy|Drama|Romance
43744,Imagine Me & You (2005),Comedy|Drama|Romance
43869,Curious George (2006),Adventure|Animation|Children|Comedy
43871,Firewall (2006),Crime|Drama|Thriller
43904,When a Stranger Calls (2006),Horror|Thriller
43912,Freedomland (2006),Crime|Drama
43914,Winter Passing (2005),Drama
43917,Eight Below (2006),Action|Adventure|Drama|Romance
43919,Date Movie (2006),Comedy|Romance
43921,Running Scared (2006),Action|Crime|Thriller
43928,Ultraviolet (2006),Action|Fantasy|Sci-Fi|Thriller
43930,Just My Luck (2006),Comedy|Romance
43932,Pulse (2006),Action|Drama|Fantasy|Horror|Mystery|Sci-Fi|Thriller
43936,16 Blocks (2006),Crime|Thriller
44004,Failure to Launch (2006),Comedy|Romance
44020,Ultimate Avengers (2006),Action|Animation|Children|Sci-Fi
44189,Ask the Dust (2006),Drama|Romance
44191,V for Vendetta (2006),Action|Sci-Fi|Thriller|IMAX
44193,She's the Man (2006),Comedy|Romance
44197,Find Me Guilty (2006),Comedy|Crime|Drama
44199,Inside Man (2006),Crime|Drama|Thriller
44204,Tsotsi (2005),Crime|Drama
44225,Aquamarine (2006),Children|Comedy|Fantasy
44238,Leprechaun 2 (1994),Comedy|Fantasy|Horror
44243,Leprechaun 4: In Space (1997),Comedy|Fantasy|Horror|Sci-Fi
44613,Take the Lead (2006),Drama
44657,Mouchette (1967),Drama
44665,Lucky Number Slevin (2006),Crime|Drama|Mystery
44709,Akeelah and the Bee (2006),Drama
44731,Stay Alive (2006),Horror|Sci-Fi|Thriller
44759,Basic Instinct 2 (2006),Crime|Drama|Mystery|Thriller
44777,Evil Aliens (2005),Comedy|Horror|Sci-Fi
44828,Slither (2006),Comedy|Horror|Sci-Fi
44849,Renaissance (2006),Action|Animation|Film-Noir|Sci-Fi|Thriller
44864,Friends with Money (2006),Comedy|Drama|Romance
44929,Candy (2006),Drama|Romance
44943,9/11 (2002),Documentary
44972,Scary Movie 4 (2006),Comedy|Horror
44974,Hard Candy (2005),Drama|Thriller
45081,Silent Hill (2006),Fantasy|Horror|Thriller
45106,American Dreamz (2006),Comedy|Drama
45175,Kinky Boots (2005),Comedy|Drama
45186,Mission: Impossible III (2006),Action|Adventure|Thriller
45208,RV (2006),Adventure|Children|Comedy
45210,United 93 (2006),Crime|Drama
45221,Stick It (2006),Comedy
45382,Down in the Valley (2005),Drama|Romance
45431,Over the Hedge (2006),Adventure|Animation|Children|Comedy
45440,Art School Confidential (2006),Comedy|Drama
45442,Poseidon (2006),Action|Adventure|Thriller|IMAX
45499,X-Men: The Last Stand (2006),Action|Sci-Fi|Thriller
45503,Peaceful Warrior (2006),Drama
45517,Cars (2006),Animation|Children|Comedy
45658,On a Clear Day (2005),Drama
45666,Nacho Libre (2006),Comedy
45672,Click (2006),Adventure|Comedy|Drama|Fantasy|Romance
45722,Pirates of the Caribbean: Dead Man's Chest (2006),Action|Adventure|Fantasy
45726,"You, Me and Dupree (2006)",Comedy
45728,Clerks II (2006),Comedy
45730,Lady in the Water (2006),Drama|Fantasy|Mystery
45732,My Super Ex-Girlfriend (2006),Comedy|Fantasy|Romance
45880,Marie Antoinette (2006),Drama|Romance
45969,Career Opportunities (1991),Comedy|Romance
46062,High School Musical (2006),Children|Comedy|Drama|Musical|Romance
46337,Garfield: A Tail of Two Kitties (2006),Animation|Children|Comedy
46530,Superman Returns (2006),Action|Adventure|Sci-Fi|IMAX
46572,Edmond (2005),Drama|Thriller
46578,Little Miss Sunshine (2006),Adventure|Comedy|Drama
46723,Babel (2006),Drama|Thriller
46772,Strangers with Candy (2005),Comedy
46865,Little Man (2006),Comedy
46948,Monster House (2006),Animation|Children|Fantasy|Mystery
46965,Snakes on a Plane (2006),Action|Comedy|Horror|Thriller
46967,Scoop (2006),Comedy|Fantasy|Mystery
46970,Talladega Nights: The Ballad of Ricky Bobby (2006),Action|Comedy
46972,Night at the Museum (2006),Action|Comedy|Fantasy|IMAX
46976,Stranger than Fiction (2006),Comedy|Drama|Fantasy|Romance
47044,Miami Vice (2006),Action|Crime|Drama|Thriller
47122,John Tucker Must Die (2006),Comedy|Romance
47200,Crank (2006),Action|Thriller
47254,Chaos (2005),Action|Crime|Drama|Thriller
47382,Step Up (2006),Drama|Romance
47384,Zoom (2006),Adventure|Comedy|Drama|Fantasy
47404,Mind Game (2004),Adventure|Animation|Comedy|Fantasy|Romance|Sci-Fi
47423,Half Nelson (2006),Drama
47465,Tideland (2005),Drama|Fantasy|Thriller
47516,Material Girls (2006),Children|Comedy|Drama
47518,Accepted (2006),Comedy
47566,Born to Kill (1947),Crime|Drama|Film-Noir
47629,The Queen (2006),Drama
47640,Beerfest (2006),Comedy
47644,Invincible (2006),Drama
47646,Idlewild (2006),Crime|Drama|Musical
47725,Angel-A (2005),Comedy|Drama|Fantasy|Romance
47937,Severance (2006),Comedy|Horror|Thriller
47950,Hollywoodland (2006),Crime|Drama|Mystery|Thriller
47978,SherryBaby (2006),Drama
47997,Idiocracy (2006),Adventure|Comedy|Sci-Fi|Thriller
48161,Gridiron Gang (2006),Drama
48304,Apocalypto (2006),Adventure|Drama|Thriller
48319,Flyboys (2006),Action|Adventure|Drama|War
48326,All the King's Men (2006),Drama
48385,Borat: Cultural Learnings of America for Make Benefit Glorious Nation of Kazakhstan (2006),Comedy
48414,Open Season (2006),Adventure|Animation|Children|Comedy|IMAX
48416,School for Scoundrels (2006),Comedy|Crime
48520,Employee of the Month (2006),Comedy
48560,Running With Scissors (2006),Comedy|Drama
48593,Man of the Year (2006),Comedy|Thriller
48598,Infamous (2006),Drama
48696,Little Children (2006),Drama|Romance
48698,Deliver Us from Evil (2006),Documentary
48744,Shortbus (2006),Comedy|Drama|Romance
48774,Children of Men (2006),Action|Adventure|Drama|Sci-Fi|Thriller
48783,Flags of Our Fathers (2006),Drama|War
48877,Saw III (2006),Crime|Horror|Thriller
48879,Catch a Fire (2006),Drama|Thriller
48883,Death of a President (2006),Crime|Drama|Mystery|Thriller
48982,Flushed Away (2006),Animation|Comedy
48997,Perfume: The Story of a Murderer (2006),Crime|Drama|Thriller
49110,Mom and Dad Save the World (1992),Comedy|Sci-Fi
49220,For Your Consideration (2006),Comedy
49272,Casino Royale (2006),Action|Adventure|Thriller
49274,Happy Feet (2006),Adventure|Animation|Children|Comedy|IMAX
49276,Let's Go to Prison (2006),Comedy
49280,Bobby (2006),Drama
49284,10 Items or Less (2006),Comedy|Drama|Romance
49347,Fast Food Nation (2006),Drama
49389,The Great Train Robbery (1903),Crime|Western
49396,Tenacious D in The Pick of Destiny (2006),Adventure|Comedy|Musical
49530,Blood Diamond (2006),Action|Adventure|Crime|Drama|Thriller|War
49647,Charlotte's Web (2006),Children|Comedy|Drama|Fantasy
49649,Eragon (2006),Action|Adventure|Fantasy
49651,Rocky Balboa (2006),Action|Drama
49735,Another Gay Movie (2006),Comedy
49793,We Are Marshall (2006),Drama
49824,Dreamgirls (2006),Drama|Musical
49910,Freedom Writers (2007),Drama
49932,Inland Empire (2006),Drama|Mystery|Thriller
49961,Notes on a Scandal (2006),Drama
50003,DOA: Dead or Alive (2006),Action|Adventure
50068,Letters from Iwo Jima (2006),Drama|War
50147,Black Christmas (2006),Action|Horror|Thriller
50158,Stomp the Yard (2007),Drama|Musical
50160,Miss Potter (2006),Drama
50274,Venus (2006),Drama|Romance
50440,Primeval (2007),Horror|Thriller
50601,Bridge to Terabithia (2007),Adventure|Children|Fantasy
50610,Beer League (2006),Comedy
50613,Dead Meat (2004),Horror
50685,Waitress (2007),Comedy|Drama|Romance
50792,Catch and Release (2006),Comedy|Drama|Romance
50794,Smokin' Aces (2006),Action|Crime|Drama|Thriller
50796,Blood and Chocolate (2007),Drama|Fantasy|Horror|Romance
50798,Epic Movie (2007),Adventure|Comedy
50802,Because I Said So (2007),Comedy|Drama|Romance
50804,Hannibal Rising (2007),Drama|Horror|Thriller
50806,Norbit (2007),Comedy|Romance
50851,Cocaine Cowboys (2006),Documentary
50872,Ratatouille (2007),Animation|Children|Drama
50954,It's a Boy Girl Thing (2006),Comedy|Romance
51024,The Odyssey (1997),Adventure|Drama|Fantasy
51037,Unknown (2006),Drama|Mystery|Thriller
51077,Ghost Rider (2007),Action|Fantasy|Thriller
51080,Breach (2007),Drama|Thriller
51084,Music and Lyrics (2007),Comedy|Romance
51088,Reno 911!: Miami (2007),Comedy
51091,Black Snake Moan (2006),Drama
51174,Factory Girl (2006),Drama
51255,Hot Fuzz (2007),Action|Comedy|Crime|Mystery
51357,Citizen X (1995),Crime|Drama|Thriller
51412,Next (2007),Action|Sci-Fi|Thriller
51471,Amazing Grace (2006),Drama|Romance
51498,2001 Maniacs (2005),Comedy|Horror
51540,Zodiac (2007),Crime|Drama|Thriller
51562,Babylon 5: The Gathering (1993),Sci-Fi
51573,Meshes of the Afternoon (1943),Fantasy
51575,Wild Hogs (2007),Adventure|Comedy
51834,Becoming Jane (2007),Drama|Romance
51903,I Think I Love My Wife (2007),Comedy|Drama|Romance
51925,Premonition (2007),Drama|Fantasy|Mystery|Thriller
51927,Dead Silence (2007),Horror|Mystery|Thriller
51931,Reign Over Me (2007),Drama
51933,Pride (2007),Drama
51935,Shooter (2007),Action|Drama|Thriller
52245,Blades of Glory (2007),Comedy|Romance
52279,Are We Done Yet? (2007),Comedy
52287,Meet the Robinsons (2007),Action|Adventure|Animation|Children|Comedy|Sci-Fi
52299,American Hardcore (2006),Documentary
52328,Sunshine (2007),Adventure|Drama|Sci-Fi|Thriller
52435,How the Grinch Stole Christmas! (1966),Animation|Comedy|Fantasy|Musical
52458,Disturbia (2007),Drama|Thriller
52604,Fracture (2007),Crime|Drama|Mystery|Thriller
52644,Vacancy (2007),Horror|Thriller
52668,In the Land of Women (2007),Comedy|Drama|Romance
52694,Mr. Bean's Holiday (2007),Comedy
52722,Spider-Man 3 (2007),Action|Adventure|Sci-Fi|Thriller|IMAX
52730,It's a Very Merry Muppet Christmas Movie (2002),Children|Comedy
52831,Maniac Cop (1988),Action|Crime|Horror|Thriller
52952,This Is England (2006),Drama
52973,Knocked Up (2007),Comedy|Drama|Romance
52975,Hairspray (2007),Comedy|Drama|Musical
53000,28 Weeks Later (2007),Horror|Sci-Fi|Thriller
53121,Shrek the Third (2007),Adventure|Animation|Children|Comedy|Fantasy
53123,Once (2006),Drama|Musical|Romance
53125,Pirates of the Caribbean: At World's End (2007),Action|Adventure|Comedy|Fantasy
53129,Mr. Brooks (2007),Crime|Drama|Thriller
53143,Fay Grim (2006),Action|Thriller
53318,Cashback (2006),Comedy|Drama|Romance
53322,Ocean's Thirteen (2007),Crime|Thriller
53447,Paranoid Park (2007),Crime|Drama
53460,Surf's Up (2007),Animation|Children|Comedy
53464,Fantastic Four: Rise of the Silver Surfer (2007),Action|Adventure|Sci-Fi
53466,Nancy Drew (2007),Adventure|Crime|Thriller
53468,Fido (2006),Comedy|Horror|Thriller
53519,Death Proof (2007),Action|Adventure|Crime|Horror|Thriller
53550,Rescue Dawn (2006),Action|Adventure|Drama|War
53808,Bring It On: All or Nothing (2006),Comedy
53894,Sicko (2007),Documentary|Drama
53953,1408 (2007),Drama|Horror|Thriller
53956,Death at a Funeral (2007),Comedy
53972,Live Free or Die Hard (2007),Action|Adventure|Crime|Thriller
53974,License to Wed (2007),Comedy|Romance
53993,Evan Almighty (2007),Comedy|Fantasy
53996,Transformers (2007),Action|Sci-Fi|Thriller|IMAX
54001,Harry Potter and the Order of the Phoenix (2007),Adventure|Drama|Fantasy|IMAX
54004,I Now Pronounce You Chuck and Larry (2007),Comedy|Romance
54116,First Snow (2006),Drama|Thriller
54121,Broken Arrow (1950),Drama|Romance|Western
54190,Across the Universe (2007),Drama|Fantasy|Musical|Romance
54256,Hot Rod (2007),Comedy
54259,Stardust (2007),Adventure|Comedy|Fantasy|Romance
54274,I Know Who Killed Me (2007),Crime|Drama|Thriller
54276,No Reservations (2007),Comedy|Drama|Romance
54281,Charlie Bartlett (2007),Comedy|Drama
54503,Superbad (2007),Comedy
54648,Rush Hour 3 (2007),Action|Comedy|Crime|Thriller
54732,Balls of Fury (2007),Comedy
54734,Sydney White (2007),Comedy
54745,Rocket Science (2007),Comedy|Drama
54785,Halloween (2007),Horror
54787,Death Sentence (2007),Drama|Thriller
54796,2 Days in Paris (2007),Comedy|Drama|Romance
54908,Taxi 4 (2007),Action|Comedy
54910,Behind the Mask: The Rise of Leslie Vernon (2006),Comedy|Horror|Thriller
54995,Planet Terror (2007),Action|Horror|Sci-Fi
54997,3:10 to Yuma (2007),Action|Crime|Drama|Western
54999,Shoot 'Em Up (2007),Action|Comedy|Crime
55052,Atonement (2007),Drama|Romance|War
55094,In the Valley of Elah (2007),Drama|Mystery
55110,December Boys (2007),Drama
55112,Shanghai Kiss (2007),Comedy|Drama|Romance
55118,Eastern Promises (2007),Crime|Drama|Thriller
55190,Love and Other Disasters (2006),Comedy|Romance
55205,Interview (2007),Drama
55232,Resident Evil: Extinction (2007),Action|Horror|Sci-Fi|Thriller
55241,Mr. Woodcock (2007),Comedy
55245,Good Luck Chuck (2007),Comedy|Romance
55247,Into the Wild (2007),Action|Adventure|Drama
55267,Dan in Real Life (2007),Comedy|Drama|Romance
55272,We Own the Night (2007),Crime|Drama
55274,Elizabeth: The Golden Age (2007),Drama
55276,Michael Clayton (2007),Drama|Thriller
55278,Sleuth (2007),Drama|Mystery|Thriller
55280,Lars and the Real Girl (2007),Comedy|Drama
55282,30 Days of Night (2007),Horror|Thriller
55290,Gone Baby Gone (2007),Crime|Drama|Mystery
55294,Weirdsville (2007),Comedy|Crime|Drama
55391,10th & Wolf (2006),Crime|Drama|Thriller
55442,Persepolis (2007),Animation|Drama
55444,Control (2007),Drama
55451,The Jane Austen Book Club (2007),Comedy|Drama|Romance
55553,Black Sheep (2006),Comedy|Horror
55577,Saw IV (2007),Crime|Horror|Thriller
55729,King of California (2007),Comedy
55765,American Gangster (2007),Crime|Drama|Thriller
55768,Bee Movie (2007),Animation|Comedy
55805,Before the Devil Knows You're Dead (2007),Crime|Drama|Thriller
55820,No Country for Old Men (2007),Crime|Drama
55830,Be Kind Rewind (2008),Comedy
55844,Itty Bitty Titty Committee (2007),Comedy|Drama|Romance
55872,August Rush (2007),Drama|Musical
55946,Lions For Lambs (2007),Drama|Thriller|War
55995,Beowulf (2007),Action|Adventure|Animation|Fantasy|IMAX
56003,Southland Tales (2006),Comedy|Drama|Sci-Fi|Thriller
56022,Harrison Bergeron (1995),Drama|Sci-Fi
56152,Enchanted (2007),Adventure|Animation|Children|Comedy|Fantasy|Musical|Romance
56156,Hitman (2007),Action|Crime|Thriller
56169,Awake (2007),Drama|Thriller
56174,I Am Legend (2007),Action|Horror|Sci-Fi|Thriller|IMAX
56176,Alvin and the Chipmunks (2007),Children|Comedy
56251,Futurama: Bender's Big Score (2007),Animation|Comedy|Sci-Fi
56274,Margot at the Wedding (2007),Drama
56286,I'm Not There (2007),Drama
56336,Wrong Turn 2: Dead End (2007),Action|Horror|Thriller
56367,Juno (2007),Comedy|Drama|Romance
56389,My Blueberry Nights (2007),Drama|Romance
56715,Wristcutters: A Love Story (2006),Drama|Fantasy|Romance
56757,Sweeney Todd: The Demon Barber of Fleet Street (2007),Drama|Horror|Musical|Thriller
56775,National Treasure: Book of Secrets (2007),Action|Adventure
56782,There Will Be Blood (2007),Drama|Western
56788,Charlie Wilson's War (2007),Comedy|Drama|War
56805,Walk Hard: The Dewey Cox Story (2007),Comedy|Musical
56949,27 Dresses (2008),Comedy|Romance
57326,In the Name of the King: A Dungeon Siege Tale (2008),Action|Adventure|Fantasy
57368,Cloverfield (2008),Action|Mystery|Sci-Fi|Thriller
57522,First Sunday (2008),Comedy|Crime
57526,Untraceable (2008),Crime|Thriller
57532,Meet the Spartans (2008),Comedy
57536,Strange Wilderness (2008),Comedy
57669,In Bruges (2008),Comedy|Crime|Drama|Thriller
57910,Teeth (2007),Comedy|Horror
57951,Fool's Gold (2008),Action|Adventure|Comedy|Romance
58025,Jumper (2008),Action|Adventure|Drama|Sci-Fi|Thriller
58047,"Definitely, Maybe (2008)",Comedy|Drama|Romance
58103,Vantage Point (2008),Action|Drama|Thriller
58156,Semi-Pro (2008),Comedy
58287,Descent (2007),Drama|Thriller
58291,College Road Trip (2008),Comedy
58293,"10,000 BC (2008)",Adventure|Romance|Thriller
58297,Doomsday (2008),Action|Drama|Sci-Fi|Thriller
58299,Horton Hears a Who! (2008),Adventure|Animation|Children|Comedy
58301,Funny Games U.S. (2007),Drama|Thriller
58306,Mongol (2007),Drama|War
58332,Diary of the Dead (2007),Horror|Sci-Fi
58627,Never Back Down (2008),Action
58655,Drillbit Taylor (2008),Comedy
58783,Youth Without Youth (2007),Drama|Romance|Sci-Fi
58803,21 (2008),Crime|Drama|Romance|Thriller
58806,Smart People (2008),Comedy|Drama|Romance
58839,Leatherheads (2008),Comedy|Drama|Romance
58870,Zebraman (2004),Comedy
58876,Stop-Loss (2008),Drama|War
58972,Nim's Island (2008),Adventure|Comedy|Fantasy
58998,Forgetting Sarah Marshall (2008),Comedy|Romance
59016,Street Kings (2008),Crime|Drama|Thriller
59022,Harold & Kumar Escape from Guantanamo Bay (2008),Adventure|Comedy
59026,99 francs (2007),Comedy
59037,Speed Racer (2008),Action|Children|Sci-Fi|IMAX
59118,Happy-Go-Lucky (2008),Comedy|Drama
59129,Outpost (2008),Action|Horror
59220,Outsourced (2006),Comedy|Romance
59258,Baby Mama (2008),Comedy
59306,Prom Night (2008),Horror|Mystery|Thriller
59315,Iron Man (2008),Action|Adventure|Sci-Fi
59333,Made of Honor (2008),Comedy|Romance
59336,Redbelt (2008),Action|Drama
59421,What Happens in Vegas... (2008),Comedy|Romance
59549,Shelter (2007),Drama|Romance
59615,Indiana Jones and the Kingdom of the Crystal Skull (2008),Action|Adventure|Comedy|Sci-Fi
59667,Nina's Heavenly Delights (2006),Comedy
59731,"Bigger, Stronger, Faster* (2008)",Documentary
59784,Kung Fu Panda (2008),Action|Animation|Children|Comedy|IMAX
59810,Recount (2008),Drama
59814,Ex Drummer (2007),Comedy|Crime|Drama|Horror
59900,You Don't Mess with the Zohan (2008),Comedy
59915,Stuck (2007),Horror|Thriller
59985,Chaos Theory (2007),Comedy|Drama|Romance
60030,Spiral (2007),Drama|Horror|Thriller
60072,Wanted (2008),Action|Thriller
60074,Hancock (2008),Action|Adventure|Comedy|Crime|Fantasy
60126,Get Smart (2008),Action|Comedy
60141,St. Trinian's (2007),Children|Comedy
60161,Futurama: The Beast with a Billion Backs (2008),Action|Animation|Comedy|Romance|Sci-Fi
60389,Battle for Haditha (2007),War
60397,Mamma Mia! (2008),Comedy|Musical|Romance
60471,Rogue (2007),Action|Adventure|Horror|Sci-Fi|Thriller
60487,"It's the Great Pumpkin, Charlie Brown (1966)",Animation|Children|Comedy
60514,Journey to the Center of the Earth (2008),Action|Adventure|Sci-Fi
60516,Meet Dave (2008),Adventure|Children|Comedy|Romance|Sci-Fi
60538,Shrooms (2007),Horror|Thriller
60647,Transsiberian (2008),Crime|Drama|Thriller
60674,Stargate: Continuum (2008),Sci-Fi
60684,Watchmen (2009),Action|Drama|Mystery|Sci-Fi|Thriller|IMAX
60737,Watching the Detectives (2007),Comedy|Romance
60753,Felon (2008),Crime|Drama
60756,Step Brothers (2008),Comedy
60943,Frozen River (2008),Drama
60950,Vicky Cristina Barcelona (2008),Comedy|Drama|Romance
61024,Pineapple Express (2008),Action|Comedy|Crime
61123,High School Musical 2 (2007),Comedy|Drama|Musical|Romance
61132,Tropic Thunder (2008),Action|Adventure|Comedy|War
61160,Star Wars: The Clone Wars (2008),Action|Adventure|Animation|Sci-Fi
61167,Henry Poole is Here (2008),Drama|Mystery
61246,Hamlet 2 (2008),Comedy
61262,Mirrors (2008),Horror|Mystery|Thriller
61319,Somers Town (2008),Drama
61323,Burn After Reading (2008),Comedy|Crime|Drama
61348,Disaster Movie (2008),Comedy
61350,Babylon A.D. (2008),Action|Adventure|Sci-Fi|Thriller
61352,Traitor (2008),Crime|Drama|Thriller
61465,Bangkok Dangerous (2008),Action|Crime|Thriller
61692,Altered (2006),Horror|Sci-Fi|Thriller
61697,Righteous Kill (2008),Crime|Mystery|Thriller
61705,Lakeview Terrace (2008),Drama|Thriller
61729,Ghost Town (2008),Comedy|Fantasy|Romance
61986,Appaloosa (2008),Western
62081,Eagle Eye (2008),Action|Crime|Thriller|IMAX
62113,How to Lose Friends & Alienate People (2008),Comedy
62155,Nick and Norah's Infinite Playlist (2008),Comedy|Drama|Romance
62344,Rachel Getting Married (2008),Drama|Romance
62374,Body of Lies (2008),Action|Drama|Thriller
62376,City of Ember (2008),Adventure|Children|Sci-Fi
62394,Max Payne (2008),Action|Crime|Drama|Thriller
62434,Zack and Miri Make a Porno (2008),Comedy|Drama|Romance
62437,W. (2008),Drama
62439,My Best Friend's Girl (2008),Comedy|Romance
62511,"Synecdoche, New York (2008)",Comedy|Drama
62718,"Angus, Thongs and Perfect Snogging (2008)",Comedy|Romance
62792,Pride and Glory (2008),Crime|Drama
62849,RocknRolla (2008),Action|Crime
62956,Futurama: Bender's Game (2008),Action|Adventure|Animation|Comedy|Fantasy|Sci-Fi
62999,Madagascar: Escape 2 Africa (2008),Action|Adventure|Animation|Children|Comedy|IMAX
63033,Blindness (2008),Drama|Mystery|Romance|Thriller
63062,Changeling (2008),Crime|Drama|Mystery
63082,Slumdog Millionaire (2008),Crime|Drama|Romance
63113,Quantum of Solace (2008),Action|Adventure|Thriller
63131,Role Models (2008),Comedy
63179,Tokyo! (2008),Drama
63222,JCVD (2008),Action|Drama|Thriller
63312,Krabat (2008),Drama|Fantasy
63393,Camp Rock (2008),Comedy|Musical|Romance
63436,Saw V (2008),Crime|Horror|Thriller
63479,Sex Drive (2008),Comedy
63515,The Island (2006),Drama|Mystery
63540,Beverly Hills Chihuahua (2008),Adventure|Children|Comedy
63826,Splinter (2008),Action|Horror|Thriller
63853,Australia (2008),Adventure|Drama|War|Western
63859,Bolt (2008),Action|Adventure|Animation|Children|Comedy
63876,Milk (2008),Drama
63992,Twilight (2008),Drama|Fantasy|Romance|Thriller
64030,Transporter 3 (2008),Action|Adventure|Crime|Thriller
64032,Four Christmases (2008),Comedy
64114,Fireproof (2008),Drama|Romance
64116,Igor (2008),Animation|Comedy
64197,Hunger (2008),Drama
64249,Shrek the Halls (2007),Adventure|Animation|Comedy|Fantasy
64575,Doubt (2008),Drama|Mystery
64614,Gran Torino (2008),Crime|Drama
64620,Frost/Nixon (2008),Drama
64716,Seven Pounds (2008),Drama
64969,Yes Man (2008),Comedy
64983,Valkyrie (2008),Drama|Thriller|War
64997,War of the Worlds (2005),Action|Sci-Fi
65088,Bedtime Stories (2008),Adventure|Children|Comedy
65126,Choke (2008),Comedy|Drama
65130,Revolutionary Road (2008),Drama|Romance
65135,Blackadder's Christmas Carol (1988),Comedy
65188,Dear Zachary: A Letter to a Son About His Father (2008),Documentary
65193,Wild Child (2008),Drama|Romance
65216,Defiance (2008),Drama|Thriller|War
65514,Ip Man (2008),Action|Drama|War
65585,Bride Wars (2009),Comedy|Romance
65631,Battle in Seattle (2007),Action|Drama
65682,Underworld: Rise of the Lycans (2009),Action|Fantasy|Horror|Thriller
65685,Inkheart (2008),Adventure|Fantasy
65738,Revenge of the Nerds III: The Next Generation (1992),Comedy
65740,Revenge of the Nerds IV: Nerds in Love (1994),Comedy|Romance
65802,Paul Blart: Mall Cop (2009),Action|Comedy|Crime
65982,Outlander (2008),Action|Adventure|Sci-Fi
66090,Eden Lake (2008),Horror|Thriller
66097,Coraline (2009),Animation|Fantasy|Thriller
66171,Push (2009),Sci-Fi|Thriller
66203,He's Just Not That Into You (2009),Comedy|Drama|Romance
66240,Dead Like Me: Life After Death (2009),Comedy|Fantasy
66427,My Name Is Bruce (2007),Comedy|Horror
66509,Funny People (2009),Comedy|Drama
66511,Berlin Calling (2008),Comedy|Drama
66544,Nuremberg (2000),Drama|War
66665,Away We Go (2009),Comedy|Drama|Romance
66783,Friday the 13th (2009),Horror
66934,Dr. Horrible's Sing-Along Blog (2008),Comedy|Drama|Musical|Sci-Fi
67087,"I Love You, Man (2009)",Comedy
67168,Dance of the Dead (2008),Adventure|Comedy|Horror
67193,Duplicity (2009),Crime|Romance|Thriller
67197,Knowing (2009),Action|Drama|Mystery|Sci-Fi|Thriller
67267,Sunshine Cleaning (2008),Comedy|Drama
67408,Monsters vs. Aliens (2009),Animation|Sci-Fi|IMAX
67534,Big Stan (2007),Comedy
67618,Strictly Sexual (2008),Comedy|Drama|Romance
67665,Anvil! The Story of Anvil (2008),Documentary|Musical
67695,Observe and Report (2009),Action|Comedy
67734,Adventureland (2009),Comedy|Drama
67788,Confessions of a Shopaholic (2009),Comedy|Romance
67888,Man on the Flying Trapeze (1935),Comedy
67997,In the Loop (2009),Comedy
68135,17 Again (2009),Comedy|Drama
68157,Inglourious Basterds (2009),Action|Drama|War
68159,State of Play (2009),Crime|Drama|Thriller
68205,Crank: High Voltage (2009),Action|Comedy|Crime
68237,Moon (2009),Drama|Mystery|Sci-Fi|Thriller
68319,X-Men Origins: Wolverine (2009),Action|Sci-Fi|Thriller
68347,Sin Nombre (2009),Crime|Drama|Thriller
68358,Star Trek (2009),Action|Adventure|Sci-Fi|IMAX
68522,Earth (2007),Documentary
68552,Crossing Over (2009),Drama
68597,Scorpio (1973),Action|Drama|Thriller
68659,Fanboys (2009),Adventure|Comedy|Drama
68791,Terminator Salvation (2009),Action|Adventure|Sci-Fi|Thriller
68793,Night at the Museum: Battle of the Smithsonian (2009),Action|Comedy|IMAX
68835,Were the World Mine (2008),Adventure|Fantasy|Musical|Romance
68954,Up (2009),Adventure|Animation|Children|Drama
69069,Fired Up (2009),Comedy
69131,Killshot (2008),Action|Crime|Drama|Thriller
69134,Antichrist (2009),Drama|Fantasy
69211,Boy Eats Girl (2005),Comedy|Horror
69227,Ernest Rides Again (1993),Children|Comedy
69251,Special (2006),Drama|Fantasy
69278,Land of the Lost (2009),Action|Adventure|Comedy|Sci-Fi
69304,Imagine That (2009),Comedy|Drama|Fantasy
69436,Year One (2009),Adventure|Comedy
69469,Garfield's Pet Force (2009),Animation
69495,Breakfast with Scot (2007),Drama|Romance
69524,Raiders of the Lost Ark: The Adaptation (1989),Action|Adventure|Thriller
69526,Transformers: Revenge of the Fallen (2009),Action|Adventure|Sci-Fi|IMAX
69604,Whatever Works (2009),Comedy|Romance
69640,Public Enemies (2009),Crime|Drama|Thriller
69644,Ice Age: Dawn of the Dinosaurs (2009),Action|Adventure|Animation|Children|Comedy|Romance
69654,Prison Break: The Final Break (2009),Action|Drama|Thriller
69712,My Sister's Keeper (2009),Drama
69720,Hood of Horror (2006),Comedy|Drama|Horror
69757,(500) Days of Summer (2009),Comedy|Drama|Romance
69844,Harry Potter and the Half-Blood Prince (2009),Adventure|Fantasy|Mystery|Romance|IMAX
69860,Eichmann (2007),Drama|War
69904,Open Water 2: Adrift (2006),Drama|Thriller
69988,Humpday (2009),Comedy
70015,Polytechnique (2009),Crime|Drama
70159,Orphan (2009),Drama|Horror|Mystery|Thriller
70286,District 9 (2009),Mystery|Sci-Fi|Thriller
70293,Julie & Julia (2009),Comedy|Drama|Romance
70301,Obsessed (2009),Crime|Drama|Thriller
70305,Race to Witch Mountain (2009),Adventure|Children|Fantasy|Sci-Fi|Thriller
70334,Hannah Montana: The Movie (2009),Comedy|Drama|Musical|Romance
70336,G.I. Joe: The Rise of Cobra (2009),Action|Adventure|Sci-Fi|Thriller
70361,12 Rounds (2009),Action|Thriller
70451,Max Manus (2008),Action|Drama|War
70492,Winds of the Wasteland (1936),Western
70641,Miss March (2009),Comedy
70687,Paper Heart (2009),Comedy|Documentary|Drama|Romance
70697,G-Force (2009),Action|Adventure|Children|Fantasy
70703,Christopher Columbus: The Discovery (1992),Adventure
70708,Tetro (2009),Drama|Mystery
70862,It Might Get Loud (2008),Documentary
70946,Troll 2 (1990),Fantasy|Horror
70984,Taking Woodstock (2009),Comedy
70990,If These Walls Could Talk (1996),Drama
71057,9 (2009),Adventure|Animation|Sci-Fi
71106,Frequently Asked Questions About Time Travel (2009),Comedy|Sci-Fi
71129,Green Lantern: First Flight (2009),Action|Adventure|Animation|Fantasy|Sci-Fi
71135,Pandorum (2009),Horror|Sci-Fi|Thriller
71205,Jennifer's Body (2009),Comedy|Horror|Sci-Fi|Thriller
71248,Extract (2009),Comedy
71254,Gamer (2009),Action|Sci-Fi|Thriller
71264,Cloudy with a Chance of Meatballs (2009),Animation|Children|Fantasy|IMAX
71302,Attack of the 50 Foot Woman (1958),Comedy|Sci-Fi
71327,Bright Star (2009),Drama|Romance
71379,Paranormal Activity (2009),Horror|Thriller
71429,World's Greatest Dad (2009),Comedy|Drama
71466,City Island (2009),Comedy|Drama
71468,Ink (2009),Action|Fantasy|Sci-Fi
71484,Metropia (2009),Animation|Sci-Fi
71535,Zombieland (2009),Action|Comedy|Horror
71668,Couples Retreat (2009),Comedy|Romance
71732,I Sell the Dead (2008),Comedy|Horror
71745,Where the Wild Things Are (2009),Adventure|Children|Drama|Fantasy|IMAX
71810,Legionnaire (1998),Action|Adventure|Drama|War
71838,Law Abiding Citizen (2009),Drama|Thriller
71899,Mary and Max (2009),Animation|Comedy|Drama
71902,Spread (2009),Drama|Romance
72011,Up in the Air (2009),Drama|Romance
72129,Saw VI (2009),Crime|Horror|Mystery|Thriller
72165,Cirque du Freak: The Vampire's Assistant (2009),Action|Adventure|Comedy|Fantasy|Horror|Thriller
72171,Black Dynamite (2009),Action|Comedy
72178,Welcome to Dongmakgol (2005),Comedy|Drama|War
72226,Fantastic Mr. Fox (2009),Adventure|Animation|Children|Comedy|Crime
72308,Battlestar Galactica: The Plan (2009),Action|Adventure|Drama|Sci-Fi
72356,Partly Cloudy (2009),Animation|Children|Comedy|Fantasy
72378,2012 (2009),Action|Drama|Sci-Fi|Thriller
72405,Bad Lieutenant: Port of Call New Orleans (2009),Crime|Drama
72424,Derailed (2002),Action|Thriller
72489,Ninja Assassin (2009),Action|Crime|Drama|Thriller
72603,Merry Madagascar (2009),Animation
72605,Brothers (2009),Drama|Thriller|War
72692,Mickey's Once Upon a Christmas (1999),Animation|Comedy|Fantasy
72694,Shrink (2009),Drama
72696,Old Dogs (2009),Comedy
72701,Planet 51 (2009),Adventure|Animation|Children|Comedy|Sci-Fi
72714,Earthlings (2006),Documentary
72733,Invictus (2009),Drama
72919,Did You Hear About the Morgans? (2009),Comedy|Crime|Drama|Romance
72998,Avatar (2009),Action|Adventure|Sci-Fi|IMAX
73015,It's Complicated (2009),Comedy|Romance
73017,Sherlock Holmes (2009),Action|Crime|Mystery|Thriller
73023,Crazy Heart (2009),Drama|Romance
73042,Alvin and the Chipmunks: The Squeakquel (2009),Animation|Children|Comedy|Musical
73160,Sorority Babes in the Slimeball Bowl-O-Rama (1988),Comedy|Horror
73211,Pontypool (2008),Horror|Thriller
73266,Youth in Revolt (2009),Comedy|Drama|Romance
73319,Leap Year (2010),Comedy|Romance
73488,Blood: The Last Vampire (2009),Action|Horror|Thriller
73515,Bart Got a Room (2008),Comedy|Romance
73741,Ninja (2009),Action|Crime|Drama|Thriller
73929,Legion (2010),Action|Fantasy|Horror|Thriller
74075,Stan Helsing (2009),Comedy|Horror
74154,When in Rome (2010),Comedy|Romance
74275,I Love You Phillip Morris (2009),Comedy|Drama|Romance
74324,Temple Grandin (2010),Drama
74342,"Captain Newman, M.D. (1963)",Comedy|Drama|War
74450,Valentine's Day (2010),Comedy|Romance
74458,Shutter Island (2010),Drama|Mystery|Thriller
74508,Persuasion (2007),Drama|Romance
74530,Percy Jackson & the Olympians: The Lightning Thief (2010),Adventure|Fantasy
74532,Cop Out (2010),Action|Comedy|Crime
74624,Agora (2009),Adventure|Drama|Romance
74647,Motherhood (2009),Comedy
74683,Mike Bassett: England Manager (2001),Comedy
74688,Dear John (2010),Drama|Romance|War
74698,Tooth Fairy (2010),Comedy|Fantasy
74789,Alice in Wonderland (2010),Adventure|Fantasy|IMAX
74795,Green Zone (2010),Action|Drama|Thriller|War
74851,From Paris with Love (2010),Action|Crime
74868,Dorian Gray (2009),Drama|Horror|Sci-Fi
74916,Greenberg (2010),Comedy|Drama
74946,She's Out of My League (2010),Comedy
74948,Harry Brown (2009),Crime|Drama|Thriller
75341,Remember Me (2010),Drama|Romance
75395,Frozen (2010),Drama|Horror|Thriller
75416,Generation X (1996),Action|Adventure|Sci-Fi
75803,Our Family Wedding (2010),Comedy
75813,Leaves of Grass (2009),Comedy|Crime|Drama|Thriller
75816,Women in Trouble (2009),Comedy
75947,Mondo Cane (1962),Documentary
75985,Repo Men (2010),Action|Sci-Fi|Thriller
76030,Case 39 (2009),Horror|Thriller
76077,Hot Tub Time Machine (2010),Comedy|Sci-Fi
76093,How to Train Your Dragon (2010),Adventure|Animation|Children|Fantasy|IMAX
76175,Clash of the Titans (2010),Action|Adventure|Drama|Fantasy
76251,Kick-Ass (2010),Action|Comedy
76293,Date Night (2010),Action|Comedy|Romance
76751,American Drug War: The Last White Hope (2007),Crime|Documentary
77191,Death at a Funeral (2010),Comedy
77201,Valhalla Rising (2009),Action|Drama|War
77206,Diary of a Wimpy Kid (2010),Children|Comedy
77266,Disgrace (2008),Drama
77421,Cyrus (2010),Comedy|Drama|Romance
77455,Exit Through the Gift Shop (2010),Comedy|Documentary
77561,Iron Man 2 (2010),Action|Adventure|Sci-Fi|Thriller|IMAX
77667,MacGruber (2010),Action|Comedy
77795,Cargo (2009),Sci-Fi
77800,Four Lions (2010),Comedy|Drama
77846,12 Angry Men (1997),Crime|Drama
77866,Robin Hood (2010),Action|Adventure|Drama|Romance|War
77893,Merantau (2009),Action|Drama
77931,Stingray Sam (2009),Comedy|Musical|Sci-Fi|Western
78034,Cemetery Junction (2010),Comedy|Drama|Romance
78039,Blue Valentine (2010),Drama|Romance
78041,Killers (2010),Action|Comedy
78088,Buried (2010),Mystery|Thriller
78105,Prince of Persia: The Sands of Time (2010),Action|Adventure|Fantasy|Romance|IMAX
78116,Please Give (2010),Comedy|Drama
78174,Sex and the City 2 (2010),Comedy|Drama|Romance
78209,Get Him to the Greek (2010),Comedy
78218,Unthinkable (2010),Drama|Thriller
78266,Splice (2009),Horror|Sci-Fi|Thriller
78316,Letters to Juliet (2010),Drama|Romance
78349,Exam (2009),Mystery|Thriller
78467,Jonah Hex (2010),Action|Drama|Thriller|Western
78499,Toy Story 3 (2010),Adventure|Animation|Children|Comedy|Fantasy|IMAX
78836,Enter the Void (2009),Drama
79057,Predators (2010),Action|Sci-Fi|Thriller
79091,Despicable Me (2010),Animation|Children|Comedy|Crime
79132,Inception (2010),Action|Crime|Drama|Mystery|Sci-Fi|Thriller|IMAX
79134,Grown Ups (2010),Comedy
79185,Knight and Day (2010),Action|Comedy|Romance
79259,Cherrybomb (2009),Drama|Thriller
79274,Batman: Under the Red Hood (2010),Action|Animation
79293,Salt (2010),Action|Thriller
79357,Mr. Nobody (2009),Drama|Fantasy|Romance|Sci-Fi
79428,Dinner for Schmucks (2010),Comedy
79553,Ip Man 2 (2010),Action
79572,Ramona and Beezus (2010),Children|Comedy
79684,Paper Man (2009),Comedy|Drama
79702,Scott Pilgrim vs. the World (2010),Action|Comedy|Fantasy|Musical|Romance
79897,Get Low (2009),Comedy|Drama|Mystery
80219,Machete (2010),Action|Adventure|Comedy|Crime|Thriller
80241,Going the Distance (2010),Comedy|Romance
80363,Resident Evil: Afterlife (2010),Action|Horror|Sci-Fi|Thriller|IMAX
80549,Easy A (2010),Comedy|Romance
80551,Eat Pray Love (2010),Drama|Romance
80553,Howl (2010),Drama
80586,Flipped (2010),Comedy|Drama|Romance
80590,Wall Street: Money Never Sleeps (2010),Drama
80615,Legend of the Guardians: The Owls of Ga'Hoole (2010),Adventure|Animation|Fantasy|IMAX
80693,It's Kind of a Funny Story (2010),Comedy|Drama
80727,Middle Men (2009),Comedy|Crime|Drama
80831,Let Me In (2010),Drama|Horror|Mystery
80839,Secretariat (2010),Adventure|Drama
80858,You Again (2010),Comedy
80860,Life as We Know It (2010),Comedy|Romance
80862,Catfish (2010),Documentary|Mystery
80864,You Will Meet a Tall Dark Stranger (2010),Comedy|Romance
80906,Inside Job (2010),Documentary
80917,Monsters (2010),Drama|Sci-Fi
80969,Never Let Me Go (2010),Drama|Romance|Sci-Fi
81132,Rubber (2010),Action|Adventure|Comedy|Crime|Drama|Film-Noir|Horror|Mystery|Thriller|Western
81156,Jackass 3D (2010),Action|Comedy|Documentary
81229,Red (2010),Action|Comedy
81417,Paranormal Activity 2 (2010),Horror|IMAX
81512,Hereafter (2010),Drama|Fantasy
81520,Undisputed III: Redemption (2010),Action|Crime|Drama
81537,Due Date (2010),Comedy
81562,127 Hours (2010),Adventure|Drama|Thriller
81564,Megamind (2010),Action|Animation|Children|Comedy|Sci-Fi|IMAX
81591,Black Swan (2010),Drama|Thriller
81784,Morning Glory (2010),Comedy|Drama|Romance
81791,Somewhere (2010),Drama
81819,Biutiful (2010),Drama
81847,Tangled (2010),Animation|Children|Comedy|Fantasy|Musical|Romance|IMAX
82093,London Boulevard (2010),Crime|Romance
82095,Skyline (2010),Sci-Fi|Thriller
82152,Beastly (2011),Drama|Fantasy|Romance
82167,Love and Other Drugs (2010),Comedy|Drama|Romance
82366,Hatchet II (2010),Comedy|Horror|Thriller
82378,All Good Things (2010),Drama|Mystery|Thriller
82459,True Grit (2010),Western
82461,Tron: Legacy (2010),Action|Adventure|Sci-Fi|IMAX
82499,How Do You Know (2010),Comedy|Drama|Romance
82527,Barney's Version (2010),Drama
82744,Faster (2010),Action|Crime|Drama
82767,Rabbit Hole (2010),Drama
82848,One Week (1920),Comedy
82852,Little Fockers (2010),Comedy
82854,Gulliver's Travels (2010),Adventure|Comedy|Fantasy
83086,Burlesque (2010),Drama|Musical|Romance
83134,Tucker & Dale vs Evil (2010),Comedy|Horror
83177,Yogi Bear (2010),Children|Comedy
83270,Made in Dagenham (2010),Comedy|Drama
83480,Season of the Witch (2011),Adventure|Drama|Fantasy
83613,Cowboys & Aliens (2011),Action|Sci-Fi|Thriller|Western|IMAX
83803,Day & Night (2010),Animation|Children
83827,Marwencol (2010),Documentary
84152,Limitless (2011),Sci-Fi|Thriller
84189,I Spit on Your Grave (2010),Crime|Horror|Thriller
84374,No Strings Attached (2011),Comedy|Romance
84414,All-Star Superman (2011),Action|Adventure|Animation|Sci-Fi
84601,Unknown (2011),Drama|Mystery|Thriller
84615,Cedar Rapids (2011),Comedy
84696,Burke and Hare (2010),Comedy|Thriller
84772,Paul (2011),Adventure|Comedy|Sci-Fi
84942,Drive Angry (2011),Action|Fantasy|Thriller
84944,Rango (2011),Action|Adventure|Animation|Children|Comedy|Western
84950,Take Me Home Tonight (2011),Comedy|Drama
85022,Hall Pass (2011),Comedy
85056,I Am Number Four (2011),Action|Sci-Fi|Thriller|IMAX
85131,Battle: Los Angeles (2011),Action|Sci-Fi|War
85259,Winnie the Pooh and the Honey Tree (1966),Animation|Children
85261,Mars Needs Moms (2011),Action|Adventure|Animation|Children|Comedy|Sci-Fi|IMAX
85295,Scooby-Doo! Curse of the Lake Monster (2010),Adventure|Children|Comedy|Mystery
85367,Just Go with It (2011),Comedy|Romance
85397,Red Riding Hood (2011),Fantasy|Horror|Mystery|Thriller
85399,"Big Mommas: Like Father, Like Son (2011)",Comedy
85401,Super (2010),Action|Comedy|Drama
85414,Source Code (2011),Action|Drama|Mystery|Sci-Fi|Thriller
85438,Jane Eyre (2011),Drama|Romance
85510,Sucker Punch (2011),Action|Fantasy|Thriller|IMAX
85565,Chalet Girl (2011),Comedy|Romance
85796,Hobo with a Shotgun (2011),Action|Adventure|Crime|Thriller
85881,Win Win (2011),Comedy|Drama
86000,Boy (2010),Comedy|Drama
86014,Diary of a Wimpy Kid: Rodrick Rules (2011),Comedy
86028,Henry's Crime (2010),Comedy|Crime
86059,Hop (2011),Animation|Children|Comedy
86190,Hanna (2011),Action|Adventure|Mystery|Thriller
86279,Into Eternity (2010),Documentary
86286,Daffy Duck's Quackbusters (1988),Animation|Children|Comedy|Horror
86293,Arthur (2011),Comedy
86295,Scream 4 (2011),Comedy|Horror|Mystery|Thriller
86298,Rio (2011),Adventure|Animation|Children|Comedy
86320,Melancholia (2011),Drama|Sci-Fi
86332,Thor (2011),Action|Adventure|Drama|Fantasy|IMAX
86548,Water for Elephants (2011),Drama|Romance
86593,African Cats (2011),Adventure|Documentary
86628,Kill the Irishman (2011),Action|Crime
86781,Incendies (2010),Drama|Mystery|War
86815,Soul Surfer (2011),Action|Drama
86817,Something Borrowed (2011),Comedy|Drama|Romance
86833,Bridesmaids (2011),Comedy
86835,Priest (2011),Action|Horror|Sci-Fi|Thriller
86880,Pirates of the Caribbean: On Stranger Tides (2011),Action|Adventure|Fantasy|IMAX
86882,Midnight in Paris (2011),Comedy|Fantasy|Romance
86892,The Man from Nowhere (2010),Action|Crime|Thriller
86960,Across the Hall (2009),Thriller
87192,Attack the Block (2011),Action|Comedy|Sci-Fi
87194,The Way (2010),Adventure|Comedy|Drama
87197,Let the Bullets Fly (2010),Action|Comedy
87232,X-Men: First Class (2011),Action|Adventure|Sci-Fi|Thriller|War
87234,Submarine (2010),Comedy|Drama|Romance
87298,Everything Must Go (2010),Comedy|Drama
87304,Beginners (2010),Drama
87306,Super 8 (2011),Mystery|Sci-Fi|Thriller|IMAX
87430,Green Lantern (2011),Action|Adventure|Sci-Fi
87444,Elektra Luxx (2010),Comedy
87483,Mr. Popper's Penguins (2011),Comedy
87485,Bad Teacher (2011),Comedy
87520,Transformers: Dark of the Moon (2011),Action|Adventure|Sci-Fi|War|IMAX
87522,Larry Crowne (2011),Comedy|Drama|Romance
87529,Your Highness (2011),Action|Adventure|Comedy|Fantasy
87660,Too Big to Fail (2011),Drama
87785,Takers (2010),Action|Crime|Thriller
87867,Zookeeper (2011),Comedy
87869,Horrible Bosses (2011),Comedy|Crime
87876,Cars 2 (2011),Adventure|Animation|Children|Comedy|IMAX
88069,Delhi Belly (2011),Comedy|Crime
88108,Monte Carlo (2011),Adventure|Comedy|Romance
88129,Drive (2011),Crime|Drama|Film-Noir|Thriller
88140,Captain America: The First Avenger (2011),Action|Adventure|Sci-Fi|Thriller|War
88163,"Crazy, Stupid, Love. (2011)",Comedy|Drama|Romance
88179,One Day (2011),Drama|Romance
88267,Winnie the Pooh (2011),Animation|Children|Comedy
88345,Mike's New Car (2002),Animation|Comedy
88405,Friends with Benefits (2011),Comedy|Romance
88672,Our Idiot Brother (2011),Comedy
88699,Death Race 2 (2010),Action|Sci-Fi|Thriller
88744,Rise of the Planet of the Apes (2011),Action|Drama|Sci-Fi|Thriller
88746,Terri (2011),Comedy
88812,30 Minutes or Less (2011),Action|Comedy|Crime
88932,Final Destination 5 (2011),Horror|Thriller|IMAX
89030,Fright Night (2011),Comedy|Horror
89039,Another Earth (2011),Drama|Romance|Sci-Fi
89047,Hesher (2010),Drama
89072,Stake Land (2010),Horror
89087,Colombiana (2011),Action|Adventure|Drama|Thriller
89190,Conan the Barbarian (2011),Action|Adventure|Fantasy
89343,Red State (2011),Action|Crime|Horror|Thriller
89388,I Don't Know How She Does It (2011),Comedy
89427,Shark Night 3D (2011),Horror|Thriller
89470,Contagion (2011),Sci-Fi|Thriller|IMAX
89492,Moneyball (2011),Drama
89580,Neds (2010),Drama
89586,Phineas and Ferb the Movie: Across the 2nd Dimension (2011),Adventure|Animation|Children
89678,Northanger Abbey (2007),Drama|Romance
89774,Warrior (2011),Drama
89837,Kill List (2011),Horror|Mystery|Thriller
89840,Killer Elite (2011),Action|Thriller
89864,50/50 (2011),Comedy|Drama
89898,Generation P (2011),Comedy|Drama|Sci-Fi
89904,The Artist (2011),Comedy|Drama|Romance
90057,Take Shelter (2011),Drama
90249,Real Steel (2011),Action|Drama|Sci-Fi|IMAX
90343,Footloose (2011),Comedy|Drama|Musical
90353,Beautiful Boy (2010),Drama
90357,Tyrannosaur (2011),Drama
90374,Martha Marcy May Marlene (2011),Drama|Thriller
90376,We Need to Talk About Kevin (2011),Drama|Thriller
90405,In Time (2011),Crime|Sci-Fi|Thriller
90428,Margaret (2011),Drama
90430,Carnage (2011),Comedy|Drama
90439,Margin Call (2011),Drama|Thriller
90469,Paranormal Activity 3 (2011),Horror
90471,Puncture (2011),Drama
90522,Johnny English Reborn (2011),Adventure|Comedy|Thriller
90524,Abduction (2011),Action|Drama|Mystery|Thriller
90528,This Must Be the Place (2011),Crime|Drama|Thriller
90531,Shame (2011),Drama
90576,What's Your Number? (2011),Comedy|Romance
90603,Batman: Year One (2011),Action|Animation|Crime
90630,Miss Representation (2011),Documentary
90647,Puss in Boots (2011),Adventure|Animation|Comedy|Fantasy|IMAX
90717,Tower Heist (2011),Action|Comedy|Crime
90719,J. Edgar (2011),Drama
90809,Tomboy (2011),Drama
90863,George Harrison: Living in the Material World (2011),Documentary
90866,Hugo (2011),Children|Drama|Mystery
90888,Immortals (2011),Action|Drama|Fantasy
90943,Into the Abyss (2011),Documentary
91079,Like Crazy (2011),Drama|Romance
91126,War Horse (2011),Drama|War
91233,Lifted (2006),Animation|Comedy|Sci-Fi
91266,Another Cinderella Story (2008),Children|Comedy|Musical|Romance
91273,Bunraku (2010),Action|Drama|Fantasy
91325,Extremely Loud and Incredibly Close (2011),Drama
91337,Play the Game (2009),Comedy|Romance
91386,Happy Feet Two (2011),Animation|Children|Comedy|IMAX
91414,Arthur Christmas (2011),Animation|Children|Comedy|Drama
91470,Violet & Daisy (2011),Action|Drama
91500,The Hunger Games (2012),Action|Adventure|Drama|Sci-Fi|Thriller
91542,Sherlock Holmes: A Game of Shadows (2011),Action|Adventure|Comedy|Crime|Mystery|Thriller
91571,Coriolanus (2011),Drama|Thriller
91622,Young Adult (2011),Comedy|Drama
91628,New Year's Eve (2011),Comedy|Romance
91653,We Bought a Zoo (2011),Comedy|Drama
91666,Last Holiday (1950),Comedy|Drama|Romance
91688,Salvation Boulevard (2011),Comedy|Thriller
91690,Friends with Kids (2011),Comedy
91784,Girl Walks Into a Bar (2011),Comedy|Drama|Fantasy
91842,Contraband (2012),Action|Crime|Drama|Thriller
91869,Being Elmo: A Puppeteer's Journey (2011),Documentary
91873,Joyful Noise (2012),Comedy|Musical
91974,Underworld: Awakening (2012),Action|Fantasy|Horror|IMAX
91978,Man on a Ledge (2012),Crime|Thriller
92008,Haywire (2011),Action|Thriller
92192,Apollo 18 (2011),Horror|Sci-Fi|Thriller
92198,Seeking Justice (2011),Action|Drama|Thriller
92234,Red Tails (2012),Action|Adventure|Drama|War
92259,Intouchables (2011),Comedy|Drama
92264,One for the Money (2012),Action|Comedy|Crime
92391,Grave Encounters (2011),Horror
92420,Chronicle (2012),Action|Sci-Fi|Thriller
92507,Safe House (2012),Action|Crime|Mystery|Thriller
92643,Monsieur Lazhar (2011),Children|Comedy|Drama
92674,Janie Jones (2010),Drama|Musical
92681,Journey 2: The Mysterious Island (2012),Action|Adventure|Comedy|Sci-Fi|IMAX
92694,Perfect Sense (2011),Drama|Romance|Sci-Fi
92938,Ghost Rider: Spirit of Vengeance (2012),Action|Fantasy|Thriller
92954,Prayers for Bobby (2009),Drama
93022,Miss Nobody (2010),Comedy|Crime
93193,Red Hill (2010),Crime|Thriller|Western
93242,Gone (2012),Drama|Thriller
93270,Project X (2012),Comedy
93297,Act of Valor (2012),Action|Thriller|War
93326,This Means War (2012),Action|Comedy|Romance
93363,John Carter (2012),Action|Adventure|Sci-Fi|IMAX
93443,Goon (2011),Comedy|Drama
93510,21 Jump Street (2012),Action|Comedy|Crime
93563,Lockout (2012),Action|Sci-Fi|Thriller
93610,Space Battleship Yamato (2010),Action|Adventure|Drama
93723,Damsels in Distress (2011),Comedy|Romance
93740,Salmon Fishing in the Yemen (2011),Comedy|Drama|Romance
93766,Wrath of the Titans (2012),Action|Adventure|Fantasy|IMAX
93790,Detachment (2011),Drama
93805,Iron Sky (2012),Action|Comedy|Sci-Fi
93819,Absentia (2011),Horror
93855,God Bless America (2011),Comedy|Drama
94015,Mirror Mirror (2012),Adventure|Comedy|Fantasy
94018,Battleship (2012),Action|Sci-Fi|Thriller|IMAX
94150,Hysteria (2011),Comedy|Romance
94323,Think Like a Man (2012),Comedy
94478,Dark Shadows (2012),Comedy|Horror|IMAX
94494,96 Minutes (2011) ,Drama|Thriller
94661,Rocket Singh: Salesman of the Year (2009),Comedy|Drama
94780,Snow White and the Huntsman (2012),Action|Adventure|Drama
94864,Prometheus (2012),Action|Horror|Sci-Fi|IMAX
94896,Bernie (2011),Comedy|Crime|Drama
94919,Inhale (2010),Drama|Thriller
94931,Take This Waltz (2011),Drama|Romance
94959,Moonrise Kingdom (2012),Comedy|Drama|Romance
94985,Get the Gringo (2012),Action|Crime|Drama|Thriller
95088,Safety Not Guaranteed (2012),Comedy|Drama
95105,Madagascar 3: Europe's Most Wanted (2012),Adventure|Animation|Children|Comedy|IMAX
95149,Superman/Batman: Public Enemies (2009),Action|Animation|Fantasy
95167,Brave (2012),Action|Adventure|Animation|Children
95170,Beauty and the Beast: The Enchanted Christmas (1997),Animation|Children|Fantasy|Musical
95193,Pocahontas II: Journey to a New World (1998) ,Adventure|Animation|Children
95201,To Rome with Love (2012),Comedy
95207,Abraham Lincoln: Vampire Hunter (2012),Action|Fantasy|Horror|Thriller
95307,Rock of Ages (2012),Comedy|Drama|Musical|IMAX
95309,Seeking a Friend for the End of the World (2012),Comedy|Drama|Romance
95311,Presto (2008),Animation|Children|Comedy|Fantasy
95313,Jack-Jack Attack (2005),Adventure|Animation|Children|Comedy
95441,Ted (2012),Comedy|Fantasy
95449,Magic Mike (2012),Drama|Romance
95508,Cleanskin (2012),Crime|Drama|Thriller
95558,Beasts of the Southern Wild (2012),Drama|Fantasy
95583,Savages (2012),Crime|Drama|Thriller
95654,Geri's Game (1997),Animation|Children
95761,Killer Joe (2011),Crime|Thriller
95843,Goodbye Charlie (1964),Comedy|Fantasy|Romance
95858,For the Birds (2000),Animation|Children|Comedy
95873,Ruby Sparks (2012),Comedy|Fantasy|Romance
95875,Total Recall (2012),Action|Sci-Fi|Thriller
96114,Brake (2012),Crime|Thriller
96121,Hope Springs (2012),Comedy|Drama
96281,ParaNorman (2012),Adventure|Animation|Comedy
96283,Diary of a Wimpy Kid: Dog Days (2012),Children|Comedy
96417,Premium Rush (2012),Action|Thriller
96432,Lawless (2012),Crime|Drama
96588,Pitch Perfect (2012),Comedy|Musical
96608,Runaway Brain (1995) ,Animation|Comedy|Sci-Fi
96610,Looper (2012),Action|Crime|Sci-Fi
96616,That's My Boy (2012),Comedy
96691,Resident Evil: Retribution (2012),Action|Horror|Sci-Fi|IMAX
96737,Dredd (2012),Action|Sci-Fi
96811,End of Watch (2012),Crime|Drama|Thriller
96815,V/H/S (2012),Horror|Thriller
96832,Holy Motors (2012),Drama|Fantasy|Musical|Mystery|Sci-Fi
96861,Taken 2 (2012),Action|Crime|Drama|Thriller
96917,House at the End of the Street (2012),Horror|Thriller
97172,Frankenweenie (2012),Animation|Comedy|Horror|IMAX
97188,Sinister (2012),Horror|Thriller
97225,Hotel Transylvania (2012),Animation|Children|Comedy
97304,Argo (2012),Drama|Thriller
97306,Seven Psychopaths (2012),Comedy|Crime
97701,Paranormal Activity 4 (2012),Horror|IMAX
97742,Alex Cross (2012),Action|Crime|Mystery|Thriller
97752,Cloud Atlas (2012),Drama|Sci-Fi|IMAX
97836,Here Comes the Boom (2012),Action|Comedy
97860,Killing Them Softly (2012),Crime|Drama|Thriller
97913,Wreck-It Ralph (2012),Animation|Comedy
97936,Anna Karenina (2012),Drama
97938,Life of Pi (2012),Adventure|Drama|IMAX
98122,Indie Game: The Movie (2012),Documentary
98154,Lincoln (2012),Drama|War
98175,Vamps (2012),Comedy|Horror|Romance
98296,Deadfall (2012),Crime|Drama|Thriller
98607,Redline (2009),Action|Animation|Sci-Fi
98836,Hyde Park on Hudson (2012),Comedy|Drama
98961,Zero Dark Thirty (2012),Action|Drama|Thriller
99005,Fire with Fire (2012),Action|Crime|Drama
99087,Playing for Keeps (2012),Comedy|Romance
99114,Django Unchained (2012),Action|Drama|Western
99122,I Bought a Vampire Motorcycle (1990),Comedy|Horror
99415,Parental Guidance (2012),Comedy
99437,John Dies at the End (2012),Comedy|Fantasy|Horror
99636,English Vinglish (2012),Comedy|Drama
99728,Gangster Squad (2013),Action|Crime|Drama
100159,Sightseers (2012),Comedy
100302,Upside Down (2012),Drama|Romance|Sci-Fi
100527,Safe Haven (2013),Drama|Mystery|Romance
100611,Escape from Planet Earth (2013),Adventure|Animation|Comedy|Sci-Fi
100714,Before Midnight (2013),Drama|Romance
100906,Maniac Cop 2 (1990),Action|Horror|Thriller
101076,G.I. Joe: Retaliation (2013),Action|Adventure|Sci-Fi|Thriller|IMAX
102033,Pain & Gain (2013),Action|Comedy|Crime
102084,Justice League: Doom (2012) ,Action|Animation|Fantasy
102602,Mimino (1977),Comedy
102684,Only God Forgives (2013),Drama|Thriller
102735,Captain America (1979),Action|Drama
102749,Captain America II: Death Too Soon (1979),Action|Crime
102760,Down Terrace (2009),Comedy|Crime|Drama
102880,After Earth (2013),Action|Adventure|Sci-Fi|IMAX
102903,Now You See Me (2013),Crime|Mystery|Thriller
103141,Monsters University (2013),Adventure|Animation|Comedy
103210,Fullmetal Alchemist: The Sacred Star of Milos (2011),Action|Adventure|Animation
103228,Pacific Rim (2013),Action|Adventure|Sci-Fi|IMAX
103253,Elysium (2013),Action|Drama|Sci-Fi|IMAX
103755,Turbo (2013),Adventure|Animation|Children|Comedy|Fantasy
104141,Batman: Mystery of the Batwoman (2003),Action|Animation|Children|Crime
104419,Justice League: Crisis on Two Earths (2010),Action|Animation|Sci-Fi
104457,You're Next (2011),Horror|Thriller
104760,Getaway (2013),Action|Crime
104841,Gravity (2013),Action|Sci-Fi|IMAX
104913,Rush (2013),Action|Drama
106002,Ender's Game (2013),Action|Adventure|Sci-Fi|IMAX
107630,High School (2010),Comedy
107780,Cats (1998),Musical
108795,Wonder Woman (2009),Action|Adventure|Animation|Fantasy
109416,Bring It On: Fight to the Finish (2009),Comedy
109941,Puss in Boots: The Three Diablos (2012),Animation|Comedy
110127,Noah (2014),Adventure|Drama|IMAX
113280,White Frog (2012),Drama
116169,Reign of Assassins (2010),Action
116529,Stalingrad (2013),Action|Drama|War|IMAX
116724,You Are the Apple of My Eye (2011),Comedy|Drama|Romance
116941,Jetsons: The Movie (1990),Animation|Children|Comedy|Musical|Sci-Fi
116963,Ski School (1991),Comedy
117133,Painted Skin (2008),Action|Drama|Thriller
117368,The Madagascar Penguins in a Christmas Caper (2005),Animation|Comedy
117849,La Belle Verte (1996),Comedy
117922,Ice Age: A Mammoth Christmas (2011),Adventure|Animation|Children
118512,Bring It On: In It To Win It (2007),Comedy
118894,Scooby-Doo! Abracadabra-Doo (2010),Animation|Children|Mystery
119167,Paradox (2010),Sci-Fi|Thriller
119828,A Man Called Blade (1977),Action|Drama|Thriller|Western
121007,Space Buddies (2009),Adventure|Children|Fantasy|Sci-Fi
121097,To Grandmother's House We Go (1992),Adventure|Children|Comedy
121338,Carry on Cabby (1963),Adventure|Comedy|Romance
121342,Carry on Cruising (1962),Comedy|Romance
121469,Killer Movie (2008),Comedy|Horror|Mystery|Thriller
121781,Stuart Little 3: Call of the Wild (2005),Animation|Children|Comedy|Fantasy
122092,Guy X (2005),Comedy|War
122627,Oblivion 2: Backlash (1996),Sci-Fi
123310,Tornado! (1996),Action
123545,The Blue Lagoon (1949),Drama|Romance
124484,Kenny & Company (1976),Comedy|Drama
125970,Halloweentown (1998),Adventure|Children|Comedy|Fantasy
125974,Halloweentown High (2004),Adventure|Children|Comedy|Fantasy
126088,A Flintstones Christmas Carol (1994),Animation|Children|Comedy
126921,The Fox and the Hound 2 (2006),Adventure|Animation|Children|Comedy
128197,Hard Promises (1991),Comedy|Romance
128736,I'm Here (2010),Drama
128944,"Honey, We Shrunk Ourselves (1997)",Action|Adventure|Children|Comedy|Sci-Fi
128968,Stitch! The Movie (2003),Animation|Children|Comedy
130482,Too Late for Tears (1949),Crime|Drama|Film-Noir|Mystery|Thriller
131130,Tom and Jerry: A Nutcracker Tale (2007),Animation|Comedy
132584,The Even Stevens Movie (2003),Children|Comedy
133716,Bootleggers (1961),Comedy|Crime
134041,Afonya (1975),Comedy|Drama|Romance
134334,Phir Hera Pheri (2006),Comedy
134515,BMX Bandits (1983),Adventure|Crime|Drama
134849,Duck Amuck (1953),Animation|Children|Comedy
135216,The Star Wars Holiday Special (1978),Adventure|Children|Comedy|Sci-Fi
135803,Five Element Ninjas (1982),Action
135937,The Silence of the Hams (1994),Comedy|Thriller
136355,Big Top Scooby-Doo! (2012),Animation|Children|Comedy
136503,Tom and Jerry: Shiver Me Whiskers (2006),Animation|Children|Comedy
136556,Kung Fu Panda: Secrets of the Masters (2011),Animation|Children
136850,Villain (1971),Crime|Drama|Thriller
136958,Mortuary (1983),Horror
137517,Carnival Magic (1981),Drama|Fantasy
138966,Nasu: Summer in Andalusia (2003),Animation
140038,Madly in Love (1981),Comedy
140133,Hollywood Chainsaw Hookers (1988),Comedy|Horror
141400,Invincible Shaolin (1978),Action
141830,Unbelievable Adventures of Italians in Russia (1974),Adventure|Comedy
142020,Oscar (1967),Comedy
142558,If I Were a Rich Man (2002),Comedy
142831,Garam Masala (2005),Comedy
144522,Sky High (2003),Action|Horror|Thriller
144606,Confessions of a Dangerous Mind (2002),Comedy|Crime|Drama|Romance|Thriller
145491,Our Lips Are Sealed (2000),Children|Comedy|Drama
145724,Idaho Transfer (1973),Sci-Fi
145745,Witch Hunt (1999),Crime|Drama
146244,Dil To Pagal Hai (1997),Comedy|Drama|Romance
147196,The Girls (1961),Comedy|Romance
147657,Masked Avengers (1981),Action
147662,Return of the One-Armed Swordsman (1969),Action|Adventure
148671,Saw (2003),Crime|Horror
148775,Wizards of Waverly Place: The Movie (2009),Adventure|Children|Comedy|Drama|Fantasy|Sci-Fi
148982,Devil Dog: The Hound of Hell (1978),Horror
149330,A Cosmic Christmas (1977),(no genres listed)
149508,Spellbound (2011),Comedy|Romance
151745,Reptilicus (1961),Horror|Sci-Fi
151781,Ghost in the Shell: Solid State Society (2006),Action|Animation|Crime|Sci-Fi|Thriller
152105,Dad's Army (1971),Comedy
158388,Buck Rogers in the 25th Century (1979),Sci-Fi
158721,Gen-X Cops (1999),Action|Comedy|Thriller
160341,Bloodmoon (1997),Action|Thriller
160422,The Wooden Horse (1950),Drama|War
161008,The Forbidden Dance (1990),(no genres listed)
164707,Go Figure (2005),Children|Comedy|Drama
167296,Iron Man (1931),Drama
167538,Microwave Massacre (1983),Horror
168358,Saturn 3 (1980),Sci-Fi|Thriller
169904,Guyver: Dark Hero (1994),Sci-Fi
170289,Species III (2004),Action|Horror|Sci-Fi
170297,Ultimate Avengers 2 (2006),Action|Animation|Sci-Fi
170551,The Quiet Family (1998),Comedy
170837,Life-Size (2000),Children|Comedy|Fantasy
170993,Mini's First Time (2006),Comedy|Crime|Drama
171751,Munna bhai M.B.B.S. (2003),Comedy
172215,Saved by the Bell: Hawaiian Style (1992),Comedy
172229,Plain Clothes (1988),Comedy|Mystery|Romance|Thriller
172233,The Prime Gig (2000),Drama|Romance
172253,The Night Before (1988),Comedy
172577,Last Year's Snow Was Falling (1983),Animation|Children|Comedy|Fantasy
172909,Cheburashka (1971),Animation
173873,Gulliver's Travels (1996),Adventure|Children|Fantasy
173963,Empties (2007),Comedy
181719,Serving in Silence: The Margarethe Cammermeyer Story (1995),(no genres listed)
182297,Porky in Wackyland (1938),Animation|Comedy|Fantasy
182299,Porky's Hare Hunt (1938),Animation|Children|Comedy
182731,Pixel Perfect (2004),Children|Comedy|Sci-Fi
183301,The Tale of the Bunny Picnic (1986),Children
184053,Battle Planet (2008),Action|Sci-Fi
190207,Tilt (2011),Drama|Romance
